{
  "providers": [
    {
      "type": "space",
      "advances": {
        "ခ": -1,
        "ၢ": -62,
        "ၥ": -65,
        "၅": -45,
        "႓": -93,
        " ": 3,
        " ": 4,
        " ": 5,
        "†": 20,
        "‣": 23,
        "…": 26,
        "≖": 256
      }
    },
    {
      "type": "bitmap",
      "file": "mcpaint:font/studio_ui/hsv_colour_picker/background.png",
      "height": 128,
      "ascent": -3,
      "chars": [
        "\u0001\u0002\u0003\u0004",
        "\u0005\u0006\u0000\u0000"
      ]
    },
    {
      "type": "bitmap",
      "file": "mcpaint:font/studio_ui/hsv_colour_picker/dart.png",
      "height": 8,
      "ascent": 1,
      "chars": [
        "\u0007"
      ]
    },
    {
      "type": "bitmap",
      "file": "mcpaint:font/studio_ui/hsv_colour_picker/sv_square.png",
      "height": 24,
      "ascent": -27,
      "chars": [
        "ĀāĂăĄąĆćĈĉĊċČčĎď",
        "ĐđĒēĔĕĖėĘęĚěĜĝĞğ",
        "ĠġĢģĤĥĦħĨĩĪīĬĭĮį",
        "İıĲĳĴĵĶķĸĹĺĻļĽľĿ",
        "ŀŁłŃńŅņŇňŉŊŋŌōŎŏ",
        "ŐőŒœŔŕŖŗŘřŚśŜŝŞş",
        "ŠšŢţŤťŦŧŨũŪūŬŭŮů",
        "ŰűŲųŴŵŶŷŸŹźŻżŽžſ",
        "ƀƁƂƃƄƅƆƇƈƉƊƋƌƍƎƏ",
        "ƐƑƒƓƔƕƖƗƘƙƚƛƜƝƞƟ",
        "ƠơƢƣƤƥƦƧƨƩƪƫƬƭƮƯ",
        "ưƱƲƳƴƵƶƷƸƹƺƻƼƽƾƿ",
        "ǀǁǂǃǄǅǆǇǈǉǊǋǌǍǎǏ",
        "ǐǑǒǓǔǕǖǗǘǙǚǛǜǝǞǟ",
        "ǠǡǢǣǤǥǦǧǨǩǪǫǬǭǮǯ",
        "ǰǱǲǳǴǵǶǷǸǹǺǻǼǽǾǿ"
      ]
    },
    {
      "type": "bitmap",
      "file": "mcpaint:font/studio_ui/file_menu/background.png",
      "height": 128,
      "ascent": 0,
      "chars": [
        "Ȁ"
      ]
    },
    {
      "type": "bitmap",
      "file": "mcpaint:font/studio_ui/file_menu/icons.png",
      "height": 16,
      "ascent": -9,
      "chars": [
        "ȁȂȃȄ\u0000\u0000ȇȈ",
        "ȑȒȓȔ\u0000\u0000ȗȘ"
      ]
    },
    {
      "type": "bitmap",
      "file": "mcpaint:font/studio_ui/save_as.png",
      "height": 128,
      "ascent": -3,
      "chars": [
        "̀"
      ]
    },
    {
      "type": "bitmap",
      "file": "mcpaint:font/studio_ui/file_already_exists.png",
      "height": 128,
      "ascent": -3,
      "chars": [
        "́"
      ]
    },
    {
      "type": "bitmap",
      "file": "mcpaint:font/studio_ui/new_file.png",
      "height": 128,
      "ascent": -3,
      "chars": [
        "̂"
      ]
    },
    {
      "type": "bitmap",
      "file": "mcpaint:font/studio_ui/tools/background.png",
      "height": 32,
      "ascent": 16,
      "chars": [
        "Ѐ\u0000",
        "Ё\u0000",
        "Ђ\u0000",
        "\u0000\u0000"
      ]
    },
    {
      "type": "bitmap",
      "file": "mcpaint:font/studio_ui/tools/background.png",
      "height": 32,
      "ascent": 16,
      "chars": [
        "\u0000\u0000\u0000\u0000",
        "\u0000\u0000\u0000\u0000",
        "\u0000\u0000\u0000\u0000",
        "ЃЅЄ\u0000"
      ]
    },
    {
      "type": "bitmap",
      "file": "mcpaint:font/studio_ui/tools/pen.png",
      "height": 32,
      "ascent": 5,
      "chars": [
        "АБ"
      ]
    },
    {
      "type": "bitmap",
      "file": "mcpaint:font/studio_ui/tools/eyedropper.png",
      "height": 32,
      "ascent": 5,
      "chars": [
        "РС"
      ]
    },
    {
      "type": "bitmap",
      "file": "mcpaint:font/studio_ui/tools/pen_subtools.png",
      "height": 16,
      "ascent": 9,
      "chars": [
        "ԀԁԂԃ",
        "ԄԅԆԇ",
        "ԈԉԊԋ",
        "ԌԍԎԏ"
      ]
    },
    {
      "type": "bitmap",
      "file": "mcpaint:font/studio_ui/files.png",
      "height": 128,
      "ascent": -3,
      "chars": [
        "̃"
      ]
    },
    {
      "type": "bitmap",
      "file": "mcpaint:font/studio_ui/import_code/not_ok.png",
      "height": 128,
      "ascent": -3,
      "chars": [
        "̄"
      ]
    },
    {
      "type": "bitmap",
      "file": "mcpaint:font/studio_ui/import_code/ok.png",
      "height": 128,
      "ascent": -3,
      "chars": [
        "̅"
      ]
    },
    {
      "type": "bitmap",
      "file": "mcpaint:font/studio_ui/process/background.png",
      "height": 24,
      "ascent": -13,
      "chars": [
        "̆"
      ]
    },
    {
      "type": "bitmap",
      "file": "mcpaint:font/studio_ui/process/bar.png",
      "height": 8,
      "ascent": -14,
      "chars": [
        "　\u0000\u0000\u0000\u0000\u0000\u0000\u0000",
        "、\u0000\u0000\u0000\u0000\u0000\u0000\u0000",
        "。〃〄々〆〇〈\u0000"
      ]
    },
    {
      "type": "bitmap",
      "file": "mcpaint:font/studio_ui/copy.png",
      "height": 64,
      "ascent": -3,
      "chars": [
        "̇"
      ]
    }
  ]
}