{
  "parent": "mcpaint:item/pixel_canvas/parent",
  "elements": [
    {
      "from": [
        12,
        9,
        7.45
      ],
      "to": [
        13,
        10,
        8.55
      ],
      "faces": {
        "north": {
          "uv": [
            13,
            7,
            12,
            6
          ],
          "texture": "#0",
          "tintindex": 0
        },
        "south": {
          "uv": [
            12,
            7,
            13,
            6
          ],
          "texture": "#0",
          "tintindex": 0
        }
      }
    }
  ]
}