{
  "parent": "mcpaint:item/pixel_canvas/parent",
  "elements": [
    {
      "from": [
        6,
        3,
        7.45
      ],
      "to": [
        7,
        4,
        8.55
      ],
      "faces": {
        "north": {
          "uv": [
            7,
            13,
            6,
            12
          ],
          "texture": "#0",
          "tintindex": 0
        },
        "south": {
          "uv": [
            6,
            13,
            7,
            12
          ],
          "texture": "#0",
          "tintindex": 0
        }
      }
    }
  ]
}