{
  "model": {
    "type": "minecraft:range_dispatch",
    "property": "minecraft:custom_model_data",
    "index": 0,
    "fallback": {
      "type": "minecraft:model",
      "model": "minecraft:item/carved_pumpkin"
    },
    "entries": [
      {
        "model": {
          "type": "minecraft:model",
          "model": "block/gold_crown1"
        },
        "threshold": 1
      },
      {
        "model": {
          "type": "minecraft:model",
          "model": "block/emerald_crown"
        },
        "threshold": 2
      },
      {
        "model": {
          "type": "minecraft:model",
          "model": "block/dia_crown"
        },
        "threshold": 3
      },
      {
        "model": {
          "type": "minecraft:model",
          "model": "block/iron_crown"
        },
        "threshold": 4
      },
      {
        "model": {
          "type": "minecraft:model",
          "model": "block/copper_crown"
        },
        "threshold": 5
      },
      {
        "model": {
          "type": "minecraft:model",
          "model": "block/ame_crown"
        },
        "threshold": 6
      },
      {
        "model": {
          "type": "minecraft:model",
          "model": "block/gild_crown"
        },
        "threshold": 7
      },
      {
        "model": {
          "type": "minecraft:model",
          "model": "block/netherite_crown"
        },
        "threshold": 8
      },
      {
        "model": {
          "type": "minecraft:model",
          "model": "block/obsidian_crown"
        },
        "threshold": 9
      },
      {
        "model": {
          "type": "minecraft:model",
          "model": "block/end_crown"
        },
        "threshold": 10
      },
      {
        "model": {
          "type": "minecraft:model",
          "model": "block/ruby_crown"
        },
        "threshold": 11
      },
      {
        "model": {
          "type": "minecraft:model",
          "model": "block/saph_crown"
        },
        "threshold": 12
      },
      {
        "model": {
          "type": "minecraft:model",
          "model": "block/rainbow_crown"
        },
        "threshold": 13
      },
      {
        "model": {
          "type": "minecraft:model",
          "model": "block/dino_egg"
        },
        "threshold": 14
      },
      {
        "model": {
          "type": "minecraft:model",
          "model": "block/fig1"
        },
        "threshold": 15
      },
      {
        "model": {
          "type": "minecraft:model",
          "model": "block/fig2"
        },
        "threshold": 16
      },
      {
        "model": {
          "type": "minecraft:model",
          "model": "block/fig3"
        },
        "threshold": 17
      },
      {
        "model": {
          "type": "minecraft:model",
          "model": "block/fig4"
        },
        "threshold": 18
      },
      {
        "model": {
          "type": "minecraft:model",
          "model": "block/fig1_1"
        },
        "threshold": 19
      },
      {
        "model": {
          "type": "minecraft:model",
          "model": "block/fig5"
        },
        "threshold": 20
      },
      {
        "model": {
          "type": "minecraft:model",
          "model": "block/fig6"
        },
        "threshold": 21
      },
      {
        "model": {
          "type": "minecraft:model",
          "model": "block/fig7"
        },
        "threshold": 22
      },
      {
        "model": {
          "type": "minecraft:model",
          "model": "block/fig8"
        },
        "threshold": 23
      },
      {
        "model": {
          "type": "minecraft:model",
          "model": "block/fig6_1"
        },
        "threshold": 24
      },
      {
        "model": {
          "type": "minecraft:model",
          "model": "block/fig5_1"
        },
        "threshold": 25
      },
      {
        "model": {
          "type": "minecraft:model",
          "model": "block/fig7_1"
        },
        "threshold": 26
      },
      {
        "model": {
          "type": "minecraft:model",
          "model": "block/fig7_2"
        },
        "threshold": 27
      },
      {
        "model": {
          "type": "minecraft:model",
          "model": "block/fig9"
        },
        "threshold": 28
      },
      {
        "model": {
          "type": "minecraft:model",
          "model": "block/fig10"
        },
        "threshold": 29
      },
      {
        "model": {
          "type": "minecraft:model",
          "model": "block/fig12"
        },
        "threshold": 30
      },
      {
        "model": {
          "type": "minecraft:model",
          "model": "block/etho"
        },
        "threshold": 31
      },
      {
        "model": {
          "type": "minecraft:model",
          "model": "block/vintagebeef2"
        },
        "threshold": 32
      },
      {
        "model": {
          "type": "minecraft:model",
          "model": "block/mask1"
        },
        "threshold": 33
      },
      {
        "model": {
          "type": "minecraft:model",
          "model": "block/bdubs2"
        },
        "threshold": 34
      },
      {
        "model": {
          "type": "minecraft:model",
          "model": "block/hoj_crown"
        },
        "threshold": 35
      },
      {
        "model": {
          "type": "minecraft:model",
          "model": "block/minerhat"
        },
        "threshold": 36
      },
      {
        "model": {
          "type": "minecraft:model",
          "model": "block/cowboyhat"
        },
        "threshold": 37
      },
      {
        "model": {
          "type": "minecraft:model",
          "model": "block/farmerhat"
        },
        "threshold": 38
      },
      {
        "model": {
          "type": "minecraft:model",
          "model": "block/weaponsmithhat"
        },
        "threshold": 39
      },
      {
        "model": {
          "type": "minecraft:model",
          "model": "block/technicianhat"
        },
        "threshold": 40
      },
      {
        "model": {
          "type": "minecraft:model",
          "model": "block/bandit"
        },
        "threshold": 41
      },
      {
        "model": {
          "type": "minecraft:model",
          "model": "block/explorerhat"
        },
        "threshold": 42
      },
      {
        "model": {
          "type": "minecraft:model",
          "model": "block/freshbeef"
        },
        "threshold": 43
      },
      {
        "model": {
          "type": "minecraft:model",
          "model": "block/cowboyhat2"
        },
        "threshold": 44
      },
      {
        "model": {
          "type": "minecraft:model",
          "model": "block/texturegrumbot"
        },
        "threshold": 45
      },
      {
        "model": {
          "type": "minecraft:model",
          "model": "item/archivist_monocle"
        },
        "threshold": 46
      },
      {
        "model": {
          "type": "minecraft:model",
          "model": "block/axe_hat"
        },
        "threshold": 47
      },
      {
        "model": {
          "type": "minecraft:model",
          "model": "block/axolotl_blue_hat"
        },
        "threshold": 48
      },
      {
        "model": {
          "type": "minecraft:model",
          "model": "block/axolotl_cyan_hat"
        },
        "threshold": 49
      },
      {
        "model": {
          "type": "minecraft:model",
          "model": "block/axolotl_gold_hat"
        },
        "threshold": 50
      },
      {
        "model": {
          "type": "minecraft:model",
          "model": "block/axolotl_pink_hat"
        },
        "threshold": 51
      },
      {
        "model": {
          "type": "minecraft:model",
          "model": "block/axolotl_tinted"
        },
        "threshold": 52
      },
      {
        "model": {
          "type": "minecraft:model",
          "model": "block/axolotl_wild_hat"
        },
        "threshold": 53
      },
      {
        "model": {
          "type": "minecraft:model",
          "model": "item/banana"
        },
        "threshold": 54
      },
      {
        "model": {
          "type": "minecraft:model",
          "model": "block/bear_hat"
        },
        "threshold": 55
      },
      {
        "model": {
          "type": "minecraft:model",
          "model": "block/beret_red"
        },
        "threshold": 56
      },
      {
        "model": {
          "type": "minecraft:model",
          "model": "item/bow_tracks_amethyst"
        },
        "threshold": 57
      },
      {
        "model": {
          "type": "minecraft:model",
          "model": "block/cap"
        },
        "threshold": 58
      },
      {
        "model": {
          "type": "minecraft:model",
          "model": "block/capitaine_hat"
        },
        "threshold": 59
      },
      {
        "model": {
          "type": "minecraft:model",
          "model": "block/carrot_hat"
        },
        "threshold": 60
      },
      {
        "model": {
          "type": "minecraft:model",
          "model": "block/cart_hat"
        },
        "threshold": 61
      },
      {
        "model": {
          "type": "minecraft:model",
          "model": "block/carved_pumpkin"
        },
        "threshold": 62
      },
      {
        "model": {
          "type": "minecraft:model",
          "model": "block/cat_headphone"
        },
        "threshold": 63
      },
      {
        "model": {
          "type": "minecraft:model",
          "model": "block/cat_headphone_tint"
        },
        "threshold": 64
      },
      {
        "model": {
          "type": "minecraft:model",
          "model": "block/cauldron_hat"
        },
        "threshold": 65
      },
      {
        "model": {
          "type": "minecraft:model",
          "model": "block/cauldron_hat_tinted"
        },
        "threshold": 66
      },
      {
        "model": {
          "type": "minecraft:model",
          "model": "block/chocolate_easter_egg"
        },
        "threshold": 67
      },
      {
        "model": {
          "type": "minecraft:model",
          "model": "block/chocolate_easter_egg_side_rubon"
        },
        "threshold": 68
      },
      {
        "model": {
          "type": "minecraft:model",
          "model": "item/coconut"
        },
        "threshold": 69
      },
      {
        "model": {
          "type": "minecraft:model",
          "model": "block/coconut_hat"
        },
        "threshold": 70
      },
      {
        "model": {
          "type": "minecraft:model",
          "model": "item/coin"
        },
        "threshold": 71
      },
      {
        "model": {
          "type": "minecraft:model",
          "model": "item/cone"
        },
        "threshold": 72
      },
      {
        "model": {
          "type": "minecraft:model",
          "model": "block/cool_duck_hat"
        },
        "threshold": 73
      },
      {
        "model": {
          "type": "minecraft:model",
          "model": "block/copper_ingot"
        },
        "threshold": 74
      },
      {
        "model": {
          "type": "minecraft:model",
          "model": "item/copper_wrench"
        },
        "threshold": 75
      },
      {
        "model": {
          "type": "minecraft:model",
          "model": "block/crab_hat"
        },
        "threshold": 76
      },
      {
        "model": {
          "type": "minecraft:model",
          "model": "block/deer_horn"
        },
        "threshold": 77
      },
      {
        "model": {
          "type": "minecraft:model",
          "model": "block/deer_horn_tinted"
        },
        "threshold": 78
      },
      {
        "model": {
          "type": "minecraft:model",
          "model": "block/easter_box"
        },
        "threshold": 79
      },
      {
        "model": {
          "type": "minecraft:model",
          "model": "block/easter_box_tinted"
        },
        "threshold": 80
      },
      {
        "model": {
          "type": "minecraft:model",
          "model": "block/farmer_hat"
        },
        "threshold": 81
      },
      {
        "model": {
          "type": "minecraft:model",
          "model": "block/farmer_hat_tint"
        },
        "threshold": 82
      },
      {
        "model": {
          "type": "minecraft:model",
          "model": "item/fig4_1"
        },
        "threshold": 83
      },
      {
        "model": {
          "type": "minecraft:model",
          "model": "block/flower_hat"
        },
        "threshold": 84
      },
      {
        "model": {
          "type": "minecraft:model",
          "model": "block/ghost_hat"
        },
        "threshold": 85
      },
      {
        "model": {
          "type": "minecraft:model",
          "model": "block/ghost_hat_tinted"
        },
        "threshold": 86
      },
      {
        "model": {
          "type": "minecraft:model",
          "model": "block/gift_hat"
        },
        "threshold": 87
      },
      {
        "model": {
          "type": "minecraft:model",
          "model": "block/gift_hat_tint"
        },
        "threshold": 88
      },
      {
        "model": {
          "type": "minecraft:model",
          "model": "block/golden_easter_egg"
        },
        "threshold": 89
      },
      {
        "model": {
          "type": "minecraft:model",
          "model": "block/golden_easter_egg_side_rubon"
        },
        "threshold": 90
      },
      {
        "model": {
          "type": "minecraft:model",
          "model": "item/heart"
        },
        "threshold": 91
      },
      {
        "model": {
          "type": "minecraft:model",
          "model": "block/heart_glasses"
        },
        "threshold": 92
      },
      {
        "model": {
          "type": "minecraft:model",
          "model": "block/ice_cream_cone_hat"
        },
        "threshold": 93
      },
      {
        "model": {
          "type": "minecraft:model",
          "model": "block/lawyer_hat"
        },
        "threshold": 94
      },
      {
        "model": {
          "type": "minecraft:model",
          "model": "block/lawyer_hat_tint"
        },
        "threshold": 95
      },
      {
        "model": {
          "type": "minecraft:model",
          "model": "item/leather_horse_armor"
        },
        "threshold": 96
      },
      {
        "model": {
          "type": "minecraft:model",
          "model": "block/life_buoy_hat"
        },
        "threshold": 97
      },
      {
        "model": {
          "type": "minecraft:model",
          "model": "item/love_cookie"
        },
        "threshold": 98
      },
      {
        "model": {
          "type": "minecraft:model",
          "model": "block/love_glasses"
        },
        "threshold": 99
      },
      {
        "model": {
          "type": "minecraft:model",
          "model": "item/love_picaxe"
        },
        "threshold": 100
      },
      {
        "model": {
          "type": "minecraft:model",
          "model": "block/mushroom_hat"
        },
        "threshold": 101
      },
      {
        "model": {
          "type": "minecraft:model",
          "model": "block/mushroom_hat_tinted"
        },
        "threshold": 102
      },
      {
        "model": {
          "type": "minecraft:model",
          "model": "item/music_disc_scorched"
        },
        "threshold": 103
      },
      {
        "model": {
          "type": "minecraft:model",
          "model": "block/netherhub"
        },
        "threshold": 104
      },
      {
        "model": {
          "type": "minecraft:model",
          "model": "block/netherhub1"
        },
        "threshold": 105
      },
      {
        "model": {
          "type": "minecraft:model",
          "model": "item/netherite_axe_tracks_amethyst"
        },
        "threshold": 106
      },
      {
        "model": {
          "type": "minecraft:model",
          "model": "item/netherite_axe_tracks_copper"
        },
        "threshold": 107
      },
      {
        "model": {
          "type": "minecraft:model",
          "model": "item/netherite_axe_tracks_diamond"
        },
        "threshold": 108
      },
      {
        "model": {
          "type": "minecraft:model",
          "model": "item/netherite_axe_tracks_emerald"
        },
        "threshold": 109
      },
      {
        "model": {
          "type": "minecraft:model",
          "model": "item/netherite_axe_tracks_gold"
        },
        "threshold": 110
      },
      {
        "model": {
          "type": "minecraft:model",
          "model": "item/netherite_axe_tracks_lapis"
        },
        "threshold": 111
      },
      {
        "model": {
          "type": "minecraft:model",
          "model": "item/netherite_axe_tracks_quartz"
        },
        "threshold": 112
      },
      {
        "model": {
          "type": "minecraft:model",
          "model": "item/netherite_axe_tracks_redstone"
        },
        "threshold": 113
      },
      {
        "model": {
          "type": "minecraft:model",
          "model": "item/netherite_pickaxe_tracks_amethyst"
        },
        "threshold": 114
      },
      {
        "model": {
          "type": "minecraft:model",
          "model": "item/netherite_pickaxe_tracks_copper"
        },
        "threshold": 115
      },
      {
        "model": {
          "type": "minecraft:model",
          "model": "item/netherite_pickaxe_tracks_diamond"
        },
        "threshold": 116
      },
      {
        "model": {
          "type": "minecraft:model",
          "model": "item/netherite_pickaxe_tracks_emerald"
        },
        "threshold": 117
      },
      {
        "model": {
          "type": "minecraft:model",
          "model": "item/netherite_pickaxe_tracks_gold"
        },
        "threshold": 118
      },
      {
        "model": {
          "type": "minecraft:model",
          "model": "item/netherite_pickaxe_tracks_lapis"
        },
        "threshold": 119
      },
      {
        "model": {
          "type": "minecraft:model",
          "model": "item/netherite_pickaxe_tracks_quartz"
        },
        "threshold": 120
      },
      {
        "model": {
          "type": "minecraft:model",
          "model": "item/netherite_pickaxe_tracks_redstone"
        },
        "threshold": 121
      },
      {
        "model": {
          "type": "minecraft:model",
          "model": "item/netherite_sword_tracks_amethyst"
        },
        "threshold": 122
      },
      {
        "model": {
          "type": "minecraft:model",
          "model": "item/netherite_sword_tracks_copper"
        },
        "threshold": 123
      },
      {
        "model": {
          "type": "minecraft:model",
          "model": "item/netherite_sword_tracks_diamond"
        },
        "threshold": 124
      },
      {
        "model": {
          "type": "minecraft:model",
          "model": "item/netherite_sword_tracks_emerald"
        },
        "threshold": 125
      },
      {
        "model": {
          "type": "minecraft:model",
          "model": "item/netherite_sword_tracks_gold"
        },
        "threshold": 126
      },
      {
        "model": {
          "type": "minecraft:model",
          "model": "item/netherite_sword_tracks_lapis"
        },
        "threshold": 127
      },
      {
        "model": {
          "type": "minecraft:model",
          "model": "item/netherite_sword_tracks_quartz"
        },
        "threshold": 128
      },
      {
        "model": {
          "type": "minecraft:model",
          "model": "item/netherite_sword_tracks_redstone"
        },
        "threshold": 129
      },
      {
        "model": {
          "type": "minecraft:model",
          "model": "block/octopus_hat"
        },
        "threshold": 130
      },
      {
        "model": {
          "type": "minecraft:model",
          "model": "block/panda_hat"
        },
        "threshold": 131
      },
      {
        "model": {
          "type": "minecraft:model",
          "model": "item/pineapple"
        },
        "threshold": 132
      },
      {
        "model": {
          "type": "minecraft:model",
          "model": "block/pirate_hat"
        },
        "threshold": 133
      },
      {
        "model": {
          "type": "minecraft:model",
          "model": "block/pirate_hat_tint"
        },
        "threshold": 134
      },
      {
        "model": {
          "type": "minecraft:model",
          "model": "item/pizza"
        },
        "threshold": 135
      },
      {
        "model": {
          "type": "minecraft:model",
          "model": "block/plushiegrian"
        },
        "threshold": 136
      },
      {
        "model": {
          "type": "minecraft:model",
          "model": "block/plushiejellie"
        },
        "threshold": 137
      },
      {
        "model": {
          "type": "minecraft:model",
          "model": "block/pumpkin_hat"
        },
        "threshold": 138
      },
      {
        "model": {
          "type": "minecraft:model",
          "model": "block/rabbit_hat_tint"
        },
        "threshold": 139
      },
      {
        "model": {
          "type": "minecraft:model",
          "model": "block/rabbit_headphone_tint"
        },
        "threshold": 140
      },
      {
        "model": {
          "type": "minecraft:model",
          "model": "block/rgb_headphone"
        },
        "threshold": 141
      },
      {
        "model": {
          "type": "minecraft:model",
          "model": "block/rgb_headphone_tint"
        },
        "threshold": 142
      },
      {
        "model": {
          "type": "minecraft:model",
          "model": "block/rgb_ruban_hat_red"
        },
        "threshold": 143
      },
      {
        "model": {
          "type": "minecraft:model",
          "model": "block/ruban_hat_tint"
        },
        "threshold": 144
      },
      {
        "model": {
          "type": "minecraft:model",
          "model": "block/sailor_hat"
        },
        "threshold": 145
      },
      {
        "model": {
          "type": "minecraft:model",
          "model": "block/sailor_hat_tinted"
        },
        "threshold": 146
      },
      {
        "model": {
          "type": "minecraft:model",
          "model": "block/santa_elf_hat"
        },
        "threshold": 147
      },
      {
        "model": {
          "type": "minecraft:model",
          "model": "block/santa_elf_hat_tint"
        },
        "threshold": 148
      },
      {
        "model": {
          "type": "minecraft:model",
          "model": "block/santa_hat"
        },
        "threshold": 149
      },
      {
        "model": {
          "type": "minecraft:model",
          "model": "block/shark_fin_hat"
        },
        "threshold": 150
      },
      {
        "model": {
          "type": "minecraft:model",
          "model": "block/snorkel_hat"
        },
        "threshold": 151
      },
      {
        "model": {
          "type": "minecraft:model",
          "model": "block/sombrero_tint"
        },
        "threshold": 152
      },
      {
        "model": {
          "type": "minecraft:model",
          "model": "block/teddy"
        },
        "threshold": 153
      },
      {
        "model": {
          "type": "minecraft:model",
          "model": "block/tiki_mask_hat"
        },
        "threshold": 154
      },
      {
        "model": {
          "type": "minecraft:model",
          "model": "block/tinted_easter_egg_gold_rubon"
        },
        "threshold": 155
      },
      {
        "model": {
          "type": "minecraft:model",
          "model": "block/tinted_easter_egg_red_rubon"
        },
        "threshold": 156
      },
      {
        "model": {
          "type": "minecraft:model",
          "model": "item/titanium_skull"
        },
        "threshold": 157
      },
      {
        "model": {
          "type": "minecraft:model",
          "model": "block/top_hat_tint"
        },
        "threshold": 158
      },
      {
        "model": {
          "type": "minecraft:model",
          "model": "block/tropical_hat"
        },
        "threshold": 159
      },
      {
        "model": {
          "type": "minecraft:model",
          "model": "item/waterballoon_blue"
        },
        "threshold": 160
      },
      {
        "model": {
          "type": "minecraft:model",
          "model": "item/waterballoon_pink"
        },
        "threshold": 161
      },
      {
        "model": {
          "type": "minecraft:model",
          "model": "item/waterballoon_yellow"
        },
        "threshold": 162
      },
      {
        "model": {
          "type": "minecraft:model",
          "model": "block/witch_hat_tinted"
        },
        "threshold": 163
      },
      {
        "model": {
          "type": "minecraft:model",
          "model": "block/wool_cap_hat_tint"
        },
        "threshold": 164
      },
      {
        "model": {
          "type": "minecraft:model",
          "model": "block/rudolph_hat"
        },
        "threshold": 165
      },
      {
        "model": {
          "type": "minecraft:model",
          "model": "block/santa_hat"
        },
        "threshold": 166
      },
      {
        "model": {
          "type": "minecraft:model",
          "model": "block/christmas_hat"
        },
        "threshold": 167
      },
      {
        "model": {
          "type": "minecraft:model",
          "model": "block/christmas_top_hat"
        },
        "threshold": 168
      },
      {
        "model": {
          "type": "minecraft:model",
          "model": "block/elf_hat"
        },
        "threshold": 169
      },
      {
        "model": {
          "type": "minecraft:model",
          "model": "block/frosty_the_snowman_hat"
        },
        "threshold": 170
      },
      {
        "model": {
          "type": "minecraft:model",
          "model": "block/gingerbread_hat"
        },
        "threshold": 171
      },
      {
        "model": {
          "type": "minecraft:model",
          "model": "block/grinch_hat"
        },
        "threshold": 172
      },
      {
        "model": {
          "type": "minecraft:model",
          "model": "block/nutcracker_hat"
        },
        "threshold": 173
      },
      {
        "model": {
          "type": "minecraft:model",
          "model": "block/present_hat"
        },
        "threshold": 174
      },
      {
        "model": {
          "type": "minecraft:model",
          "model": "block/beanie_scarf_hat"
        },
        "threshold": 175
      },
      {
        "model": {
          "type": "minecraft:model",
          "model": "block/ice_shard_crown_hat"
        },
        "threshold": 176
      },
      {
        "model": {
          "type": "minecraft:model",
          "model": "block/penguin_hat"
        },
        "threshold": 177
      },
      {
        "model": {
          "type": "minecraft:model",
          "model": "block/polar_bear_hat"
        },
        "threshold": 178
      },
      {
        "model": {
          "type": "minecraft:model",
          "model": "block/raccoon_hat"
        },
        "threshold": 179
      },
      {
        "model": {
          "type": "minecraft:model",
          "model": "block/red_beanie_hat"
        },
        "threshold": 180
      },
      {
        "model": {
          "type": "minecraft:model",
          "model": "block/tundra_explorer_hat"
        },
        "threshold": 181
      },
      {
        "model": {
          "type": "minecraft:model",
          "model": "block/winter_beanie_hat"
        },
        "threshold": 182
      },
      {
        "model": {
          "type": "minecraft:model",
          "model": "block/winter_earmuffs_hat"
        },
        "threshold": 183
      },
      {
        "model": {
          "type": "minecraft:model",
          "model": "block/yeti_hat"
        },
        "threshold": 184
      }
    ]
  }
}