{
	"credit": "This is {{USER_NAME}} copy!",
	"texture_size": [64, 64],
	"textures": {
		"0": "block/coconut_hat_texture",
		"particle": "block/coconut_hat_texture"
	},
	"elements": [
		{
			"from": [9, 4, 2.9],
			"to": [12, 7, 2.9],
			"rotation": {"angle": 0, "axis": "y", "origin": [3, -1, -7.1]},
			"faces": {
				"north": {"uv": [6.25, 11.25, 7, 12], "texture": "#0"},
				"east": {"uv": [2.5, 8.25, 2.5, 9], "texture": "#0"},
				"south": {"uv": [11.25, 8.75, 12, 9.5], "texture": "#0"},
				"west": {"uv": [6, 8.25, 6, 9], "texture": "#0"},
				"up": {"uv": [4.5, 11, 3.75, 11], "texture": "#0"},
				"down": {"uv": [12, 10.75, 11.25, 10.75], "texture": "#0"}
			}
		},
		{
			"from": [4, 4, 2.9],
			"to": [7, 7, 2.9],
			"rotation": {"angle": 0, "axis": "y", "origin": [13, -1, -7.1]},
			"faces": {
				"north": {"uv": [11.25, 8.75, 12, 9.5], "texture": "#0"},
				"east": {"uv": [8.5, 2.75, 8.5, 3.5], "texture": "#0"},
				"south": {"uv": [11.25, 8.75, 12, 9.5], "texture": "#0"},
				"west": {"uv": [8.5, 3.75, 8.5, 4.5], "texture": "#0"},
				"up": {"uv": [12.75, 7, 12, 7], "texture": "#0"},
				"down": {"uv": [12.75, 7.25, 12, 7.25], "texture": "#0"}
			}
		},
		{
			"from": [6, 0, 2.9],
			"to": [10, 3, 2.9],
			"rotation": {"angle": 0, "axis": "y", "origin": [15.5, -5, -7.1]},
			"faces": {
				"north": {"uv": [0, 11, 1, 11.75], "texture": "#0"},
				"east": {"uv": [2.5, 9.25, 2.5, 10], "texture": "#0"},
				"south": {"uv": [0, 11, 1, 11.75], "texture": "#0"},
				"west": {"uv": [6, 9.25, 6, 10], "texture": "#0"},
				"up": {"uv": [13, 7.5, 12, 7.5], "texture": "#0"},
				"down": {"uv": [13.25, 7.75, 12.25, 7.75], "texture": "#0"}
			}
		},
		{
			"from": [6, 8, 8],
			"to": [7, 16, 8],
			"rotation": {"angle": 22.5, "axis": "z", "origin": [6, 10, 8]},
			"faces": {
				"north": {"uv": [9.25, 11.75, 9.5, 13.75], "texture": "#0"},
				"east": {"uv": [2.25, 12, 2.25, 14], "texture": "#0"},
				"south": {"uv": [9.75, 11.75, 10, 13.75], "texture": "#0"},
				"west": {"uv": [5.25, 12, 5.25, 14], "texture": "#0"},
				"up": {"uv": [5, 11, 4.75, 11], "texture": "#0"},
				"down": {"uv": [6.5, 12.25, 6.25, 12.25], "texture": "#0"}
			}
		},
		{
			"from": [2.5, 14, 4],
			"to": [10.5, 14, 12],
			"rotation": {"angle": 22.5, "axis": "z", "origin": [6, 10, 8]},
			"faces": {
				"north": {"uv": [12.25, 8, 14.25, 8], "texture": "#0"},
				"east": {"uv": [12.25, 8.25, 14.25, 8.25], "texture": "#0"},
				"south": {"uv": [12.25, 8.5, 14.25, 8.5], "texture": "#0"},
				"west": {"uv": [12.25, 8.75, 14.25, 8.75], "texture": "#0"},
				"up": {"uv": [4.75, 7.5, 2.75, 5.5], "texture": "#0"},
				"down": {"uv": [4.75, 5.5, 2.75, 7.5], "texture": "#0"}
			}
		},
		{
			"from": [9, 7, 6],
			"to": [10, 16, 7],
			"rotation": {"angle": -45, "axis": "z", "origin": [10, 10, 6]},
			"faces": {
				"north": {"uv": [7.25, 11.25, 7.5, 13.5], "texture": "#0"},
				"east": {"uv": [7.75, 11.75, 8, 14], "texture": "#0"},
				"south": {"uv": [8.25, 11.75, 8.5, 14], "texture": "#0"},
				"west": {"uv": [8.75, 11.75, 9, 14], "texture": "#0"},
				"up": {"uv": [8.25, 10.75, 8, 10.5], "texture": "#0"},
				"down": {"uv": [11, 2.25, 10.75, 2.5], "texture": "#0"}
			}
		},
		{
			"from": [10, 15, 6],
			"to": [12, 16, 7],
			"rotation": {"angle": -45, "axis": "z", "origin": [10, 10, 6]},
			"faces": {
				"north": {"uv": [5.5, 5, 6, 5.25], "texture": "#0"},
				"east": {"uv": [12, 6, 12.25, 6.25], "texture": "#0"},
				"south": {"uv": [4, 7.75, 4.5, 8], "texture": "#0"},
				"west": {"uv": [12, 6.5, 12.25, 6.75], "texture": "#0"},
				"up": {"uv": [8.25, 4.75, 7.75, 4.5], "texture": "#0"},
				"down": {"uv": [5.75, 10, 5.25, 10.25], "texture": "#0"}
			}
		},
		{
			"from": [-1, -1, 8],
			"to": [3, 9, 8],
			"rotation": {"angle": 0, "axis": "y", "origin": [-7, -1, 3]},
			"faces": {
				"north": {"uv": [5, 5.5, 6, 8], "texture": "#0"},
				"east": {"uv": [6.75, 12.25, 6.75, 14.75], "texture": "#0"},
				"south": {"uv": [6.25, 5, 7.25, 7.5], "texture": "#0"},
				"west": {"uv": [7, 12.25, 7, 14.75], "texture": "#0"},
				"up": {"uv": [13.25, 9, 12.25, 9], "texture": "#0"},
				"down": {"uv": [13.25, 9.25, 12.25, 9.25], "texture": "#0"}
			}
		},
		{
			"from": [-1, -1, 8],
			"to": [3, 9, 8],
			"rotation": {"angle": -45, "axis": "y", "origin": [3, 4, 8]},
			"faces": {
				"north": {"uv": [7.5, 5, 8.5, 7.5], "texture": "#0"},
				"east": {"uv": [6.25, 12.5, 6.25, 15], "texture": "#0"},
				"south": {"uv": [2.75, 7.75, 3.75, 10.25], "texture": "#0"},
				"west": {"uv": [6.5, 12.5, 6.5, 15], "texture": "#0"},
				"up": {"uv": [13.25, 9.5, 12.25, 9.5], "texture": "#0"},
				"down": {"uv": [13.25, 9.75, 12.25, 9.75], "texture": "#0"}
			}
		},
		{
			"from": [-1, -1, 8],
			"to": [3, 9, 8],
			"rotation": {"angle": 45, "axis": "y", "origin": [3, 4, 8]},
			"faces": {
				"north": {"uv": [6.25, 7.75, 7.25, 10.25], "texture": "#0"},
				"east": {"uv": [10.25, 12.5, 10.25, 15], "texture": "#0"},
				"south": {"uv": [7.5, 7.75, 8.5, 10.25], "texture": "#0"},
				"west": {"uv": [10.5, 12.5, 10.5, 15], "texture": "#0"},
				"up": {"uv": [13.25, 10, 12.25, 10], "texture": "#0"},
				"down": {"uv": [13.25, 10.25, 12.25, 10.25], "texture": "#0"}
			}
		},
		{
			"from": [8, -1, 13],
			"to": [8, 9, 17],
			"rotation": {"angle": 0, "axis": "y", "origin": [3, -1, 23]},
			"faces": {
				"north": {"uv": [6.75, 12.25, 6.75, 14.75], "texture": "#0"},
				"east": {"uv": [6.25, 5, 7.25, 7.5], "texture": "#0"},
				"south": {"uv": [7, 12.25, 7, 14.75], "texture": "#0"},
				"west": {"uv": [5, 5.5, 6, 8], "texture": "#0"},
				"up": {"uv": [13.25, 9, 12.25, 9], "rotation": 270, "texture": "#0"},
				"down": {"uv": [13.25, 9.25, 12.25, 9.25], "rotation": 90, "texture": "#0"}
			}
		},
		{
			"from": [8, -1, 13],
			"to": [8, 9, 17],
			"rotation": {"angle": -45, "axis": "y", "origin": [8, 4, 13]},
			"faces": {
				"north": {"uv": [6.25, 12.5, 6.25, 15], "texture": "#0"},
				"east": {"uv": [2.75, 7.75, 3.75, 10.25], "texture": "#0"},
				"south": {"uv": [6.5, 12.5, 6.5, 15], "texture": "#0"},
				"west": {"uv": [7.5, 5, 8.5, 7.5], "texture": "#0"},
				"up": {"uv": [13.25, 9.5, 12.25, 9.5], "rotation": 270, "texture": "#0"},
				"down": {"uv": [13.25, 9.75, 12.25, 9.75], "rotation": 90, "texture": "#0"}
			}
		},
		{
			"from": [8, -1, 13],
			"to": [8, 9, 17],
			"rotation": {"angle": 45, "axis": "y", "origin": [8, 4, 13]},
			"faces": {
				"north": {"uv": [10.25, 12.5, 10.25, 15], "texture": "#0"},
				"east": {"uv": [7.5, 7.75, 8.5, 10.25], "texture": "#0"},
				"south": {"uv": [10.5, 12.5, 10.5, 15], "texture": "#0"},
				"west": {"uv": [6.25, 7.75, 7.25, 10.25], "texture": "#0"},
				"up": {"uv": [13.25, 10, 12.25, 10], "rotation": 270, "texture": "#0"},
				"down": {"uv": [13.25, 10.25, 12.25, 10.25], "rotation": 90, "texture": "#0"}
			}
		},
		{
			"from": [13, -1, 8],
			"to": [17, 9, 8],
			"rotation": {"angle": 0, "axis": "y", "origin": [23, -1, 3]},
			"faces": {
				"north": {"uv": [6, 5.5, 5, 8], "texture": "#0"},
				"east": {"uv": [7, 12.25, 7, 14.75], "texture": "#0"},
				"south": {"uv": [7.25, 5, 6.25, 7.5], "texture": "#0"},
				"west": {"uv": [6.75, 12.25, 6.75, 14.75], "texture": "#0"},
				"up": {"uv": [12.25, 9, 13.25, 9], "texture": "#0"},
				"down": {"uv": [12.25, 9.25, 13.25, 9.25], "texture": "#0"}
			}
		},
		{
			"from": [13, -1, 8],
			"to": [17, 9, 8],
			"rotation": {"angle": 45, "axis": "y", "origin": [13, 4, 8]},
			"faces": {
				"north": {"uv": [8.5, 5, 7.5, 7.5], "texture": "#0"},
				"east": {"uv": [6.5, 12.5, 6.5, 15], "texture": "#0"},
				"south": {"uv": [3.75, 7.75, 2.75, 10.25], "texture": "#0"},
				"west": {"uv": [6.25, 12.5, 6.25, 15], "texture": "#0"},
				"up": {"uv": [12.25, 9.5, 13.25, 9.5], "texture": "#0"},
				"down": {"uv": [12.25, 9.75, 13.25, 9.75], "texture": "#0"}
			}
		},
		{
			"from": [13, -1, 8],
			"to": [17, 9, 8],
			"rotation": {"angle": -45, "axis": "y", "origin": [13, 4, 8]},
			"faces": {
				"north": {"uv": [7.25, 7.75, 6.25, 10.25], "texture": "#0"},
				"east": {"uv": [10.5, 12.5, 10.5, 15], "texture": "#0"},
				"south": {"uv": [8.5, 7.75, 7.5, 10.25], "texture": "#0"},
				"west": {"uv": [10.25, 12.5, 10.25, 15], "texture": "#0"},
				"up": {"uv": [12.25, 10, 13.25, 10], "texture": "#0"},
				"down": {"uv": [12.25, 10.25, 13.25, 10.25], "texture": "#0"}
			}
		},
		{
			"from": [3, -1, 3],
			"to": [13, 9, 13],
			"rotation": {"angle": 0, "axis": "y", "origin": [3, -1, 3]},
			"faces": {
				"north": {"uv": [0, 0, 2.5, 2.5], "texture": "#0"},
				"east": {"uv": [0, 2.75, 2.5, 5.25], "texture": "#0"},
				"south": {"uv": [2.75, 0, 5.25, 2.5], "texture": "#0"},
				"west": {"uv": [2.75, 2.75, 5.25, 5.25], "texture": "#0"},
				"up": {"uv": [2.5, 8, 0, 5.5], "texture": "#0"},
				"down": {"uv": [8, 0, 5.5, 2.5], "texture": "#0"}
			}
		},
		{
			"from": [3, 9, 3],
			"to": [13, 11, 5],
			"rotation": {"angle": 0, "axis": "y", "origin": [3, 9, 3]},
			"faces": {
				"north": {"uv": [5.25, 10.5, 7.75, 11], "texture": "#0"},
				"east": {"uv": [10.25, 11.75, 10.75, 12.25], "texture": "#0"},
				"south": {"uv": [10.75, 0, 13.25, 0.5], "texture": "#0"},
				"west": {"uv": [11, 11.75, 11.5, 12.25], "texture": "#0"},
				"up": {"uv": [13.25, 1.25, 10.75, 0.75], "texture": "#0"},
				"down": {"uv": [13.25, 1.5, 10.75, 2], "texture": "#0"}
			}
		},
		{
			"from": [11, 9, 5],
			"to": [13, 11, 11],
			"rotation": {"angle": 0, "axis": "y", "origin": [3, 9, 5]},
			"faces": {
				"north": {"uv": [11.75, 11.75, 12.25, 12.25], "texture": "#0"},
				"east": {"uv": [3.75, 11.25, 5.25, 11.75], "texture": "#0"},
				"south": {"uv": [0, 12, 0.5, 12.5], "texture": "#0"},
				"west": {"uv": [11.25, 3.75, 12.75, 4.25], "texture": "#0"},
				"up": {"uv": [8.25, 4.25, 7.75, 2.75], "texture": "#0"},
				"down": {"uv": [5.75, 8.25, 5.25, 9.75], "texture": "#0"}
			}
		},
		{
			"from": [3, 9, 5],
			"to": [5, 11, 11],
			"rotation": {"angle": 0, "axis": "y", "origin": [13, 9, 5]},
			"faces": {
				"north": {"uv": [0.75, 12, 1.25, 12.5], "texture": "#0"},
				"east": {"uv": [11.25, 4.5, 12.75, 5], "texture": "#0"},
				"south": {"uv": [1.5, 12, 2, 12.5], "texture": "#0"},
				"west": {"uv": [11.25, 5.25, 12.75, 5.75], "texture": "#0"},
				"up": {"uv": [6, 12.75, 5.5, 11.25], "texture": "#0"},
				"down": {"uv": [11.75, 6, 11.25, 7.5], "texture": "#0"}
			}
		},
		{
			"from": [3, 9, 11],
			"to": [13, 11, 13],
			"rotation": {"angle": 0, "axis": "y", "origin": [3, 9, 13]},
			"faces": {
				"north": {"uv": [8, 11, 10.5, 11.5], "texture": "#0"},
				"east": {"uv": [3.75, 12, 4.25, 12.5], "texture": "#0"},
				"south": {"uv": [10.75, 11, 13.25, 11.5], "texture": "#0"},
				"west": {"uv": [4.5, 12, 5, 12.5], "texture": "#0"},
				"up": {"uv": [13.75, 2.75, 11.25, 2.25], "texture": "#0"},
				"down": {"uv": [13.75, 3, 11.25, 3.5], "texture": "#0"}
			}
		}
	],
	"gui_light": "front",
	"display": {
		"thirdperson_righthand": {
			"rotation": [0, -45, 0],
			"translation": [0, 0, -2.75],
			"scale": [0.7, 0.7, 0.7]
		},
		"thirdperson_lefthand": {
			"rotation": [0, -45, 0],
			"translation": [0, 0, -2.75],
			"scale": [0.7, 0.7, 0.7]
		},
		"firstperson_righthand": {
			"rotation": [0, -157, 0],
			"translation": [9.5, -1.5, -13]
		},
		"firstperson_lefthand": {
			"rotation": [0, 107, 0],
			"translation": [9.5, -1.5, -13]
		},
		"ground": {
			"translation": [0, 5, 0],
			"scale": [0.7, 0.7, 0.7]
		},
		"gui": {
			"rotation": [22.5, 155, 0],
			"translation": [0, 1.75, 0],
			"scale": [0.9, 0.9, 0.9]
		},
		"head": {
			"translation": [0, 6.5, 0],
			"scale": [1.6, 1.6, 1.6]
		},
		"fixed": {
			"rotation": [-90, 0, 0],
			"translation": [0, 0, -18],
			"scale": [2, 2, 2]
		}
	},
	"groups": [
		{
			"name": "coconut_hat",
			"origin": [15.5, -5, -7.1],
			"color": 0,
			"children": [
				{
					"name": "face",
					"origin": [15.5, -5, -7.1],
					"color": 0,
					"children": [0, 1, 2]
				},
				{
					"name": "accents",
					"origin": [10, 10, 6],
					"color": 0,
					"children": [3, 4, 5, 6]
				},
				{
					"name": "hairs",
					"origin": [13, -1, 23],
					"color": 0,
					"children": [7, 8, 9, 10, 11, 12, 13, 14, 15]
				},
				16,
				17,
				18,
				19,
				20
			]
		}
	]
}