{
	"credit": "This is {{USER_NAME}} copy!",
	"texture_size": [64, 64],
	"textures": {
		"0": "block/crab_hat_texture",
		"particle": "block/crab_hat_texture"
	},
	"elements": [
		{
			"from": [3, 6, 3],
			"to": [13, 11, 13],
			"rotation": {"angle": 45, "axis": "y", "origin": [8, 10.75, 6.375]},
			"faces": {
				"north": {"uv": [2.75, 0, 5.25, 1.25], "texture": "#0"},
				"east": {"uv": [2.75, 1.5, 5.25, 2.75], "texture": "#0"},
				"south": {"uv": [2.75, 3, 5.25, 4.25], "texture": "#0"},
				"west": {"uv": [2.75, 4.5, 5.25, 5.75], "texture": "#0"},
				"up": {"uv": [2.5, 2.5, 0, 0], "texture": "#0"},
				"down": {"uv": [2.5, 2.75, 0, 5.25], "texture": "#0"}
			}
		},
		{
			"from": [5.5, 11, 7.5],
			"to": [10.5, 16, 7.5],
			"rotation": {"angle": 45, "axis": "y", "origin": [8, 15.75, 6.375]},
			"faces": {
				"north": {"uv": [5.5, 4.75, 6.75, 6], "texture": "#0"},
				"east": {"uv": [8.75, 12.25, 8.75, 13.5], "texture": "#0"},
				"south": {"uv": [0, 7.25, 1.25, 8.5], "texture": "#0"},
				"west": {"uv": [6.75, 12.5, 6.75, 13.75], "texture": "#0"},
				"up": {"uv": [4.5, 7.5, 3.25, 7.5], "texture": "#0"},
				"down": {"uv": [13.75, 9.75, 12.5, 9.75], "texture": "#0"}
			}
		},
		{
			"from": [5.5, 11, 12.5],
			"to": [10.5, 16, 12.5],
			"rotation": {"angle": 45, "axis": "y", "origin": [8, 15.75, 6.375]},
			"faces": {
				"north": {"uv": [4.75, 6.25, 6, 7.5], "texture": "#0"},
				"east": {"uv": [7, 12.5, 7, 13.75], "texture": "#0"},
				"south": {"uv": [4.75, 6.25, 6, 7.5], "texture": "#0"},
				"west": {"uv": [11.25, 12.5, 11.25, 13.75], "texture": "#0"},
				"up": {"uv": [13.75, 10.75, 12.5, 10.75], "texture": "#0"},
				"down": {"uv": [13.75, 11, 12.5, 11], "texture": "#0"}
			}
		},
		{
			"from": [5.5, 11, 7.5],
			"to": [5.5, 16, 12.5],
			"rotation": {"angle": 45, "axis": "y", "origin": [8, 15.75, 6.375]},
			"faces": {
				"north": {"uv": [11.5, 12.5, 11.5, 13.75], "texture": "#0"},
				"east": {"uv": [7, 4.75, 8.25, 6], "texture": "#0"},
				"south": {"uv": [11.75, 12.5, 11.75, 13.75], "texture": "#0"},
				"west": {"uv": [7, 4.75, 8.25, 6], "texture": "#0"},
				"up": {"uv": [0, 14, 0, 12.75], "texture": "#0"},
				"down": {"uv": [0.25, 12.75, 0.25, 14], "texture": "#0"}
			}
		},
		{
			"from": [10.5, 11, 7.5],
			"to": [10.5, 16, 12.5],
			"rotation": {"angle": 45, "axis": "y", "origin": [8, 15.75, 6.375]},
			"faces": {
				"north": {"uv": [0.5, 12.75, 0.5, 14], "texture": "#0"},
				"east": {"uv": [0, 7.25, 1.25, 8.5], "texture": "#0"},
				"south": {"uv": [12.75, 6.75, 12.75, 8], "texture": "#0"},
				"west": {"uv": [5.5, 4.75, 6.75, 6], "texture": "#0"},
				"up": {"uv": [9, 14, 9, 12.75], "texture": "#0"},
				"down": {"uv": [9.25, 12.75, 9.25, 14], "texture": "#0"}
			}
		},
		{
			"from": [4, 6, 13],
			"to": [6, 8, 15],
			"rotation": {"angle": 45, "axis": "y", "origin": [8, 10.75, 6.375]},
			"faces": {
				"north": {"uv": [7.75, 8.75, 8.25, 9.25], "texture": "#0"},
				"east": {"uv": [9, 11.25, 9.5, 11.75], "texture": "#0"},
				"south": {"uv": [11.75, 1.5, 12.25, 2], "texture": "#0"},
				"west": {"uv": [11.75, 2.25, 12.25, 2.75], "texture": "#0"},
				"up": {"uv": [3.25, 12.25, 2.75, 11.75], "texture": "#0"},
				"down": {"uv": [4, 11.75, 3.5, 12.25], "texture": "#0"}
			}
		},
		{
			"from": [4, 3, 13],
			"to": [6, 6, 15],
			"rotation": {"angle": 45, "axis": "y", "origin": [8, 10.75, 6.375]},
			"faces": {
				"north": {"uv": [0, 10, 0.5, 10.75], "texture": "#0"},
				"east": {"uv": [7, 10, 7.5, 10.75], "texture": "#0"},
				"south": {"uv": [10.25, 10, 10.75, 10.75], "texture": "#0"},
				"west": {"uv": [0.75, 10.5, 1.25, 11.25], "texture": "#0"},
				"up": {"uv": [4.75, 12.25, 4.25, 11.75], "texture": "#0"},
				"down": {"uv": [5.5, 11.75, 5, 12.25], "texture": "#0"}
			}
		},
		{
			"from": [10, 6, 13],
			"to": [12, 8, 15],
			"rotation": {"angle": 45, "axis": "y", "origin": [8, 10.75, 6.375]},
			"faces": {
				"north": {"uv": [5.75, 11.75, 6.25, 12.25], "texture": "#0"},
				"east": {"uv": [6.5, 11.75, 7, 12.25], "texture": "#0"},
				"south": {"uv": [9.75, 11.75, 10.25, 12.25], "texture": "#0"},
				"west": {"uv": [10.5, 11.75, 11, 12.25], "texture": "#0"},
				"up": {"uv": [12.25, 11.25, 11.75, 10.75], "texture": "#0"},
				"down": {"uv": [11.75, 11.75, 11.25, 12.25], "texture": "#0"}
			}
		},
		{
			"from": [10, 3, 13],
			"to": [12, 6, 15],
			"rotation": {"angle": 45, "axis": "y", "origin": [8, 10.75, 6.375]},
			"faces": {
				"north": {"uv": [1.5, 10.5, 2, 11.25], "texture": "#0"},
				"east": {"uv": [2.25, 10.5, 2.75, 11.25], "texture": "#0"},
				"south": {"uv": [10.5, 3.5, 11, 4.25], "texture": "#0"},
				"west": {"uv": [10.5, 7.25, 11, 8], "texture": "#0"},
				"up": {"uv": [0.5, 12.5, 0, 12], "texture": "#0"},
				"down": {"uv": [12.5, 6.75, 12, 7.25], "texture": "#0"}
			}
		},
		{
			"from": [13, 6, 10],
			"to": [16, 8, 12],
			"rotation": {"angle": 45, "axis": "y", "origin": [8, 10.75, 6.375]},
			"faces": {
				"north": {"uv": [7.75, 10.5, 8.5, 11], "texture": "#0"},
				"east": {"uv": [12, 7.5, 12.5, 8], "texture": "#0"},
				"south": {"uv": [8.75, 10.5, 9.5, 11], "texture": "#0"},
				"west": {"uv": [12, 8.25, 12.5, 8.75], "texture": "#0"},
				"up": {"uv": [11.5, 2, 10.75, 1.5], "texture": "#0"},
				"down": {"uv": [11.5, 2.25, 10.75, 2.75], "texture": "#0"}
			}
		},
		{
			"from": [14, 4, 10],
			"to": [16, 6, 12],
			"rotation": {"angle": 45, "axis": "y", "origin": [8, 8.75, 6.375]},
			"faces": {
				"north": {"uv": [9, 12, 9.5, 12.5], "texture": "#0"},
				"east": {"uv": [12, 10, 12.5, 10.5], "texture": "#0"},
				"south": {"uv": [12, 11.5, 12.5, 12], "texture": "#0"},
				"west": {"uv": [12.25, 0, 12.75, 0.5], "texture": "#0"},
				"up": {"uv": [1.25, 12.75, 0.75, 12.25], "texture": "#0"},
				"down": {"uv": [12.75, 0.75, 12.25, 1.25], "texture": "#0"}
			}
		},
		{
			"from": [14, 3, 7],
			"to": [16, 6, 9],
			"rotation": {"angle": 45, "axis": "y", "origin": [8, 8.75, 6.375]},
			"faces": {
				"north": {"uv": [3, 10.75, 3.5, 11.5], "texture": "#0"},
				"east": {"uv": [5.75, 10.75, 6.25, 11.5], "texture": "#0"},
				"south": {"uv": [10.75, 6.25, 11.25, 7], "texture": "#0"},
				"west": {"uv": [0, 11, 0.5, 11.75], "texture": "#0"},
				"up": {"uv": [2, 12.75, 1.5, 12.25], "texture": "#0"},
				"down": {"uv": [12.75, 3, 12.25, 3.5], "texture": "#0"}
			}
		},
		{
			"from": [13, 6, 7],
			"to": [16, 8, 9],
			"rotation": {"angle": 45, "axis": "y", "origin": [8, 10.75, 6.375]},
			"faces": {
				"north": {"uv": [3.75, 11, 4.5, 11.5], "texture": "#0"},
				"east": {"uv": [12.25, 3.75, 12.75, 4.25], "texture": "#0"},
				"south": {"uv": [4.75, 11, 5.5, 11.5], "texture": "#0"},
				"west": {"uv": [12.25, 4.5, 12.75, 5], "texture": "#0"},
				"up": {"uv": [7.25, 11.5, 6.5, 11], "texture": "#0"},
				"down": {"uv": [10.5, 11, 9.75, 11.5], "texture": "#0"}
			}
		},
		{
			"from": [0, 6, 10],
			"to": [3, 8, 12],
			"rotation": {"angle": 45, "axis": "y", "origin": [8, 10.75, 6.375]},
			"faces": {
				"north": {"uv": [11, 10, 11.75, 10.5], "texture": "#0"},
				"east": {"uv": [12.25, 5.25, 12.75, 5.75], "texture": "#0"},
				"south": {"uv": [10.75, 11, 11.5, 11.5], "texture": "#0"},
				"west": {"uv": [7.25, 12.25, 7.75, 12.75], "texture": "#0"},
				"up": {"uv": [12, 0.5, 11.25, 0], "texture": "#0"},
				"down": {"uv": [12, 0.75, 11.25, 1.25], "texture": "#0"}
			}
		},
		{
			"from": [0, 4, 10],
			"to": [2, 6, 12],
			"rotation": {"angle": 45, "axis": "y", "origin": [8, 8.75, 6.375]},
			"faces": {
				"north": {"uv": [8, 12.25, 8.5, 12.75], "texture": "#0"},
				"east": {"uv": [12, 12.25, 12.5, 12.75], "texture": "#0"},
				"south": {"uv": [12.5, 1.5, 13, 2], "texture": "#0"},
				"west": {"uv": [2.25, 12.5, 2.75, 13], "texture": "#0"},
				"up": {"uv": [13, 2.75, 12.5, 2.25], "texture": "#0"},
				"down": {"uv": [3.5, 12.5, 3, 13], "texture": "#0"}
			}
		},
		{
			"from": [0, 6, 7],
			"to": [3, 8, 9],
			"rotation": {"angle": 45, "axis": "y", "origin": [8, 10.75, 6.375]},
			"faces": {
				"north": {"uv": [11.25, 3, 12, 3.5], "texture": "#0"},
				"east": {"uv": [3.75, 12.5, 4.25, 13], "texture": "#0"},
				"south": {"uv": [11.25, 3.75, 12, 4.25], "texture": "#0"},
				"west": {"uv": [4.5, 12.5, 5, 13], "texture": "#0"},
				"up": {"uv": [12, 5, 11.25, 4.5], "texture": "#0"},
				"down": {"uv": [12, 5.25, 11.25, 5.75], "texture": "#0"}
			}
		},
		{
			"from": [0, 3, 7],
			"to": [2, 6, 9],
			"rotation": {"angle": 45, "axis": "y", "origin": [8, 8.75, 6.375]},
			"faces": {
				"north": {"uv": [11.25, 7.25, 11.75, 8], "texture": "#0"},
				"east": {"uv": [7.5, 11.25, 8, 12], "texture": "#0"},
				"south": {"uv": [8.25, 11.25, 8.75, 12], "texture": "#0"},
				"west": {"uv": [11.25, 8.25, 11.75, 9], "texture": "#0"},
				"up": {"uv": [5.75, 13, 5.25, 12.5], "texture": "#0"},
				"down": {"uv": [6.5, 12.5, 6, 13], "texture": "#0"}
			}
		},
		{
			"from": [9, 11, 5],
			"to": [12, 15, 7],
			"rotation": {"angle": 45, "axis": "y", "origin": [8, 10.75, 6.375]},
			"faces": {
				"north": {"uv": [0, 8.75, 0.75, 9.75], "texture": "#0"},
				"east": {"uv": [9.75, 3.5, 10.25, 4.5], "texture": "#0"},
				"south": {"uv": [8.75, 0, 9.5, 1], "texture": "#0"},
				"west": {"uv": [4.25, 9.75, 4.75, 10.75], "texture": "#0"},
				"up": {"uv": [1.5, 12, 0.75, 11.5], "texture": "#0"},
				"down": {"uv": [2.5, 11.5, 1.75, 12], "texture": "#0"}
			}
		},
		{
			"from": [4.75, 12, 4.75],
			"to": [6.75, 14, 4.75],
			"rotation": {"angle": 45, "axis": "y", "origin": [8, 10.75, 6.375]},
			"faces": {
				"north": {"uv": [12.5, 6, 13, 6.5], "texture": "#0"},
				"east": {"uv": [1, 8.75, 1, 9.25], "texture": "#0"},
				"south": {"uv": [12.5, 9, 13, 9.5], "texture": "#0"},
				"west": {"uv": [1.25, 8.75, 1.25, 9.25], "texture": "#0"},
				"up": {"uv": [2.25, 5.5, 1.75, 5.5], "texture": "#0"},
				"down": {"uv": [2.25, 5.75, 1.75, 5.75], "texture": "#0"}
			}
		},
		{
			"from": [9.25, 12, 4.75],
			"to": [11.25, 14, 4.75],
			"rotation": {"angle": 45, "axis": "y", "origin": [8, 10.75, 6.375]},
			"faces": {
				"north": {"uv": [9.75, 12.5, 10.25, 13], "texture": "#0"},
				"east": {"uv": [12.75, 8.25, 12.75, 8.75], "texture": "#0"},
				"south": {"uv": [10.5, 12.5, 11, 13], "texture": "#0"},
				"west": {"uv": [9.5, 12.75, 9.5, 13.25], "texture": "#0"},
				"up": {"uv": [5.25, 6, 4.75, 6], "texture": "#0"},
				"down": {"uv": [8.25, 7.25, 7.75, 7.25], "texture": "#0"}
			}
		},
		{
			"from": [4, 11, 5],
			"to": [7, 15, 7],
			"rotation": {"angle": 45, "axis": "y", "origin": [8, 10.75, 6.375]},
			"faces": {
				"north": {"uv": [8.75, 1.25, 9.5, 2.25], "texture": "#0"},
				"east": {"uv": [5, 9.75, 5.5, 10.75], "texture": "#0"},
				"south": {"uv": [8.75, 2.5, 9.5, 3.5], "texture": "#0"},
				"west": {"uv": [9.75, 7.25, 10.25, 8.25], "texture": "#0"},
				"up": {"uv": [12.25, 6.5, 11.5, 6], "texture": "#0"},
				"down": {"uv": [12.25, 9.25, 11.5, 9.75], "texture": "#0"}
			}
		},
		{
			"from": [-4, 7.35, 5],
			"to": [2, 10.35, 11],
			"rotation": {"angle": -22.5, "axis": "z", "origin": [2, 9.35, 8]},
			"faces": {
				"north": {"uv": [1.5, 7.5, 3, 8.25], "texture": "#0"},
				"east": {"uv": [3.25, 7.75, 4.75, 8.5], "texture": "#0"},
				"south": {"uv": [5, 7.75, 6.5, 8.5], "texture": "#0"},
				"west": {"uv": [7.75, 6.25, 9.25, 7], "texture": "#0"},
				"up": {"uv": [1.5, 7, 0, 5.5], "texture": "#0"},
				"down": {"uv": [7, 0, 5.5, 1.5], "texture": "#0"}
			}
		},
		{
			"from": [-3.76537, 6.50224, 6],
			"to": [1.23463, 8.50224, 10],
			"rotation": {"angle": 0, "axis": "y", "origin": [0.80552, 7.61852, 8]},
			"faces": {
				"north": {"uv": [9.75, 0, 11, 0.5], "texture": "#0"},
				"east": {"uv": [7.25, 4, 8.25, 4.5], "texture": "#0"},
				"south": {"uv": [9.75, 0.75, 11, 1.25], "texture": "#0"},
				"west": {"uv": [10, 4.75, 11, 5.25], "texture": "#0"},
				"up": {"uv": [8.5, 2.5, 7.25, 1.5], "texture": "#0"},
				"down": {"uv": [8.5, 2.75, 7.25, 3.75], "texture": "#0"}
			}
		},
		{
			"from": [1.23463, 7.00224, 6],
			"to": [4.23463, 10.00224, 10],
			"rotation": {"angle": 0, "axis": "y", "origin": [5.80552, 8.11852, 8]},
			"faces": {
				"north": {"uv": [2.25, 9.5, 3, 10.25], "texture": "#0"},
				"east": {"uv": [3.25, 8.75, 4.25, 9.5], "texture": "#0"},
				"south": {"uv": [9.75, 1.5, 10.5, 2.25], "texture": "#0"},
				"west": {"uv": [4.5, 8.75, 5.5, 9.5], "texture": "#0"},
				"up": {"uv": [6.5, 9.75, 5.75, 8.75], "texture": "#0"},
				"down": {"uv": [7.5, 8.75, 6.75, 9.75], "texture": "#0"}
			}
		},
		{
			"from": [6.26537, 7.74002, -5.05323],
			"to": [12.26537, 10.74002, -0.05323],
			"rotation": {"angle": 22.5, "axis": "x", "origin": [9.26537, 8.71918, -1]},
			"faces": {
				"north": {"uv": [6.75, 7.75, 8.25, 8.5], "texture": "#0"},
				"east": {"uv": [8.5, 5.25, 9.75, 6], "texture": "#0"},
				"south": {"uv": [1.5, 8.5, 3, 9.25], "texture": "#0"},
				"west": {"uv": [8.5, 8.5, 9.75, 9.25], "texture": "#0"},
				"up": {"uv": [7, 3, 5.5, 1.75], "texture": "#0"},
				"down": {"uv": [7, 3.25, 5.5, 4.5], "texture": "#0"}
			}
		},
		{
			"from": [7.26537, 6.45224, -4.5],
			"to": [11.26537, 8.45224, -0.5],
			"rotation": {"angle": 0, "axis": "y", "origin": [9.26537, 8.71918, -1]},
			"faces": {
				"north": {"uv": [10, 5.5, 11, 6], "texture": "#0"},
				"east": {"uv": [5.75, 10, 6.75, 10.5], "texture": "#0"},
				"south": {"uv": [10, 8.5, 11, 9], "texture": "#0"},
				"west": {"uv": [10.25, 9.25, 11.25, 9.75], "texture": "#0"},
				"up": {"uv": [9.5, 5, 8.5, 4], "texture": "#0"},
				"down": {"uv": [9.5, 7.25, 8.5, 8.25], "texture": "#0"}
			}
		},
		{
			"from": [7.26537, 6.95224, -0.5],
			"to": [11.26537, 9.95224, 2.5],
			"rotation": {"angle": 0, "axis": "y", "origin": [9.26537, 8.71918, -1]},
			"faces": {
				"north": {"uv": [1, 9.5, 2, 10.25], "texture": "#0"},
				"east": {"uv": [9.75, 2.5, 10.5, 3.25], "texture": "#0"},
				"south": {"uv": [9.5, 6.25, 10.5, 7], "texture": "#0"},
				"west": {"uv": [3.25, 9.75, 4, 10.5], "texture": "#0"},
				"up": {"uv": [8.75, 10.25, 7.75, 9.5], "texture": "#0"},
				"down": {"uv": [10, 9.5, 9, 10.25], "texture": "#0"}
			}
		}
	],
	"gui_light": "front",
	"display": {
		"thirdperson_righthand": {
			"rotation": [0, -45, 0],
			"translation": [-0.75, -1.75, -3.25],
			"scale": [0.8, 0.8, 0.8]
		},
		"thirdperson_lefthand": {
			"rotation": [0, 45, 0],
			"translation": [1, -1.75, -3.25],
			"scale": [0.8, 0.8, 0.8]
		},
		"firstperson_righthand": {
			"rotation": [0, 90, 0],
			"translation": [4.5, 0, -9.75]
		},
		"firstperson_lefthand": {
			"rotation": [0, -180, 0],
			"translation": [4.5, 0, -9.75]
		},
		"ground": {
			"translation": [0, 2, 0],
			"scale": [0.8, 0.8, 0.8]
		},
		"gui": {
			"rotation": [22.5, 110, 0],
			"translation": [2, -1.25, 0],
			"scale": [0.8, 0.8, 0.8]
		},
		"head": {
			"rotation": [0, -45, 0],
			"translation": [-1.5, 6.25, -0.75],
			"scale": [1.6, 1.6, 1.6]
		},
		"fixed": {
			"rotation": [-90, -45, 0],
			"translation": [0, 0, -10],
			"scale": [2, 2, 2]
		}
	},
	"groups": [
		{
			"name": "crab_hat",
			"origin": [9.26537, 8.91918, -1],
			"color": 0,
			"children": [0, 1, 2, 3, 4, 5, 6, 7, 8, 9, 10, 11, 12, 13, 14, 15, 16, 17, 18, 19, 20, 21, 22, 23, 24, 25, 26]
		}
	]
}