{
	"credit": "Made with Blockbench",
	"texture_size": [32, 32],
	"textures": {
		"0": "block/farmerhat",
		"particle": "block/farmerhat"
	},
	"elements": [
		{
			"name": "base",
			"from": [2, 0, 2],
			"to": [14, 0, 14],
			"faces": {
				"north": {"uv": [0, 0, 6, 0], "texture": "#0"},
				"east": {"uv": [0, 0, 6, 0], "texture": "#0"},
				"south": {"uv": [0, 0, 6, 0], "texture": "#0"},
				"west": {"uv": [0, 0, 6, 0], "texture": "#0"},
				"up": {"uv": [6, 6, 0, 0], "texture": "#0"},
				"down": {"uv": [6, 6, 0, 12], "texture": "#0"}
			}
		},
		{
			"name": "top",
			"from": [4, 0, 4],
			"to": [12, 3, 12],
			"faces": {
				"north": {"uv": [6, 8, 10, 9.5], "texture": "#0"},
				"east": {"uv": [6, 9.5, 10, 11], "texture": "#0"},
				"south": {"uv": [10, 0, 14, 1.5], "texture": "#0"},
				"west": {"uv": [10, 1.5, 14, 3], "texture": "#0"},
				"up": {"uv": [10, 4, 6, 0], "texture": "#0"},
				"down": {"uv": [10, 4, 6, 8], "texture": "#0"}
			}
		},
		{
			"from": [2, 0, 1],
			"to": [3, 0, 2],
			"rotation": {"angle": 22.5, "axis": "x", "origin": [2.5, 0, 2]},
			"faces": {
				"north": {"uv": [0, 0, 0.5, 0], "texture": "#0"},
				"east": {"uv": [0, 0, 0.5, 0], "texture": "#0"},
				"south": {"uv": [0, 0, 0.5, 0], "texture": "#0"},
				"west": {"uv": [0, 0, 0.5, 0], "texture": "#0"},
				"up": {"uv": [11.5, 4.5, 11, 4], "texture": "#0"},
				"down": {"uv": [11.5, 4.5, 11, 5], "texture": "#0"}
			}
		},
		{
			"from": [13, 0, 1],
			"to": [14, 0, 2],
			"rotation": {"angle": 22.5, "axis": "x", "origin": [2.5, 0, 2]},
			"faces": {
				"north": {"uv": [0, 0, 0.5, 0], "texture": "#0"},
				"east": {"uv": [0, 0, 0.5, 0], "texture": "#0"},
				"south": {"uv": [0, 0, 0.5, 0], "texture": "#0"},
				"west": {"uv": [0, 0, 0.5, 0], "texture": "#0"},
				"up": {"uv": [11.5, 5.5, 11, 5], "texture": "#0"},
				"down": {"uv": [11.5, 5.5, 11, 6], "texture": "#0"}
			}
		},
		{
			"from": [11, 0, 1],
			"to": [12, 0, 2],
			"rotation": {"angle": 22.5, "axis": "x", "origin": [2.5, 0, 2]},
			"faces": {
				"north": {"uv": [0, 0, 0.5, 0], "texture": "#0"},
				"east": {"uv": [0, 0, 0.5, 0], "texture": "#0"},
				"south": {"uv": [0, 0, 0.5, 0], "texture": "#0"},
				"west": {"uv": [0, 0, 0.5, 0], "texture": "#0"},
				"up": {"uv": [6.5, 11.5, 6, 11], "texture": "#0"},
				"down": {"uv": [7, 11, 6.5, 11.5], "texture": "#0"}
			}
		},
		{
			"from": [9, 0, 1],
			"to": [10, 0, 2],
			"rotation": {"angle": 22.5, "axis": "x", "origin": [2.5, 0, 2]},
			"faces": {
				"north": {"uv": [0, 0, 0.5, 0], "texture": "#0"},
				"east": {"uv": [0, 0, 0.5, 0], "texture": "#0"},
				"south": {"uv": [0, 0, 0.5, 0], "texture": "#0"},
				"west": {"uv": [0, 0, 0.5, 0], "texture": "#0"},
				"up": {"uv": [7.5, 11.5, 7, 11], "texture": "#0"},
				"down": {"uv": [11.5, 7, 11, 7.5], "texture": "#0"}
			}
		},
		{
			"from": [7, 0, 1],
			"to": [8, 0, 2],
			"rotation": {"angle": 22.5, "axis": "x", "origin": [2.5, 0, 2]},
			"faces": {
				"north": {"uv": [0, 0, 0.5, 0], "texture": "#0"},
				"east": {"uv": [0, 0, 0.5, 0], "texture": "#0"},
				"south": {"uv": [0, 0, 0.5, 0], "texture": "#0"},
				"west": {"uv": [0, 0, 0.5, 0], "texture": "#0"},
				"up": {"uv": [8, 11.5, 7.5, 11], "texture": "#0"},
				"down": {"uv": [11.5, 7.5, 11, 8], "texture": "#0"}
			}
		},
		{
			"from": [5, 0, 1],
			"to": [6, 0, 2],
			"rotation": {"angle": 22.5, "axis": "x", "origin": [2.5, 0, 2]},
			"faces": {
				"north": {"uv": [0, 0, 0.5, 0], "texture": "#0"},
				"east": {"uv": [0, 0, 0.5, 0], "texture": "#0"},
				"south": {"uv": [0, 0, 0.5, 0], "texture": "#0"},
				"west": {"uv": [0, 0, 0.5, 0], "texture": "#0"},
				"up": {"uv": [8.5, 11.5, 8, 11], "texture": "#0"},
				"down": {"uv": [11.5, 8, 11, 8.5], "texture": "#0"}
			}
		},
		{
			"from": [4, 0, 0],
			"to": [5, 0, 1],
			"rotation": {"angle": 22.5, "axis": "x", "origin": [2.5, 0, 2]},
			"faces": {
				"north": {"uv": [0, 0, 0.5, 0], "texture": "#0"},
				"east": {"uv": [0, 0, 0.5, 0], "texture": "#0"},
				"south": {"uv": [0, 0, 0.5, 0], "texture": "#0"},
				"west": {"uv": [0, 0, 0.5, 0], "texture": "#0"},
				"up": {"uv": [9, 11.5, 8.5, 11], "texture": "#0"},
				"down": {"uv": [11.5, 8.5, 11, 9], "texture": "#0"}
			}
		},
		{
			"from": [1, 0, 0],
			"to": [2, 0, 1],
			"rotation": {"angle": 22.5, "axis": "x", "origin": [2.5, 0, 2]},
			"faces": {
				"north": {"uv": [0, 0, 0.5, 0], "texture": "#0"},
				"east": {"uv": [0, 0, 0.5, 0], "texture": "#0"},
				"south": {"uv": [0, 0, 0.5, 0], "texture": "#0"},
				"west": {"uv": [0, 0, 0.5, 0], "texture": "#0"},
				"up": {"uv": [12, 3.5, 11.5, 3], "texture": "#0"},
				"down": {"uv": [12, 3.5, 11.5, 4], "texture": "#0"}
			}
		},
		{
			"from": [9, 0, 0],
			"to": [10, 0, 1],
			"rotation": {"angle": 22.5, "axis": "x", "origin": [2.5, 0, 2]},
			"faces": {
				"north": {"uv": [0, 0, 0.5, 0], "texture": "#0"},
				"east": {"uv": [0, 0, 0.5, 0], "texture": "#0"},
				"south": {"uv": [0, 0, 0.5, 0], "texture": "#0"},
				"west": {"uv": [0, 0, 0.5, 0], "texture": "#0"},
				"up": {"uv": [9.5, 11.5, 9, 11], "texture": "#0"},
				"down": {"uv": [10, 11, 9.5, 11.5], "texture": "#0"}
			}
		},
		{
			"from": [13, 0, 0],
			"to": [14, 0, 1],
			"rotation": {"angle": 22.5, "axis": "x", "origin": [2.5, 0, 2]},
			"faces": {
				"north": {"uv": [0, 0, 0.5, 0], "texture": "#0"},
				"east": {"uv": [0, 0, 0.5, 0], "texture": "#0"},
				"south": {"uv": [0, 0, 0.5, 0], "texture": "#0"},
				"west": {"uv": [0, 0, 0.5, 0], "texture": "#0"},
				"up": {"uv": [11, 11.5, 10.5, 11], "texture": "#0"},
				"down": {"uv": [11.5, 11, 11, 11.5], "texture": "#0"}
			}
		},
		{
			"from": [1, 0, 15],
			"to": [2, 0, 16],
			"rotation": {"angle": -22.5, "axis": "x", "origin": [2.5, 0, 14]},
			"faces": {
				"north": {"uv": [0, 0, 0.5, 0], "texture": "#0"},
				"east": {"uv": [0, 0, 0.5, 0], "texture": "#0"},
				"south": {"uv": [0, 0, 0.5, 0], "texture": "#0"},
				"west": {"uv": [0, 0, 0.5, 0], "texture": "#0"},
				"up": {"uv": [10, 12, 9.5, 11.5], "texture": "#0"},
				"down": {"uv": [12, 9.5, 11.5, 10], "texture": "#0"}
			}
		},
		{
			"from": [2, 0, 14],
			"to": [3, 0, 15],
			"rotation": {"angle": -22.5, "axis": "x", "origin": [2.5, 0, 14]},
			"faces": {
				"north": {"uv": [0, 0, 0.5, 0], "texture": "#0"},
				"east": {"uv": [0, 0, 0.5, 0], "texture": "#0"},
				"south": {"uv": [0, 0, 0.5, 0], "texture": "#0"},
				"west": {"uv": [0, 0, 0.5, 0], "texture": "#0"},
				"up": {"uv": [9.5, 12, 9, 11.5], "texture": "#0"},
				"down": {"uv": [12, 9, 11.5, 9.5], "texture": "#0"}
			}
		},
		{
			"from": [6, 0, 15],
			"to": [7, 0, 16],
			"rotation": {"angle": -22.5, "axis": "x", "origin": [2.5, 0, 14]},
			"faces": {
				"north": {"uv": [0, 0, 0.5, 0], "texture": "#0"},
				"east": {"uv": [0, 0, 0.5, 0], "texture": "#0"},
				"south": {"uv": [0, 0, 0.5, 0], "texture": "#0"},
				"west": {"uv": [0, 0, 0.5, 0], "texture": "#0"},
				"up": {"uv": [9, 12, 8.5, 11.5], "texture": "#0"},
				"down": {"uv": [12, 8.5, 11.5, 9], "texture": "#0"}
			}
		},
		{
			"from": [5, 0, 14],
			"to": [6, 0, 15],
			"rotation": {"angle": -22.5, "axis": "x", "origin": [2.5, 0, 14]},
			"faces": {
				"north": {"uv": [0, 0, 0.5, 0], "texture": "#0"},
				"east": {"uv": [0, 0, 0.5, 0], "texture": "#0"},
				"south": {"uv": [0, 0, 0.5, 0], "texture": "#0"},
				"west": {"uv": [0, 0, 0.5, 0], "texture": "#0"},
				"up": {"uv": [8.5, 12, 8, 11.5], "texture": "#0"},
				"down": {"uv": [12, 8, 11.5, 8.5], "texture": "#0"}
			}
		},
		{
			"from": [7, 0, 14],
			"to": [8, 0, 15],
			"rotation": {"angle": -22.5, "axis": "x", "origin": [2.5, 0, 14]},
			"faces": {
				"north": {"uv": [0, 0, 0.5, 0], "texture": "#0"},
				"east": {"uv": [0, 0, 0.5, 0], "texture": "#0"},
				"south": {"uv": [0, 0, 0.5, 0], "texture": "#0"},
				"west": {"uv": [0, 0, 0.5, 0], "texture": "#0"},
				"up": {"uv": [8, 12, 7.5, 11.5], "texture": "#0"},
				"down": {"uv": [12, 7.5, 11.5, 8], "texture": "#0"}
			}
		},
		{
			"from": [9, 0, 14],
			"to": [10, 0, 15],
			"rotation": {"angle": -22.5, "axis": "x", "origin": [2.5, 0, 14]},
			"faces": {
				"north": {"uv": [0, 0, 0.5, 0], "texture": "#0"},
				"east": {"uv": [0, 0, 0.5, 0], "texture": "#0"},
				"south": {"uv": [0, 0, 0.5, 0], "texture": "#0"},
				"west": {"uv": [0, 0, 0.5, 0], "texture": "#0"},
				"up": {"uv": [7.5, 12, 7, 11.5], "texture": "#0"},
				"down": {"uv": [12, 7, 11.5, 7.5], "texture": "#0"}
			}
		},
		{
			"from": [9, 0, 15],
			"to": [10, 0, 16],
			"rotation": {"angle": -22.5, "axis": "x", "origin": [2.5, 0, 14]},
			"faces": {
				"north": {"uv": [0, 0, 0.5, 0], "texture": "#0"},
				"east": {"uv": [0, 0, 0.5, 0], "texture": "#0"},
				"south": {"uv": [0, 0, 0.5, 0], "texture": "#0"},
				"west": {"uv": [0, 0, 0.5, 0], "texture": "#0"},
				"up": {"uv": [7, 12, 6.5, 11.5], "texture": "#0"},
				"down": {"uv": [12, 6.5, 11.5, 7], "texture": "#0"}
			}
		},
		{
			"from": [11, 0, 14],
			"to": [12, 0, 15],
			"rotation": {"angle": -22.5, "axis": "x", "origin": [2.5, 0, 14]},
			"faces": {
				"north": {"uv": [0, 0, 0.5, 0], "texture": "#0"},
				"east": {"uv": [0, 0, 0.5, 0], "texture": "#0"},
				"south": {"uv": [0, 0, 0.5, 0], "texture": "#0"},
				"west": {"uv": [0, 0, 0.5, 0], "texture": "#0"},
				"up": {"uv": [6.5, 12, 6, 11.5], "texture": "#0"},
				"down": {"uv": [12, 6, 11.5, 6.5], "texture": "#0"}
			}
		},
		{
			"from": [13, 0, 14],
			"to": [14, 0, 15],
			"rotation": {"angle": -22.5, "axis": "x", "origin": [2.5, 0, 14]},
			"faces": {
				"north": {"uv": [0, 0, 0.5, 0], "texture": "#0"},
				"east": {"uv": [0, 0, 0.5, 0], "texture": "#0"},
				"south": {"uv": [0, 0, 0.5, 0], "texture": "#0"},
				"west": {"uv": [0, 0, 0.5, 0], "texture": "#0"},
				"up": {"uv": [12, 5.5, 11.5, 5], "texture": "#0"},
				"down": {"uv": [12, 5.5, 11.5, 6], "texture": "#0"}
			}
		},
		{
			"from": [14, 0, 15],
			"to": [15, 0, 16],
			"rotation": {"angle": -22.5, "axis": "x", "origin": [2.5, 0, 14]},
			"faces": {
				"north": {"uv": [0, 0, 0.5, 0], "texture": "#0"},
				"east": {"uv": [0, 0, 0.5, 0], "texture": "#0"},
				"south": {"uv": [0, 0, 0.5, 0], "texture": "#0"},
				"west": {"uv": [0, 0, 0.5, 0], "texture": "#0"},
				"up": {"uv": [12, 4.5, 11.5, 4], "texture": "#0"},
				"down": {"uv": [12, 4.5, 11.5, 5], "texture": "#0"}
			}
		},
		{
			"from": [14, 0, 3],
			"to": [15, 0, 13],
			"rotation": {"angle": 22.5, "axis": "z", "origin": [14, 0, 8]},
			"faces": {
				"north": {"uv": [0, 0, 0.5, 0], "texture": "#0"},
				"east": {"uv": [0, 0, 5, 0], "texture": "#0"},
				"south": {"uv": [0, 0, 0.5, 0], "texture": "#0"},
				"west": {"uv": [0, 0, 5, 0], "texture": "#0"},
				"up": {"uv": [10.5, 8, 10, 3], "texture": "#0"},
				"down": {"uv": [10.5, 8, 10, 13], "texture": "#0"}
			}
		},
		{
			"from": [15, 0, 5],
			"to": [17, 0, 6],
			"rotation": {"angle": 22.5, "axis": "z", "origin": [14, 0, 8]},
			"faces": {
				"north": {"uv": [0, 0, 1, 0], "texture": "#0"},
				"east": {"uv": [0, 0, 0.5, 0], "texture": "#0"},
				"south": {"uv": [0, 0, 1, 0], "texture": "#0"},
				"west": {"uv": [0, 0, 0.5, 0], "texture": "#0"},
				"up": {"uv": [11.5, 6.5, 10.5, 6], "texture": "#0"},
				"down": {"uv": [11.5, 6.5, 10.5, 7], "texture": "#0"}
			}
		},
		{
			"from": [15, 0, 13],
			"to": [17, 0, 14],
			"rotation": {"angle": 22.5, "axis": "z", "origin": [14, 0, 8]},
			"faces": {
				"north": {"uv": [0, 0, 1, 0], "texture": "#0"},
				"east": {"uv": [0, 0, 0.5, 0], "texture": "#0"},
				"south": {"uv": [0, 0, 1, 0], "texture": "#0"},
				"west": {"uv": [0, 0, 0.5, 0], "texture": "#0"},
				"up": {"uv": [11.5, 3.5, 10.5, 3], "texture": "#0"},
				"down": {"uv": [11.5, 3.5, 10.5, 4], "texture": "#0"}
			}
		},
		{
			"from": [15, 0, 9],
			"to": [16, 0, 11],
			"rotation": {"angle": 22.5, "axis": "z", "origin": [14, 0, 8]},
			"faces": {
				"north": {"uv": [0, 0, 0.5, 0], "texture": "#0"},
				"east": {"uv": [0, 0, 1, 0], "texture": "#0"},
				"south": {"uv": [0, 0, 0.5, 0], "texture": "#0"},
				"west": {"uv": [0, 0, 1, 0], "texture": "#0"},
				"up": {"uv": [11, 5, 10.5, 4], "texture": "#0"},
				"down": {"uv": [11, 5, 10.5, 6], "texture": "#0"}
			}
		},
		{
			"from": [15, 0, 6],
			"to": [16, 0, 7],
			"rotation": {"angle": 22.5, "axis": "z", "origin": [14, 0, 8]},
			"faces": {
				"north": {"uv": [0, 0, 0.5, 0], "texture": "#0"},
				"east": {"uv": [0, 0, 0.5, 0], "texture": "#0"},
				"south": {"uv": [0, 0, 0.5, 0], "texture": "#0"},
				"west": {"uv": [0, 0, 0.5, 0], "texture": "#0"},
				"up": {"uv": [12, 10.5, 11.5, 10], "texture": "#0"},
				"down": {"uv": [11, 11.5, 10.5, 12], "texture": "#0"}
			}
		},
		{
			"from": [16, 0, 11],
			"to": [17, 0, 12],
			"rotation": {"angle": 22.5, "axis": "z", "origin": [14, 0, 8]},
			"faces": {
				"north": {"uv": [0, 0, 0.5, 0], "texture": "#0"},
				"east": {"uv": [0, 0, 0.5, 0], "texture": "#0"},
				"south": {"uv": [0, 0, 0.5, 0], "texture": "#0"},
				"west": {"uv": [0, 0, 0.5, 0], "texture": "#0"},
				"up": {"uv": [2.5, 12.5, 2, 12], "texture": "#0"},
				"down": {"uv": [3, 12, 2.5, 12.5], "texture": "#0"}
			}
		},
		{
			"from": [15, 0, 2],
			"to": [16, 0, 3],
			"rotation": {"angle": 22.5, "axis": "z", "origin": [14, 0, 8]},
			"faces": {
				"north": {"uv": [0, 0, 0.5, 0], "texture": "#0"},
				"east": {"uv": [0, 0, 0.5, 0], "texture": "#0"},
				"south": {"uv": [0, 0, 0.5, 0], "texture": "#0"},
				"west": {"uv": [0, 0, 0.5, 0], "texture": "#0"},
				"up": {"uv": [12, 11, 11.5, 10.5], "texture": "#0"},
				"down": {"uv": [11.5, 11.5, 11, 12], "texture": "#0"}
			}
		},
		{
			"from": [1, 0, 6],
			"to": [2, 0, 7],
			"rotation": {"angle": -22.5, "axis": "z", "origin": [2, 0, 8]},
			"faces": {
				"north": {"uv": [0, 0, 0.5, 0], "texture": "#0"},
				"east": {"uv": [0, 0, 0.5, 0], "texture": "#0"},
				"south": {"uv": [0, 0, 0.5, 0], "texture": "#0"},
				"west": {"uv": [0, 0, 0.5, 0], "texture": "#0"},
				"up": {"uv": [0.5, 12.5, 0, 12], "texture": "#0"},
				"down": {"uv": [1, 12, 0.5, 12.5], "texture": "#0"}
			}
		},
		{
			"from": [0, 0, 5],
			"to": [1, 0, 6],
			"rotation": {"angle": -22.5, "axis": "z", "origin": [2, 0, 8]},
			"faces": {
				"north": {"uv": [0, 0, 0.5, 0], "texture": "#0"},
				"east": {"uv": [0, 0, 0.5, 0], "texture": "#0"},
				"south": {"uv": [0, 0, 0.5, 0], "texture": "#0"},
				"west": {"uv": [0, 0, 0.5, 0], "texture": "#0"},
				"up": {"uv": [3.5, 12.5, 3, 12], "texture": "#0"},
				"down": {"uv": [12.5, 3, 12, 3.5], "texture": "#0"}
			}
		},
		{
			"from": [0, 0, 11],
			"to": [1, 0, 12],
			"rotation": {"angle": -22.5, "axis": "z", "origin": [2, 0, 8]},
			"faces": {
				"north": {"uv": [0, 0, 0.5, 0], "texture": "#0"},
				"east": {"uv": [0, 0, 0.5, 0], "texture": "#0"},
				"south": {"uv": [0, 0, 0.5, 0], "texture": "#0"},
				"west": {"uv": [0, 0, 0.5, 0], "texture": "#0"},
				"up": {"uv": [1.5, 12.5, 1, 12], "texture": "#0"},
				"down": {"uv": [2, 12, 1.5, 12.5], "texture": "#0"}
			}
		},
		{
			"from": [0, 0, 3],
			"to": [2, 0, 4],
			"rotation": {"angle": -22.5, "axis": "z", "origin": [2, 0, 8]},
			"faces": {
				"north": {"uv": [0, 0, 1, 0], "texture": "#0"},
				"east": {"uv": [0, 0, 0.5, 0], "texture": "#0"},
				"south": {"uv": [0, 0, 1, 0], "texture": "#0"},
				"west": {"uv": [0, 0, 0.5, 0], "texture": "#0"},
				"up": {"uv": [11.5, 10.5, 10.5, 10], "texture": "#0"},
				"down": {"uv": [11.5, 10.5, 10.5, 11], "texture": "#0"}
			}
		},
		{
			"from": [0, 0, 8],
			"to": [2, 0, 9],
			"rotation": {"angle": -22.5, "axis": "z", "origin": [2, 0, 8]},
			"faces": {
				"north": {"uv": [0, 0, 1, 0], "texture": "#0"},
				"east": {"uv": [0, 0, 0.5, 0], "texture": "#0"},
				"south": {"uv": [0, 0, 1, 0], "texture": "#0"},
				"west": {"uv": [0, 0, 0.5, 0], "texture": "#0"},
				"up": {"uv": [11.5, 9.5, 10.5, 9], "texture": "#0"},
				"down": {"uv": [11.5, 9.5, 10.5, 10], "texture": "#0"}
			}
		},
		{
			"from": [1, 0, 10],
			"to": [2, 0, 11],
			"rotation": {"angle": -22.5, "axis": "z", "origin": [2, 0, 8]},
			"faces": {
				"north": {"uv": [0, 0, 0.5, 0], "texture": "#0"},
				"east": {"uv": [0, 0, 0.5, 0], "texture": "#0"},
				"south": {"uv": [0, 0, 0.5, 0], "texture": "#0"},
				"west": {"uv": [0, 0, 0.5, 0], "texture": "#0"},
				"up": {"uv": [12, 11.5, 11.5, 11], "texture": "#0"},
				"down": {"uv": [12, 11.5, 11.5, 12], "texture": "#0"}
			}
		},
		{
			"from": [1, 0, 11],
			"to": [2, 0, 13],
			"rotation": {"angle": -22.5, "axis": "z", "origin": [2, 0, 8]},
			"faces": {
				"north": {"uv": [0, 0, 0.5, 0], "texture": "#0"},
				"east": {"uv": [0, 0, 1, 0], "texture": "#0"},
				"south": {"uv": [0, 0, 0.5, 0], "texture": "#0"},
				"west": {"uv": [0, 0, 1, 0], "texture": "#0"},
				"up": {"uv": [11, 8, 10.5, 7], "texture": "#0"},
				"down": {"uv": [11, 8, 10.5, 9], "texture": "#0"}
			}
		}
	],
	"display": {
		"thirdperson_righthand": {
			"translation": [0, 6, 0.75],
			"scale": [0.7, 0.7, 0.7]
		},
		"thirdperson_lefthand": {
			"translation": [0, 6, -0.75],
			"scale": [0.7, 0.7, 0.7]
		},
		"firstperson_righthand": {
			"translation": [-0.75, 5.75, 0],
			"scale": [0.7, 0.7, 0.7]
		},
		"firstperson_lefthand": {
			"translation": [0.75, 5.75, 0],
			"scale": [0.7, 0.7, 0.7]
		},
		"ground": {
			"translation": [0, 4, 0],
			"scale": [0.9, 0.9, 0.9]
		},
		"gui": {
			"rotation": [45, -135, 0],
			"translation": [0, 3.75, 0],
			"scale": [0.7, 0.7, 0.7]
		},
		"head": {
			"translation": [0, 17.75, 0],
			"scale": [1.7, 1.7, 1.7]
		},
		"fixed": {
			"rotation": [-90, 0, 0],
			"translation": [0, 0, -13.25],
			"scale": [1.6, 1.6, 1.6]
		}
	},
	"groups": [
		0,
		1,
		{
			"name": "group",
			"origin": [8, 8, 8],
			"color": 0,
			"children": [2, 3, 4, 5, 6, 7, 8, 9, 10, 11, 12, 13, 14, 15, 16, 17, 18, 19, 20, 21, 22, 23, 24, 25, 26, 27, 28, 29, 30, 31, 32, 33, 34, 35]
		}
	]
}