{
	"credit": "Made with Blockbench",
	"texture_size": [64, 64],
	"textures": {
		"2": "block/fig12",
		"particle": "block/fig12"
	},
	"elements": [
		{
			"name": "base",
			"from": [4, 0, 4],
			"to": [12, 1, 12],
			"faces": {
				"north": {"uv": [7.25, 6, 9.25, 6.25], "texture": "#2"},
				"east": {"uv": [7.25, 6.25, 9.25, 6.5], "texture": "#2"},
				"south": {"uv": [7.5, 2, 9.5, 2.25], "texture": "#2"},
				"west": {"uv": [7.5, 2.25, 9.5, 2.5], "texture": "#2"},
				"up": {"uv": [7.25, 6.5, 5.25, 4.5], "texture": "#2"},
				"down": {"uv": [7.5, 2, 5.5, 4], "texture": "#2"}
			}
		},
		{
			"name": "head",
			"from": [4, 5, 4],
			"to": [12, 13, 12],
			"faces": {
				"north": {"uv": [2, 5.75, 4, 7.75], "texture": "#2"},
				"east": {"uv": [0, 6, 2, 8], "texture": "#2"},
				"south": {"uv": [6, 0, 8, 2], "texture": "#2"},
				"west": {"uv": [4, 6.5, 6, 8.5], "texture": "#2"},
				"up": {"uv": [8, 8.5, 6, 6.5], "texture": "#2"},
				"down": {"uv": [9.25, 4, 7.25, 6], "texture": "#2"}
			}
		},
		{
			"from": [5, 2, 5],
			"to": [6, 5, 6],
			"faces": {
				"north": {"uv": [4.25, 5.75, 4.5, 6.5], "texture": "#2"},
				"east": {"uv": [7.5, 2.5, 7.75, 3.25], "texture": "#2"},
				"south": {"uv": [7.5, 3.25, 7.75, 4], "texture": "#2"},
				"west": {"uv": [2, 7.75, 2.25, 8.5], "texture": "#2"},
				"up": {"uv": [3, 5.75, 2.75, 5.5], "texture": "#2"},
				"down": {"uv": [3.25, 5.5, 3, 5.75], "texture": "#2"}
			}
		},
		{
			"from": [8, 1, 7],
			"to": [9, 5, 8],
			"faces": {
				"north": {"uv": [4.75, 5.25, 5, 6.25], "texture": "#2"},
				"east": {"uv": [5, 5.25, 5.25, 6.25], "texture": "#2"},
				"south": {"uv": [4, 5.5, 4.25, 6.5], "texture": "#2"},
				"west": {"uv": [4.5, 5.5, 4.75, 6.5], "texture": "#2"},
				"up": {"uv": [3.5, 5.75, 3.25, 5.5], "texture": "#2"},
				"down": {"uv": [3.75, 5.5, 3.5, 5.75], "texture": "#2"}
			}
		},
		{
			"from": [10, 2, 5],
			"to": [11, 5, 6],
			"faces": {
				"north": {"uv": [2.25, 7.75, 2.5, 8.5], "texture": "#2"},
				"east": {"uv": [2.5, 7.75, 2.75, 8.5], "texture": "#2"},
				"south": {"uv": [7.75, 2.5, 8, 3.25], "texture": "#2"},
				"west": {"uv": [2.75, 7.75, 3, 8.5], "texture": "#2"},
				"up": {"uv": [4, 5.75, 3.75, 5.5], "texture": "#2"},
				"down": {"uv": [5.75, 4, 5.5, 4.25], "texture": "#2"}
			}
		},
		{
			"from": [10, 2, 8],
			"to": [11, 5, 9],
			"faces": {
				"north": {"uv": [3, 7.75, 3.25, 8.5], "texture": "#2"},
				"east": {"uv": [3.25, 7.75, 3.5, 8.5], "texture": "#2"},
				"south": {"uv": [7.75, 3.25, 8, 4], "texture": "#2"},
				"west": {"uv": [3.5, 7.75, 3.75, 8.5], "texture": "#2"},
				"up": {"uv": [5.75, 4.5, 5.5, 4.25], "texture": "#2"},
				"down": {"uv": [6, 4, 5.75, 4.25], "texture": "#2"}
			}
		},
		{
			"from": [8, 2, 5],
			"to": [9, 5, 6],
			"faces": {
				"north": {"uv": [3.75, 7.75, 4, 8.5], "texture": "#2"},
				"east": {"uv": [0, 8, 0.25, 8.75], "texture": "#2"},
				"south": {"uv": [8, 0, 8.25, 0.75], "texture": "#2"},
				"west": {"uv": [0.25, 8, 0.5, 8.75], "texture": "#2"},
				"up": {"uv": [6, 4.5, 5.75, 4.25], "texture": "#2"},
				"down": {"uv": [6.25, 4, 6, 4.25], "texture": "#2"}
			}
		},
		{
			"from": [7, 2, 9],
			"to": [8, 5, 10],
			"faces": {
				"north": {"uv": [0.5, 8, 0.75, 8.75], "texture": "#2"},
				"east": {"uv": [0.75, 8, 1, 8.75], "texture": "#2"},
				"south": {"uv": [8, 0.75, 8.25, 1.5], "texture": "#2"},
				"west": {"uv": [1, 8, 1.25, 8.75], "texture": "#2"},
				"up": {"uv": [6.25, 4.5, 6, 4.25], "texture": "#2"},
				"down": {"uv": [6.5, 4, 6.25, 4.25], "texture": "#2"}
			}
		},
		{
			"from": [9, 2, 10],
			"to": [10, 5, 11],
			"faces": {
				"north": {"uv": [1.25, 8, 1.5, 8.75], "texture": "#2"},
				"east": {"uv": [1.5, 8, 1.75, 8.75], "texture": "#2"},
				"south": {"uv": [1.75, 8, 2, 8.75], "texture": "#2"},
				"west": {"uv": [8, 2.5, 8.25, 3.25], "texture": "#2"},
				"up": {"uv": [6.5, 4.5, 6.25, 4.25], "texture": "#2"},
				"down": {"uv": [5, 6.25, 4.75, 6.5], "texture": "#2"}
			}
		},
		{
			"from": [6, 2, 7],
			"to": [7, 5, 8],
			"faces": {
				"north": {"uv": [8, 3.25, 8.25, 4], "texture": "#2"},
				"east": {"uv": [8, 6.5, 8.25, 7.25], "texture": "#2"},
				"south": {"uv": [8, 7.25, 8.25, 8], "texture": "#2"},
				"west": {"uv": [8, 8, 8.25, 8.75], "texture": "#2"},
				"up": {"uv": [5.25, 6.5, 5, 6.25], "texture": "#2"},
				"down": {"uv": [6.75, 4, 6.5, 4.25], "texture": "#2"}
			}
		},
		{
			"from": [5, 2, 10],
			"to": [6, 5, 11],
			"faces": {
				"north": {"uv": [8.25, 0, 8.5, 0.75], "texture": "#2"},
				"east": {"uv": [8.25, 0.75, 8.5, 1.5], "texture": "#2"},
				"south": {"uv": [8.25, 2.5, 8.5, 3.25], "texture": "#2"},
				"west": {"uv": [8.25, 3.25, 8.5, 4], "texture": "#2"},
				"up": {"uv": [6.75, 4.5, 6.5, 4.25], "texture": "#2"},
				"down": {"uv": [7, 4, 6.75, 4.25], "texture": "#2"}
			}
		}
	],
	"gui_light": "front",
	"display": {
		"thirdperson_righthand": {
			"translation": [0, 0, -2],
			"scale": [0.5, 0.5, 0.5]
		},
		"thirdperson_lefthand": {
			"translation": [0, 0, -2],
			"scale": [0.5, 0.5, 0.5]
		},
		"firstperson_righthand": {
			"scale": [0.5, 0.5, 0.5]
		},
		"firstperson_lefthand": {
			"scale": [0.5, 0.5, 0.5]
		},
		"ground": {
			"translation": [0, 2, 0],
			"scale": [0.5, 0.5, 0.5]
		},
		"gui": {
			"rotation": [0, -180, 0],
			"translation": [0, 1.5, 0]
		},
		"head": {
			"translation": [0, 12.5, 0],
			"scale": [0.75, 0.75, 0.75]
		},
		"fixed": {
			"rotation": [-90, 180, 0],
			"translation": [0, 0, -9.5],
			"scale": [1.2, 1.2, 1.2]
		}
	},
	"groups": [
		0,
		1,
		{
			"name": "tenticles",
			"origin": [0, 0, 0],
			"color": 0,
			"children": [2, 3, 4, 5, 6, 7, 8, 9, 10]
		}
	]
}