{
	"credit": "Made with Blockbench",
	"textures": {
		"2": "block/heart_glasses",
		"particle": "block/heart_glasses"
	},
	"elements": [
		{
			"from": [8, 1, 1],
			"to": [9, 2, 1.5],
			"rotation": {"angle": 45, "axis": "z", "origin": [8, 1, 1]},
			"faces": {
				"north": {"uv": [4, 6, 5, 7], "texture": "#2"},
				"east": {"uv": [6, 4, 7, 5], "texture": "#2"},
				"south": {"uv": [5, 6, 6, 7], "texture": "#2"},
				"west": {"uv": [6, 5, 7, 6], "texture": "#2"},
				"up": {"uv": [7, 7, 6, 6], "texture": "#2"},
				"down": {"uv": [1, 7, 0, 8], "texture": "#2"}
			}
		},
		{
			"from": [8, 0, 1],
			"to": [10, 1, 1.5],
			"rotation": {"angle": 45, "axis": "z", "origin": [8, 1, 1]},
			"faces": {
				"north": {"uv": [0, 4, 2, 5], "texture": "#2"},
				"east": {"uv": [6, 2, 7, 3], "texture": "#2"},
				"south": {"uv": [2, 4, 4, 5], "texture": "#2"},
				"west": {"uv": [6, 3, 7, 4], "texture": "#2"},
				"up": {"uv": [6, 5, 4, 4], "texture": "#2"},
				"down": {"uv": [2, 5, 0, 6], "texture": "#2"}
			}
		},
		{
			"from": [4.75, 1, 1],
			"to": [5.75, 2, 1.5],
			"rotation": {"angle": 45, "axis": "z", "origin": [4.75, 1, 1]},
			"faces": {
				"north": {"uv": [1, 7, 2, 8], "texture": "#2"},
				"east": {"uv": [2, 7, 3, 8], "texture": "#2"},
				"south": {"uv": [7, 2, 8, 3], "texture": "#2"},
				"west": {"uv": [3, 7, 4, 8], "texture": "#2"},
				"up": {"uv": [8, 4, 7, 3], "texture": "#2"},
				"down": {"uv": [5, 7, 4, 8], "texture": "#2"}
			}
		},
		{
			"from": [4.75, 0, 1],
			"to": [6.75, 1, 1.5],
			"rotation": {"angle": 45, "axis": "z", "origin": [4.75, 1, 1]},
			"faces": {
				"north": {"uv": [2, 5, 4, 6], "texture": "#2"},
				"east": {"uv": [7, 4, 8, 5], "texture": "#2"},
				"south": {"uv": [4, 5, 6, 6], "texture": "#2"},
				"west": {"uv": [5, 7, 6, 8], "texture": "#2"},
				"up": {"uv": [2, 7, 0, 6], "texture": "#2"},
				"down": {"uv": [8, 0, 6, 1], "texture": "#2"}
			}
		},
		{
			"from": [6.075, 1.5, 1.25],
			"to": [8.075, 2, 1.25],
			"rotation": {"angle": 0, "axis": "y", "origin": [6.075, 1.5, 1.25]},
			"faces": {
				"north": {"uv": [6, 1, 8, 2], "texture": "#2"},
				"east": {"uv": [0, 0, 0, 1], "texture": "#missing"},
				"south": {"uv": [2, 6, 4, 7], "texture": "#2"},
				"west": {"uv": [0, 0, 0, 1], "texture": "#missing"},
				"up": {"uv": [2, 0, 0, 0], "texture": "#missing"},
				"down": {"uv": [2, 0, 0, 0], "texture": "#missing"}
			}
		},
		{
			"from": [9.575, 1.5, 1.25],
			"to": [10.575, 2, 1.25],
			"rotation": {"angle": 0, "axis": "y", "origin": [9.575, 1.5, 1.25]},
			"faces": {
				"north": {"uv": [7, 6, 8, 7], "texture": "#2"},
				"east": {"uv": [0, 0, 0, 1], "texture": "#missing"},
				"south": {"uv": [7, 7, 8, 8], "texture": "#2"},
				"west": {"uv": [0, 0, 0, 1], "texture": "#missing"},
				"up": {"uv": [1, 0, 0, 0], "texture": "#missing"},
				"down": {"uv": [1, 0, 0, 0], "texture": "#missing"}
			}
		},
		{
			"from": [3.575, 1.5, 1.25],
			"to": [4.575, 2, 1.25],
			"rotation": {"angle": 0, "axis": "y", "origin": [3.575, 1.5, 1.25]},
			"faces": {
				"north": {"uv": [7, 5, 8, 6], "texture": "#2"},
				"east": {"uv": [0, 0, 0, 1], "texture": "#2"},
				"south": {"uv": [6, 7, 7, 8], "texture": "#2"},
				"west": {"uv": [0, 0, 0, 1], "texture": "#2"},
				"up": {"uv": [1, 0, 0, 0], "texture": "#2"},
				"down": {"uv": [1, 0, 0, 0], "texture": "#2"}
			}
		},
		{
			"from": [3.575, 1.5, 1.25],
			"to": [3.575, 2, 7.25],
			"rotation": {"angle": 0, "axis": "y", "origin": [3.575, 1.5, 1.25]},
			"faces": {
				"north": {"uv": [0, 0, 0, 1], "texture": "#2"},
				"east": {"uv": [0, 0, 6, 1], "texture": "#2"},
				"south": {"uv": [0, 0, 0, 1], "texture": "#2"},
				"west": {"uv": [0, 1, 6, 2], "texture": "#2"},
				"up": {"uv": [0, 6, 0, 0], "texture": "#2"},
				"down": {"uv": [0, 0, 0, 6], "texture": "#2"}
			}
		},
		{
			"from": [10.575, 1.5, 1.25],
			"to": [10.575, 2, 7.25],
			"rotation": {"angle": 0, "axis": "y", "origin": [10.575, 1.5, 1.25]},
			"faces": {
				"north": {"uv": [0, 0, 0, 1], "texture": "#missing"},
				"east": {"uv": [0, 2, 6, 3], "texture": "#2"},
				"south": {"uv": [0, 0, 0, 1], "texture": "#missing"},
				"west": {"uv": [0, 3, 6, 4], "texture": "#2"},
				"up": {"uv": [0, 6, 0, 0], "texture": "#missing"},
				"down": {"uv": [0, 0, 0, 6], "texture": "#missing"}
			}
		}
	],
	"display": {
		"thirdperson_righthand": {
			"translation": [-2.25, 4.5, 4]
		},
		"thirdperson_lefthand": {
			"translation": [-3.75, 4.5, 4]
		},
		"firstperson_righthand": {
			"translation": [1.5, 3.5, 0]
		},
		"firstperson_lefthand": {
			"translation": [1, 3.25, 0]
		},
		"ground": {
			"translation": [1.25, 5, 5],
			"scale": [1.2, 1.2, 1.2]
		},
		"gui": {
			"rotation": [45, 145, 0],
			"translation": [2.25, 10, 0],
			"scale": [1.4, 1.4, 1.4]
		},
		"head": {
			"translation": [1.85, 13.75, 6.5],
			"scale": [2.1, 2.1, 2.1]
		},
		"fixed": {
			"translation": [2.25, 16.75, 14.25],
			"scale": [2.6, 2.6, 2.6]
		}
	},
	"groups": [
		{
			"name": "group",
			"origin": [8, 1, 1],
			"color": 0,
			"children": [
				0,
				1,
				{
					"name": "group",
					"origin": [8, 1, 1],
					"color": 0,
					"children": [2, 3]
				}
			]
		},
		4,
		5,
		6,
		7,
		8
	]
}