{
	"credit": "Made with Blockbench",
	"texture_size": [32, 32],
	"textures": {
		"0": "block/minerhat",
		"particle": "block/minerhat"
	},
	"elements": [
		{
			"name": "top",
			"from": [5, 6, 5],
			"to": [11, 7, 11],
			"faces": {
				"north": {"uv": [5, 10, 8, 10.5], "texture": "#0"},
				"east": {"uv": [5, 10.5, 8, 11], "texture": "#0"},
				"south": {"uv": [9, 10.5, 12, 11], "texture": "#0"},
				"west": {"uv": [0, 11, 3, 11.5], "texture": "#0"},
				"up": {"uv": [3, 8, 0, 5], "texture": "#0"},
				"down": {"uv": [6, 5, 3, 8], "texture": "#0"}
			}
		},
		{
			"name": "light",
			"from": [6, 4, 1],
			"to": [10, 8, 2],
			"rotation": {"angle": 22.5, "axis": "x", "origin": [0, 0, 0]},
			"faces": {
				"north": {"uv": [9, 4.5, 11, 6.5], "texture": "#0"},
				"east": {"uv": [11, 5, 11.5, 7], "texture": "#0"},
				"south": {"uv": [9, 6.5, 11, 8.5], "texture": "#0"},
				"west": {"uv": [5.5, 11, 6, 13], "texture": "#0"},
				"up": {"uv": [8, 11.5, 6, 11], "texture": "#0"},
				"down": {"uv": [13, 7, 11, 7.5], "texture": "#0"}
			}
		},
		{
			"name": "edge",
			"from": [5, 3, 4],
			"to": [11, 6, 5],
			"faces": {
				"north": {"uv": [0, 8, 3, 9.5], "texture": "#0"},
				"east": {"uv": [10, 11, 10.5, 12.5], "texture": "#0"},
				"south": {"uv": [8, 0, 11, 1.5], "texture": "#0"},
				"west": {"uv": [10.5, 11, 11, 12.5], "texture": "#0"},
				"up": {"uv": [14, 1.5, 11, 1], "texture": "#0"},
				"down": {"uv": [14, 1.5, 11, 2], "texture": "#0"}
			}
		},
		{
			"name": "edge",
			"from": [4, 3, 5],
			"to": [5, 6, 11],
			"faces": {
				"north": {"uv": [0.5, 11.5, 1, 13], "texture": "#0"},
				"east": {"uv": [8, 3, 11, 4.5], "texture": "#0"},
				"south": {"uv": [1, 11.5, 1.5, 13], "texture": "#0"},
				"west": {"uv": [6, 8, 9, 9.5], "texture": "#0"},
				"up": {"uv": [4, 14, 3.5, 11], "texture": "#0"},
				"down": {"uv": [5.5, 11, 5, 14], "texture": "#0"}
			}
		},
		{
			"name": "edge",
			"from": [5, 3, 11],
			"to": [11, 6, 12],
			"faces": {
				"north": {"uv": [6, 5, 9, 6.5], "texture": "#0"},
				"east": {"uv": [9, 11, 9.5, 12.5], "texture": "#0"},
				"south": {"uv": [6, 6.5, 9, 8], "texture": "#0"},
				"west": {"uv": [9.5, 11, 10, 12.5], "texture": "#0"},
				"up": {"uv": [14, 0.5, 11, 0], "texture": "#0"},
				"down": {"uv": [14, 0.5, 11, 1], "texture": "#0"}
			}
		},
		{
			"name": "edge",
			"from": [11, 3, 5],
			"to": [12, 6, 11],
			"faces": {
				"north": {"uv": [11, 11, 11.5, 12.5], "texture": "#0"},
				"east": {"uv": [8, 1.5, 11, 3], "texture": "#0"},
				"south": {"uv": [0, 11.5, 0.5, 13], "texture": "#0"},
				"west": {"uv": [3, 8, 6, 9.5], "texture": "#0"},
				"up": {"uv": [11.5, 5, 11, 2], "texture": "#0"},
				"down": {"uv": [3.5, 11, 3, 14], "texture": "#0"}
			}
		},
		{
			"from": [4, 2, 3],
			"to": [12, 3, 13],
			"faces": {
				"north": {"uv": [9, 10, 13, 10.5], "texture": "#0"},
				"east": {"uv": [9, 8.5, 14, 9], "texture": "#0"},
				"south": {"uv": [0, 10.5, 4, 11], "texture": "#0"},
				"west": {"uv": [9, 9, 14, 9.5], "texture": "#0"},
				"up": {"uv": [4, 5, 0, 0], "texture": "#0"},
				"down": {"uv": [8, 0, 4, 5], "texture": "#0"}
			}
		},
		{
			"from": [3, 2, 4],
			"to": [4, 3, 12],
			"faces": {
				"north": {"uv": [8, 4.5, 8.5, 5], "texture": "#0"},
				"east": {"uv": [0, 9.5, 4, 10], "texture": "#0"},
				"south": {"uv": [8.5, 4.5, 9, 5], "texture": "#0"},
				"west": {"uv": [4, 9.5, 8, 10], "texture": "#0"},
				"up": {"uv": [8.5, 13.5, 8, 9.5], "texture": "#0"},
				"down": {"uv": [9, 9.5, 8.5, 13.5], "texture": "#0"}
			}
		},
		{
			"from": [12, 2, 4],
			"to": [13, 3, 12],
			"faces": {
				"north": {"uv": [11, 7.5, 11.5, 8], "texture": "#0"},
				"east": {"uv": [9, 9.5, 13, 10], "texture": "#0"},
				"south": {"uv": [11, 8, 11.5, 8.5], "texture": "#0"},
				"west": {"uv": [0, 10, 4, 10.5], "texture": "#0"},
				"up": {"uv": [4.5, 14, 4, 10], "texture": "#0"},
				"down": {"uv": [5, 10, 4.5, 14], "texture": "#0"}
			}
		}
	],
	"display": {
		"thirdperson_righthand": {
			"translation": [0, -0.5, -2.75],
			"scale": [0.7, 0.7, 0.7]
		},
		"thirdperson_lefthand": {
			"translation": [0, -0.5, -2.75],
			"scale": [0.7, 0.7, 0.7]
		},
		"firstperson_righthand": {
			"translation": [0.25, 1.25, 0],
			"scale": [0.7, 0.7, 0.7]
		},
		"firstperson_lefthand": {
			"translation": [0.25, 1.75, 0],
			"scale": [0.7, 0.7, 0.7]
		},
		"ground": {
			"translation": [0, 2.5, 0]
		},
		"gui": {
			"rotation": [45, -135, 0],
			"translation": [0, 3, 0]
		},
		"head": {
			"translation": [0, 14.75, 0],
			"scale": [1.6, 1.6, 1.6]
		},
		"fixed": {
			"rotation": [-90, 0, 0],
			"translation": [0, 0, -10.75],
			"scale": [1.8, 1.8, 1.8]
		}
	},
	"groups": [
		0,
		1,
		{
			"name": "group",
			"origin": [0, 0, 0],
			"color": 0,
			"children": [2, 3, 4, 5]
		},
		{
			"name": "base",
			"origin": [0, 0, 0],
			"color": 0,
			"children": [6, 7, 8]
		}
	]
}