{
	"credit": "Made with Blockbench",
	"texture_size": [64, 64],
	"textures": {
		"2": "block/pirate_hat"
	},
	"elements": [
		{
			"from": [1, 1, 3],
			"to": [15, 6, 3],
			"rotation": {"angle": 0, "axis": "y", "origin": [0, 24, 0]},
			"faces": {
				"north": {"uv": [0, 5.5, 3.5, 6.75], "texture": "#2"},
				"east": {"uv": [0, 0, 0, 1.25], "texture": "#2"},
				"south": {"uv": [3.5, 5.5, 0, 6.75], "texture": "#2"},
				"west": {"uv": [0, 0, 0, 1.25], "texture": "#2"},
				"up": {"uv": [3.5, 0, 0, 0], "texture": "#2"},
				"down": {"uv": [3.5, 0, 0, 0], "texture": "#2"}
			}
		},
		{
			"from": [1, 1, 3],
			"to": [15, 6, 3],
			"rotation": {"angle": 0, "axis": "y", "origin": [0, 24, 0]},
			"faces": {
				"north": {"uv": [3.5, 4.5, 7, 5.75], "texture": "#2"},
				"east": {"uv": [0, 0, 0, 1.25], "texture": "#2"},
				"south": {"uv": [7, 4.5, 3.5, 5.75], "texture": "#2"},
				"west": {"uv": [0, 0, 0, 1.25], "texture": "#2"},
				"up": {"uv": [3.5, 0, 0, 0], "texture": "#2"},
				"down": {"uv": [3.5, 0, 0, 0], "texture": "#2"}
			}
		},
		{
			"from": [1, 1, 14],
			"to": [15, 6, 14],
			"rotation": {"angle": 0, "axis": "y", "origin": [0, 24, 16]},
			"faces": {
				"north": {"uv": [0, 5.5, 3.5, 6.75], "texture": "#2"},
				"east": {"uv": [0, 0, 0, 1.25], "texture": "#2"},
				"south": {"uv": [3.5, 5.5, 0, 6.75], "texture": "#2"},
				"west": {"uv": [0, 0, 0, 1.25], "texture": "#2"},
				"up": {"uv": [3.5, 0, 0, 0], "texture": "#2"},
				"down": {"uv": [3.5, 0, 0, 0], "texture": "#2"}
			}
		},
		{
			"from": [1, 1, 14],
			"to": [15, 6, 14],
			"rotation": {"angle": 0, "axis": "y", "origin": [0, 24, 16]},
			"faces": {
				"north": {"uv": [3.5, 4.5, 7, 5.75], "texture": "#2"},
				"east": {"uv": [0, 0, 0, 1.25], "texture": "#2"},
				"south": {"uv": [7, 4.5, 3.5, 5.75], "texture": "#2"},
				"west": {"uv": [0, 0, 0, 1.25], "texture": "#2"},
				"up": {"uv": [3.5, 0, 0, 0], "texture": "#2"},
				"down": {"uv": [3.5, 0, 0, 0], "texture": "#2"}
			}
		},
		{
			"from": [1, 1, 3],
			"to": [15, 1, 14],
			"rotation": {"angle": 0, "axis": "y", "origin": [0, 24, 0]},
			"faces": {
				"north": {"uv": [0, 0, 3.5, 0], "texture": "#2"},
				"east": {"uv": [0, 0, 2.75, 0], "texture": "#2"},
				"south": {"uv": [0, 0, 3.5, 0], "texture": "#2"},
				"west": {"uv": [0, 0, 2.75, 0], "texture": "#2"},
				"up": {"uv": [3.5, 2.75, 0, 0], "texture": "#2"},
				"down": {"uv": [3.5, 2.75, 0, 5.5], "texture": "#2"}
			}
		},
		{
			"from": [3, 1, 4],
			"to": [13, 5, 13],
			"rotation": {"angle": 0, "axis": "y", "origin": [0, 24, 0]},
			"faces": {
				"north": {"uv": [2.75, 7, 5.25, 8], "texture": "#2"},
				"east": {"uv": [5.25, 7, 7.5, 8], "texture": "#2"},
				"south": {"uv": [7, 4.25, 9.5, 5.25], "texture": "#2"},
				"west": {"uv": [7, 5.25, 9.25, 6.25], "texture": "#2"},
				"up": {"uv": [6, 2.25, 3.5, 0], "texture": "#2"},
				"down": {"uv": [6, 2.25, 3.5, 4.5], "texture": "#2"}
			}
		},
		{
			"from": [15, 1, 3],
			"to": [15, 5, 14],
			"rotation": {"angle": 0, "axis": "y", "origin": [0, 24, 0]},
			"faces": {
				"north": {"uv": [0, 0, 0, 1], "texture": "#2"},
				"east": {"uv": [6, 3.25, 8.75, 4.25], "texture": "#2"},
				"south": {"uv": [0, 0, 0, 1], "texture": "#2"},
				"west": {"uv": [8.75, 3.25, 6, 4.25], "texture": "#2"},
				"up": {"uv": [0, 2.75, 0, 0], "texture": "#2"},
				"down": {"uv": [0, 0, 0, 2.75], "texture": "#2"}
			}
		},
		{
			"from": [15, 1, 3],
			"to": [15, 5, 14],
			"rotation": {"angle": 0, "axis": "y", "origin": [0, 24, 0]},
			"faces": {
				"north": {"uv": [0, 0, 0, 1], "texture": "#2"},
				"east": {"uv": [6, 2.25, 8.75, 3.25], "texture": "#2"},
				"south": {"uv": [0, 0, 0, 1], "texture": "#2"},
				"west": {"uv": [8.75, 2.25, 6, 3.25], "texture": "#2"},
				"up": {"uv": [0, 2.75, 0, 0], "texture": "#2"},
				"down": {"uv": [0, 0, 0, 2.75], "texture": "#2"}
			}
		},
		{
			"from": [1, 1, 3],
			"to": [1, 5, 14],
			"rotation": {"angle": 0, "axis": "y", "origin": [16, 24, 0]},
			"faces": {
				"north": {"uv": [0, 0, 0, 1], "texture": "#2"},
				"east": {"uv": [6, 3.25, 8.75, 4.25], "texture": "#2"},
				"south": {"uv": [0, 0, 0, 1], "texture": "#2"},
				"west": {"uv": [8.75, 3.25, 6, 4.25], "texture": "#2"},
				"up": {"uv": [0, 2.75, 0, 0], "texture": "#2"},
				"down": {"uv": [0, 0, 0, 2.75], "texture": "#2"}
			}
		},
		{
			"from": [1, 1, 3],
			"to": [1, 5, 14],
			"rotation": {"angle": 0, "axis": "y", "origin": [16, 24, 0]},
			"faces": {
				"north": {"uv": [0, 0, 0, 1], "texture": "#2"},
				"east": {"uv": [6, 2.25, 8.75, 3.25], "texture": "#2"},
				"south": {"uv": [0, 0, 0, 1], "texture": "#2"},
				"west": {"uv": [8.75, 2.25, 6, 3.25], "texture": "#2"},
				"up": {"uv": [0, 2.75, 0, 0], "texture": "#2"},
				"down": {"uv": [0, 0, 0, 2.75], "texture": "#2"}
			}
		}
	],
	"display": {
		"thirdperson_righthand": {
			"rotation": [72.84, 5.21, 4.83],
			"translation": [-0.25, 2.5, 1.5],
			"scale": [0.51758, 0.51758, 0.51758]
		},
		"thirdperson_lefthand": {
			"rotation": [72.84, 5.21, 4.83],
			"translation": [-0.25, 2.5, 1.5],
			"scale": [0.51758, 0.51758, 0.51758]
		},
		"firstperson_righthand": {
			"rotation": [180, 67.75, 180],
			"translation": [1.25, 3.75, 0.75],
			"scale": [0.4, 0.4, 0.4]
		},
		"firstperson_lefthand": {
			"rotation": [180, 67.75, 180],
			"translation": [1.25, 3.75, 0.75],
			"scale": [0.4, 0.4, 0.4]
		},
		"ground": {
			"translation": [0, 5.75, 0],
			"scale": [0.81641, 0.81641, 0.81641]
		},
		"gui": {
			"rotation": [30, 225, 0],
			"translation": [0.25, 2.5, 0],
			"scale": [0.80664, 0.80664, 0.80664]
		},
		"head": {
			"translation": [0, 12.75, -1],
			"scale": [1.69922, 1.69922, 1.69922]
		},
		"fixed": {
			"rotation": [-90, 180, 0],
			"translation": [0, 0, -14.25],
			"scale": [2, 2, 2]
		}
	},
	"groups": [
		{
			"name": "h_head",
			"origin": [0, 24, 0],
			"color": 0,
			"children": [
				{
					"name": "group",
					"origin": [0, 24, 0],
					"color": 0,
					"children": [0, 1]
				},
				{
					"name": "group",
					"origin": [0, 24, 0],
					"color": 0,
					"children": [2, 3]
				},
				4,
				5,
				{
					"name": "group",
					"origin": [0, 24, 0],
					"color": 0,
					"children": [6, 7]
				},
				{
					"name": "group",
					"origin": [0, 24, 0],
					"color": 0,
					"children": [8, 9]
				}
			]
		}
	]
}