{
	"credit": "Made with Blockbench",
	"texture_size": [32, 32],
	"textures": {
		"2": "block/rabbit_hat_tint"
	},
	"elements": [
		{
			"from": [4.4, 3, 7],
			"to": [7.4, 9, 9],
			"rotation": {"angle": 0, "axis": "y", "origin": [4.4, 0, 4]},
			"faces": {
				"north": {"uv": [3.5, 8, 5, 11], "texture": "#2", "tintindex": 0},
				"east": {"uv": [8, 5, 9, 8], "texture": "#2", "tintindex": 0},
				"south": {"uv": [5, 8, 6.5, 11], "texture": "#2", "tintindex": 0},
				"west": {"uv": [6.5, 8, 7.5, 11], "texture": "#2", "tintindex": 0},
				"up": {"uv": [9, 11, 7.5, 10], "texture": "#2", "tintindex": 0},
				"down": {"uv": [10.5, 10, 9, 11], "texture": "#2", "tintindex": 0}
			}
		},
		{
			"from": [8.7, 3, 7],
			"to": [11.7, 13, 9],
			"rotation": {"angle": 0, "axis": "y", "origin": [4, 0, 4]},
			"faces": {
				"north": {"uv": [0, 8, 1.5, 13], "texture": "#2", "tintindex": 0},
				"east": {"uv": [1.5, 8, 2.5, 13], "texture": "#2", "tintindex": 0},
				"south": {"uv": [8, 0, 9.5, 5], "texture": "#2", "tintindex": 0},
				"west": {"uv": [2.5, 8, 3.5, 13], "texture": "#2", "tintindex": 0},
				"up": {"uv": [12, 4, 10.5, 3], "texture": "#2", "tintindex": 0},
				"down": {"uv": [12, 4, 10.5, 5], "texture": "#2", "tintindex": 0}
			}
		},
		{
			"from": [4.41, 9.92969, 5.63359],
			"to": [7.39, 13.90969, 7.61359],
			"rotation": {"angle": -22.5, "axis": "x", "origin": [5.9, 12.91969, 10.62359]},
			"faces": {
				"north": {"uv": [7.5, 8, 9, 10], "texture": "#2", "tintindex": 0},
				"east": {"uv": [9.5, 1, 10.5, 3], "texture": "#2", "tintindex": 0},
				"south": {"uv": [9, 5, 10.5, 7], "texture": "#2", "tintindex": 0},
				"west": {"uv": [9.5, 3, 10.5, 5], "texture": "#2", "tintindex": 0},
				"up": {"uv": [12, 2, 10.5, 1], "texture": "#2", "tintindex": 0},
				"down": {"uv": [12, 2, 10.5, 3], "texture": "#2", "tintindex": 0}
			}
		},
		{
			"from": [4, 0, 4],
			"to": [12, 4, 12],
			"rotation": {"angle": 0, "axis": "y", "origin": [4, 1, 4]},
			"faces": {
				"north": {"uv": [4, 0, 8, 2], "texture": "#2", "tintindex": 0},
				"east": {"uv": [4, 2, 8, 4], "texture": "#2", "tintindex": 0},
				"south": {"uv": [4, 4, 8, 6], "texture": "#2", "tintindex": 0},
				"west": {"uv": [4, 6, 8, 8], "texture": "#2", "tintindex": 0},
				"up": {"uv": [4, 4, 0, 0], "texture": "#2", "tintindex": 0},
				"down": {"uv": [4, 4, 0, 8], "texture": "#2", "tintindex": 0}
			}
		},
		{
			"from": [6, 0, 2],
			"to": [10, 2, 4],
			"rotation": {"angle": 0, "axis": "y", "origin": [4, 1, 4]},
			"faces": {
				"north": {"uv": [9, 7, 11, 8], "texture": "#2", "tintindex": 0},
				"east": {"uv": [10.5, 5, 11.5, 6], "texture": "#2", "tintindex": 0},
				"south": {"uv": [9, 8, 11, 9], "texture": "#2", "tintindex": 0},
				"west": {"uv": [10.5, 6, 11.5, 7], "texture": "#2", "tintindex": 0},
				"up": {"uv": [11, 10, 9, 9], "texture": "#2", "tintindex": 0},
				"down": {"uv": [11.5, 0, 9.5, 1], "texture": "#2", "tintindex": 0}
			}
		},
		{
			"from": [7, 1, 1.9],
			"to": [9, 2.1, 2.9],
			"rotation": {"angle": 0, "axis": "y", "origin": [4, 1, 4]},
			"faces": {
				"north": {"uv": [10.5, 10, 11.5, 10.5], "texture": "#2", "tintindex": 0},
				"east": {"uv": [5.5, 11, 6, 11.5], "texture": "#2", "tintindex": 0},
				"south": {"uv": [10.5, 10.5, 11.5, 11], "texture": "#2", "tintindex": 0},
				"west": {"uv": [6, 11, 6.5, 11.5], "texture": "#2", "tintindex": 0},
				"up": {"uv": [4.5, 11.5, 3.5, 11], "texture": "#2", "tintindex": 0},
				"down": {"uv": [5.5, 11, 4.5, 11.5], "texture": "#2", "tintindex": 0}
			}
		}
	],
	"display": {
		"thirdperson_righthand": {
			"rotation": [75, 45, 0],
			"translation": [0, 2.5, 1.5],
			"scale": [0.375, 0.375, 0.375]
		},
		"thirdperson_lefthand": {
			"rotation": [75, 45, 0],
			"translation": [0, 2.5, 1.5],
			"scale": [0.375, 0.375, 0.375]
		},
		"firstperson_righthand": {
			"rotation": [180, 67.75, 180],
			"translation": [1.25, 3.75, 0],
			"scale": [0.4, 0.4, 0.4]
		},
		"firstperson_lefthand": {
			"rotation": [180, 67.75, 180],
			"translation": [1.25, 3.75, 0],
			"scale": [0.4, 0.4, 0.4]
		},
		"ground": {
			"translation": [0, 5.75, 0],
			"scale": [0.81641, 0.81641, 0.81641]
		},
		"gui": {
			"rotation": [30, 225, 0],
			"translation": [-0.5, 2.5, 0],
			"scale": [0.9043, 0.9043, 0.9043]
		},
		"head": {
			"translation": [0, 17.25, 0],
			"scale": [1.93359, 1.93359, 1.93359]
		},
		"fixed": {
			"rotation": [-90, 0, 0],
			"translation": [0, 0, -16.75],
			"scale": [2.13086, 2.13086, 2.13086]
		}
	}
}