{
	"credit": "Made with Blockbench",
	"texture_size": [32, 32],
	"textures": {
		"0": "block/weaponsmithhat",
		"particle": "block/weaponsmithhat"
	},
	"elements": [
		{
			"from": [3, 3, 3],
			"to": [13, 5, 4],
			"faces": {
				"north": {"uv": [0, 0, 5, 1], "texture": "#0"},
				"east": {"uv": [0, 7.5, 0.5, 8.5], "texture": "#0"},
				"south": {"uv": [0, 1, 5, 2], "texture": "#0"},
				"west": {"uv": [0.5, 7.5, 1, 8.5], "texture": "#0"},
				"up": {"uv": [10, 1.5, 5, 1], "texture": "#0"},
				"down": {"uv": [10, 1.5, 5, 2], "texture": "#0"}
			}
		},
		{
			"from": [4, 5, 3],
			"to": [12, 6, 4],
			"faces": {
				"north": {"uv": [4.5, 5, 8.5, 5.5], "texture": "#0"},
				"east": {"uv": [6, 8, 6.5, 8.5], "texture": "#0"},
				"south": {"uv": [4.5, 5.5, 8.5, 6], "texture": "#0"},
				"west": {"uv": [8, 6, 8.5, 6.5], "texture": "#0"},
				"up": {"uv": [4, 6.5, 0, 6], "texture": "#0"},
				"down": {"uv": [8, 6, 4, 6.5], "texture": "#0"}
			}
		},
		{
			"from": [7, 2, 3],
			"to": [9, 3, 4],
			"faces": {
				"north": {"uv": [1, 7.5, 2, 8], "texture": "#0"},
				"east": {"uv": [6.5, 8, 7, 8.5], "texture": "#0"},
				"south": {"uv": [2, 7.5, 3, 8], "texture": "#0"},
				"west": {"uv": [8, 6.5, 8.5, 7], "texture": "#0"},
				"up": {"uv": [4, 8, 3, 7.5], "texture": "#0"},
				"down": {"uv": [5, 7.5, 4, 8], "texture": "#0"}
			}
		},
		{
			"from": [3, 1, 3],
			"to": [13, 2, 4],
			"faces": {
				"north": {"uv": [5, 2, 10, 2.5], "texture": "#0"},
				"east": {"uv": [7, 8, 7.5, 8.5], "texture": "#0"},
				"south": {"uv": [5, 2.5, 10, 3], "texture": "#0"},
				"west": {"uv": [8, 7, 8.5, 7.5], "texture": "#0"},
				"up": {"uv": [10, 3.5, 5, 3], "texture": "#0"},
				"down": {"uv": [10, 3.5, 5, 4], "texture": "#0"}
			}
		},
		{
			"from": [11, 2, 3],
			"to": [13, 3, 4],
			"faces": {
				"north": {"uv": [5, 7.5, 6, 8], "texture": "#0"},
				"east": {"uv": [7.5, 8, 8, 8.5], "texture": "#0"},
				"south": {"uv": [6, 7.5, 7, 8], "texture": "#0"},
				"west": {"uv": [8, 7.5, 8.5, 8], "texture": "#0"},
				"up": {"uv": [8, 8, 7, 7.5], "texture": "#0"},
				"down": {"uv": [2, 8, 1, 8.5], "texture": "#0"}
			}
		},
		{
			"from": [3, 2, 3],
			"to": [5, 3, 4],
			"faces": {
				"north": {"uv": [2, 8, 3, 8.5], "texture": "#0"},
				"east": {"uv": [8, 8, 8.5, 8.5], "texture": "#0"},
				"south": {"uv": [3, 8, 4, 8.5], "texture": "#0"},
				"west": {"uv": [0, 8.5, 0.5, 9], "texture": "#0"},
				"up": {"uv": [5, 8.5, 4, 8], "texture": "#0"},
				"down": {"uv": [6, 8, 5, 8.5], "texture": "#0"}
			}
		},
		{
			"from": [9, 0, 3],
			"to": [13, 1, 4],
			"faces": {
				"north": {"uv": [0, 6.5, 2, 7], "texture": "#0"},
				"east": {"uv": [0.5, 8.5, 1, 9], "texture": "#0"},
				"south": {"uv": [2, 6.5, 4, 7], "texture": "#0"},
				"west": {"uv": [1, 8.5, 1.5, 9], "texture": "#0"},
				"up": {"uv": [6, 7, 4, 6.5], "texture": "#0"},
				"down": {"uv": [8, 6.5, 6, 7], "texture": "#0"}
			}
		},
		{
			"from": [3, 0, 3],
			"to": [7, 1, 4],
			"faces": {
				"north": {"uv": [0, 7, 2, 7.5], "texture": "#0"},
				"east": {"uv": [1.5, 8.5, 2, 9], "texture": "#0"},
				"south": {"uv": [2, 7, 4, 7.5], "texture": "#0"},
				"west": {"uv": [2, 8.5, 2.5, 9], "texture": "#0"},
				"up": {"uv": [6, 7.5, 4, 7], "texture": "#0"},
				"down": {"uv": [8, 7, 6, 7.5], "texture": "#0"}
			}
		},
		{
			"from": [3, 1, 4],
			"to": [3, 3, 13],
			"faces": {
				"north": {"uv": [0, 0, 0, 1], "texture": "#0"},
				"east": {"uv": [0, 4, 4.5, 5], "texture": "#0"},
				"south": {"uv": [0, 0, 0, 1], "texture": "#0"},
				"west": {"uv": [4.5, 4, 9, 5], "texture": "#0"},
				"up": {"uv": [0, 4.5, 0, 0], "texture": "#0"},
				"down": {"uv": [0, 0, 0, 4.5], "texture": "#0"}
			}
		},
		{
			"from": [13, 1, 4],
			"to": [13, 3, 13],
			"faces": {
				"north": {"uv": [0, 0, 0, 1], "texture": "#0"},
				"east": {"uv": [0, 5, 4.5, 6], "texture": "#0"},
				"south": {"uv": [0, 0, 0, 1], "texture": "#0"},
				"west": {"uv": [5, 0, 9.5, 1], "texture": "#0"},
				"up": {"uv": [0, 4.5, 0, 0], "texture": "#0"},
				"down": {"uv": [0, 0, 0, 4.5], "texture": "#0"}
			}
		},
		{
			"from": [3, 1, 13],
			"to": [13, 3, 13],
			"faces": {
				"north": {"uv": [0, 2, 5, 3], "texture": "#0"},
				"east": {"uv": [0, 0, 0, 1], "texture": "#0"},
				"south": {"uv": [0, 3, 5, 4], "texture": "#0"},
				"west": {"uv": [0, 0, 0, 1], "texture": "#0"},
				"up": {"uv": [5, 0, 0, 0], "texture": "#0"},
				"down": {"uv": [5, 0, 0, 0], "texture": "#0"}
			}
		}
	],
	"display": {
		"thirdperson_righthand": {
			"translation": [0, 3, -3],
			"scale": [0.8, 0.8, 0.8]
		},
		"thirdperson_lefthand": {
			"translation": [0, 3, -3],
			"scale": [0.8, 0.8, 0.8]
		},
		"firstperson_righthand": {
			"translation": [4, 2.25, 0]
		},
		"firstperson_lefthand": {
			"translation": [4, 2.25, 0]
		},
		"ground": {
			"translation": [0, 2.75, 0],
			"scale": [0.8, 0.8, 0.8]
		},
		"gui": {
			"rotation": [44, -135, 0],
			"translation": [0, 4.5, 0]
		},
		"head": {
			"translation": [0, 13, 0],
			"scale": [1.46, 1.46, 1.46]
		},
		"fixed": {
			"rotation": [-90, 0, 0],
			"translation": [0, 0, -12.75],
			"scale": [1.6, 1.6, 1.6]
		}
	},
	"groups": [
		{
			"name": "group",
			"origin": [0, 0, 0],
			"color": 0,
			"children": [0, 1, 2, 3, 4, 5, 6, 7]
		},
		8,
		9,
		10
	]
}