{
	"format_version": "1.21.6",
	"credit": "Made with Blockbench",
	"texture_size": [128, 128],
	"textures": {
		"0": "block/christmas_top_hat_texture",
		"particle": "block/christmas_top_hat_texture"
	},
	"elements": [
		{
			"from": [5, 11, 8],
			"to": [11, 18, 8],
			"rotation": {"angle": 22.5, "axis": "z", "origin": [4, 11, 3]},
			"faces": {
				"north": {"uv": [5.25, 0, 6, 0.875], "texture": "#0"},
				"east": {"uv": [6.625, 4.25, 6.625, 5.125], "texture": "#0"},
				"south": {"uv": [5.25, 1.75, 6, 2.625], "texture": "#0"},
				"west": {"uv": [4.5, 6.625, 4.5, 7.5], "texture": "#0"},
				"up": {"uv": [6.875, 2.5, 6.125, 2.5], "texture": "#0"},
				"down": {"uv": [6.875, 2.625, 6.125, 2.625], "texture": "#0"}
			}
		},
		{
			"from": [5, 11, 7.75],
			"to": [11, 18, 7.75],
			"rotation": {"angle": -22.5, "axis": "z", "origin": [12, 11, 2.75]},
			"faces": {
				"north": {"uv": [4.5, 5.25, 5.25, 6.125], "texture": "#0"},
				"east": {"uv": [4.625, 6.625, 4.625, 7.5], "texture": "#0"},
				"south": {"uv": [5.375, 5.25, 6.125, 6.125], "texture": "#0"},
				"west": {"uv": [4.75, 6.625, 4.75, 7.5], "texture": "#0"},
				"up": {"uv": [7.375, 1.5, 6.625, 1.5], "texture": "#0"},
				"down": {"uv": [7.375, 1.625, 6.625, 1.625], "texture": "#0"}
			}
		},
		{
			"from": [6, 14, 7.65],
			"to": [10, 16, 7.65],
			"rotation": {"angle": 0, "axis": "y", "origin": [12, 11, 2.65]},
			"faces": {
				"north": {"uv": [1.5, 4.25, 2, 4.5], "texture": "#0"},
				"east": {"uv": [4.875, 6.625, 4.875, 6.875], "texture": "#0"},
				"south": {"uv": [1.5, 4.625, 2, 4.875], "texture": "#0"},
				"west": {"uv": [5, 6.625, 5, 6.875], "texture": "#0"},
				"up": {"uv": [4.625, 3.75, 4.125, 3.75], "texture": "#0"},
				"down": {"uv": [4.625, 3.875, 4.125, 3.875], "texture": "#0"}
			}
		},
		{
			"from": [6, 14, 8.1],
			"to": [10, 16, 8.1],
			"rotation": {"angle": 0, "axis": "y", "origin": [12, 11, 13.1]},
			"faces": {
				"north": {"uv": [3.25, 5.75, 3.75, 6], "texture": "#0"},
				"east": {"uv": [5.125, 6.625, 5.125, 6.875], "texture": "#0"},
				"south": {"uv": [3.875, 5.75, 4.375, 6], "texture": "#0"},
				"west": {"uv": [5.25, 6.625, 5.25, 6.875], "texture": "#0"},
				"up": {"uv": [6.125, 3.5, 5.625, 3.5], "texture": "#0"},
				"down": {"uv": [6.125, 3.625, 5.625, 3.625], "texture": "#0"}
			}
		},
		{
			"from": [2, 5, 2],
			"to": [14, 7, 14],
			"rotation": {"angle": 22.5, "axis": "y", "origin": [8, 6.25, 8]},
			"faces": {
				"north": {"uv": [5.625, 2.75, 7.125, 3], "texture": "#0"},
				"east": {"uv": [5.625, 3.125, 7.125, 3.375], "texture": "#0"},
				"south": {"uv": [0, 5.75, 1.5, 6], "texture": "#0"},
				"west": {"uv": [1.625, 5.75, 3.125, 6], "texture": "#0"},
				"up": {"uv": [1.5, 1.5, 0, 0], "texture": "#0"},
				"down": {"uv": [1.5, 1.625, 0, 3.125], "texture": "#0"}
			}
		},
		{
			"from": [4, 7, 4],
			"to": [12, 14, 12],
			"rotation": {"angle": 22.5, "axis": "y", "origin": [8, 6.25, 8]},
			"faces": {
				"north": {"uv": [4, 1, 5, 1.875], "texture": "#0"},
				"east": {"uv": [2.5, 4, 3.5, 4.875], "texture": "#0"},
				"south": {"uv": [3.625, 4, 4.625, 4.875], "texture": "#0"},
				"west": {"uv": [4.125, 2, 5.125, 2.875], "texture": "#0"},
				"up": {"uv": [2.625, 1, 1.625, 0], "texture": "#0"},
				"down": {"uv": [2.625, 1.125, 1.625, 2.125], "texture": "#0"}
			}
		},
		{
			"from": [13.5, 0, 2.5],
			"to": [13.5, 5, 13.5],
			"rotation": {"angle": 22.5, "axis": "y", "origin": [8, 6.25, 8]},
			"faces": {
				"north": {"uv": [6.625, 5.25, 6.625, 5.875], "texture": "#0"},
				"east": {"uv": [4.125, 3, 5.5, 3.625], "texture": "#0"},
				"south": {"uv": [5.375, 6.625, 5.375, 7.25], "texture": "#0"},
				"west": {"uv": [5.5, 3, 4.125, 3.625], "texture": "#0"},
				"up": {"uv": [5.5, 8, 5.5, 6.625], "texture": "#0"},
				"down": {"uv": [5.625, 6.625, 5.625, 8], "texture": "#0"}
			}
		},
		{
			"from": [12.5, 1, 3.5],
			"to": [14.5, 3, 5.5],
			"rotation": {"angle": 22.5, "axis": "y", "origin": [8, 6.25, 8]},
			"faces": {
				"north": {"uv": [2.5, 3.25, 2.75, 3.5], "texture": "#0"},
				"east": {"uv": [2.5, 3.625, 2.75, 3.875], "texture": "#0"},
				"south": {"uv": [2.125, 4.25, 2.375, 4.5], "texture": "#0"},
				"west": {"uv": [2.125, 4.625, 2.375, 4.875], "texture": "#0"},
				"up": {"uv": [0.25, 6.375, 0, 6.125], "texture": "#0"},
				"down": {"uv": [6.375, 0, 6.125, 0.25], "texture": "#0"}
			}
		},
		{
			"from": [12.5, 2, 7],
			"to": [14.5, 4, 9],
			"rotation": {"angle": 22.5, "axis": "y", "origin": [8, 6.25, 8]},
			"faces": {
				"north": {"uv": [0.375, 6.125, 0.625, 6.375], "texture": "#0"},
				"east": {"uv": [6.125, 0.375, 6.375, 0.625], "texture": "#0"},
				"south": {"uv": [0.75, 6.125, 1, 6.375], "texture": "#0"},
				"west": {"uv": [1.125, 6.125, 1.375, 6.375], "texture": "#0"},
				"up": {"uv": [1.75, 6.375, 1.5, 6.125], "texture": "#0"},
				"down": {"uv": [6.375, 1.75, 6.125, 2], "texture": "#0"}
			}
		},
		{
			"from": [12.5, 1, 10.5],
			"to": [14.5, 3, 12.5],
			"rotation": {"angle": 22.5, "axis": "y", "origin": [8, 6.25, 8]},
			"faces": {
				"north": {"uv": [1.875, 6.125, 2.125, 6.375], "texture": "#0"},
				"east": {"uv": [6.125, 2.125, 6.375, 2.375], "texture": "#0"},
				"south": {"uv": [2.25, 6.125, 2.5, 6.375], "texture": "#0"},
				"west": {"uv": [2.625, 6.125, 2.875, 6.375], "texture": "#0"},
				"up": {"uv": [3.25, 6.375, 3, 6.125], "texture": "#0"},
				"down": {"uv": [3.625, 6.125, 3.375, 6.375], "texture": "#0"}
			}
		},
		{
			"from": [2.5, 0, 2.5],
			"to": [13.5, 5, 2.5],
			"rotation": {"angle": 22.5, "axis": "y", "origin": [8, 6.25, 8]},
			"faces": {
				"north": {"uv": [4.75, 3.75, 6.125, 4.375], "texture": "#0"},
				"east": {"uv": [5.75, 6.625, 5.75, 7.25], "texture": "#0"},
				"south": {"uv": [6.125, 3.75, 4.75, 4.375], "texture": "#0"},
				"west": {"uv": [5.875, 6.625, 5.875, 7.25], "texture": "#0"},
				"up": {"uv": [8, 6, 6.625, 6], "texture": "#0"},
				"down": {"uv": [8.125, 4.25, 6.75, 4.25], "texture": "#0"}
			}
		},
		{
			"from": [2.5, 0, 2.5],
			"to": [2.5, 5, 13.5],
			"rotation": {"angle": 22.5, "axis": "y", "origin": [8, 6.25, 8]},
			"faces": {
				"north": {"uv": [6, 6.625, 6, 7.25], "texture": "#0"},
				"east": {"uv": [2.875, 5, 1.5, 5.625], "texture": "#0"},
				"south": {"uv": [6.125, 6.625, 6.125, 7.25], "texture": "#0"},
				"west": {"uv": [1.5, 5, 2.875, 5.625], "texture": "#0"},
				"up": {"uv": [6.25, 8, 6.25, 6.625], "texture": "#0"},
				"down": {"uv": [6.75, 4.375, 6.75, 5.75], "texture": "#0"}
			}
		},
		{
			"from": [1.5, 1, 10.5],
			"to": [3.5, 3, 12.5],
			"rotation": {"angle": 22.5, "axis": "y", "origin": [8, 6.25, 8]},
			"faces": {
				"north": {"uv": [3.75, 6.125, 4, 6.375], "texture": "#0"},
				"east": {"uv": [4.125, 6.125, 4.375, 6.375], "texture": "#0"},
				"south": {"uv": [6.25, 3.5, 6.5, 3.75], "texture": "#0"},
				"west": {"uv": [6.25, 3.875, 6.5, 4.125], "texture": "#0"},
				"up": {"uv": [6.5, 4.5, 6.25, 4.25], "texture": "#0"},
				"down": {"uv": [4.75, 6.25, 4.5, 6.5], "texture": "#0"}
			}
		},
		{
			"from": [1.5, 2, 7],
			"to": [3.5, 4, 9],
			"rotation": {"angle": 22.5, "axis": "y", "origin": [8, 6.25, 8]},
			"faces": {
				"north": {"uv": [6.25, 4.625, 6.5, 4.875], "texture": "#0"},
				"east": {"uv": [4.875, 6.25, 5.125, 6.5], "texture": "#0"},
				"south": {"uv": [6.25, 5, 6.5, 5.25], "texture": "#0"},
				"west": {"uv": [5.25, 6.25, 5.5, 6.5], "texture": "#0"},
				"up": {"uv": [6.5, 5.625, 6.25, 5.375], "texture": "#0"},
				"down": {"uv": [5.875, 6.25, 5.625, 6.5], "texture": "#0"}
			}
		},
		{
			"from": [1.5, 1, 3.5],
			"to": [3.5, 3, 5.5],
			"rotation": {"angle": 22.5, "axis": "y", "origin": [8, 6.25, 8]},
			"faces": {
				"north": {"uv": [6.25, 5.75, 6.5, 6], "texture": "#0"},
				"east": {"uv": [6, 6.25, 6.25, 6.5], "texture": "#0"},
				"south": {"uv": [6.375, 6.125, 6.625, 6.375], "texture": "#0"},
				"west": {"uv": [0, 6.5, 0.25, 6.75], "texture": "#0"},
				"up": {"uv": [6.75, 0.25, 6.5, 0], "texture": "#0"},
				"down": {"uv": [0.625, 6.5, 0.375, 6.75], "texture": "#0"}
			}
		},
		{
			"from": [2.5, 0, 13.5],
			"to": [13.5, 5, 13.5],
			"rotation": {"angle": 22.5, "axis": "y", "origin": [8, 6.25, 8]},
			"faces": {
				"north": {"uv": [6.5, 1, 5.125, 1.625], "texture": "#0"},
				"east": {"uv": [6.75, 6.125, 6.75, 6.75], "texture": "#0"},
				"south": {"uv": [5.125, 1, 6.5, 1.625], "texture": "#0"},
				"west": {"uv": [0, 6.875, 0, 7.5], "texture": "#0"},
				"up": {"uv": [8.125, 5.875, 6.75, 5.875], "texture": "#0"},
				"down": {"uv": [8.25, 0, 6.875, 0], "texture": "#0"}
			}
		},
		{
			"from": [4, 1, 12.5],
			"to": [6, 3, 14.5],
			"rotation": {"angle": 22.5, "axis": "y", "origin": [8, 6.25, 8]},
			"faces": {
				"north": {"uv": [6.5, 0.375, 6.75, 0.625], "texture": "#0"},
				"east": {"uv": [0.75, 6.5, 1, 6.75], "texture": "#0"},
				"south": {"uv": [1.125, 6.5, 1.375, 6.75], "texture": "#0"},
				"west": {"uv": [1.5, 6.5, 1.75, 6.75], "texture": "#0"},
				"up": {"uv": [6.75, 2, 6.5, 1.75], "texture": "#0"},
				"down": {"uv": [2.125, 6.5, 1.875, 6.75], "texture": "#0"}
			}
		},
		{
			"from": [10, 1, 12.5],
			"to": [12, 3, 14.5],
			"rotation": {"angle": 22.5, "axis": "y", "origin": [8, 6.25, 8]},
			"faces": {
				"north": {"uv": [6.5, 2.125, 6.75, 2.375], "texture": "#0"},
				"east": {"uv": [2.25, 6.5, 2.5, 6.75], "texture": "#0"},
				"south": {"uv": [2.625, 6.5, 2.875, 6.75], "texture": "#0"},
				"west": {"uv": [3, 6.5, 3.25, 6.75], "texture": "#0"},
				"up": {"uv": [3.625, 6.75, 3.375, 6.5], "texture": "#0"},
				"down": {"uv": [4, 6.5, 3.75, 6.75], "texture": "#0"}
			}
		},
		{
			"from": [7, 2, 12.5],
			"to": [9, 4, 14.5],
			"rotation": {"angle": 22.5, "axis": "y", "origin": [8, 6.25, 8]},
			"faces": {
				"north": {"uv": [4.125, 6.5, 4.375, 6.75], "texture": "#0"},
				"east": {"uv": [6.375, 6.5, 6.625, 6.75], "texture": "#0"},
				"south": {"uv": [6.625, 0.75, 6.875, 1], "texture": "#0"},
				"west": {"uv": [6.625, 1.125, 6.875, 1.375], "texture": "#0"},
				"up": {"uv": [6.875, 3.75, 6.625, 3.5], "texture": "#0"},
				"down": {"uv": [6.875, 3.875, 6.625, 4.125], "texture": "#0"}
			}
		},
		{
			"from": [3.75, 7, 3.75],
			"to": [12.25, 14, 3.75],
			"rotation": {"angle": 22.5, "axis": "y", "origin": [8, 6.25, 8]},
			"faces": {
				"north": {"uv": [1.625, 2.25, 2.75, 3.125], "texture": "#0"},
				"east": {"uv": [0.125, 6.875, 0.125, 7.75], "texture": "#0"},
				"south": {"uv": [2.75, 2.25, 1.625, 3.125], "texture": "#0"},
				"west": {"uv": [0.25, 6.875, 0.25, 7.75], "texture": "#0"},
				"up": {"uv": [8, 0.125, 6.875, 0.125], "texture": "#0"},
				"down": {"uv": [8, 0.25, 6.875, 0.25], "texture": "#0"}
			}
		},
		{
			"from": [12.25, 7, 3.75],
			"to": [12.25, 14, 12.25],
			"rotation": {"angle": 22.5, "axis": "y", "origin": [8, 6.25, 8]},
			"faces": {
				"north": {"uv": [0.375, 6.875, 0.375, 7.75], "texture": "#0"},
				"east": {"uv": [2.75, 1, 3.875, 1.875], "texture": "#0"},
				"south": {"uv": [0.5, 6.875, 0.5, 7.75], "texture": "#0"},
				"west": {"uv": [3.875, 1, 2.75, 1.875], "texture": "#0"},
				"up": {"uv": [0.625, 8, 0.625, 6.875], "texture": "#0"},
				"down": {"uv": [0.75, 6.875, 0.75, 8], "texture": "#0"}
			}
		},
		{
			"from": [3.75, 7, 3.75],
			"to": [3.75, 14, 12.25],
			"rotation": {"angle": 22.5, "axis": "y", "origin": [8, 6.25, 8]},
			"faces": {
				"north": {"uv": [0.875, 6.875, 0.875, 7.75], "texture": "#0"},
				"east": {"uv": [1.125, 3.25, 0, 4.125], "texture": "#0"},
				"south": {"uv": [1, 6.875, 1, 7.75], "texture": "#0"},
				"west": {"uv": [0, 3.25, 1.125, 4.125], "texture": "#0"},
				"up": {"uv": [1.125, 8, 1.125, 6.875], "texture": "#0"},
				"down": {"uv": [1.25, 6.875, 1.25, 8], "texture": "#0"}
			}
		},
		{
			"from": [3.75, 7, 12.25],
			"to": [12.25, 14, 12.25],
			"rotation": {"angle": 22.5, "axis": "y", "origin": [8, 6.25, 8]},
			"faces": {
				"north": {"uv": [5.125, 0, 4, 0.875], "texture": "#0"},
				"east": {"uv": [1.375, 6.875, 1.375, 7.75], "texture": "#0"},
				"south": {"uv": [4, 0, 5.125, 0.875], "texture": "#0"},
				"west": {"uv": [1.5, 6.875, 1.5, 7.75], "texture": "#0"},
				"up": {"uv": [8, 0.375, 6.875, 0.375], "texture": "#0"},
				"down": {"uv": [8, 0.5, 6.875, 0.5], "texture": "#0"}
			}
		}
	],
	"gui_light": "front",
	"display": {
		"thirdperson_righthand": {
			"rotation": [0, -22.5, 0],
			"translation": [0, 0, -4.25]
		},
		"thirdperson_lefthand": {
			"rotation": [0, 22.5, 0],
			"translation": [0, 0, -4.25]
		},
		"firstperson_righthand": {
			"rotation": [0, 117, 0],
			"translation": [2.5, 0, -2.5],
			"scale": [0.9, 0.9, 0.9]
		},
		"firstperson_lefthand": {
			"rotation": [0, -18, 0],
			"translation": [2.5, 0, -2.5],
			"scale": [0.9, 0.9, 0.9]
		},
		"ground": {
			"translation": [0, 5, 0],
			"scale": [0.8, 0.8, 0.8]
		},
		"gui": {
			"rotation": [22.5, 122.5, 0],
			"translation": [0, -0.5, 0],
			"scale": [0.8, 0.8, 0.8]
		},
		"head": {
			"rotation": [0, -22.5, 0],
			"translation": [0, 7.25, 0],
			"scale": [1.9, 1.9, 1.9]
		},
		"fixed": {
			"rotation": [-90, -22.5, 0],
			"translation": [0, 0, -16],
			"scale": [2, 2, 2]
		}
	},
	"groups": [
		{
			"name": "christmas_top_hat",
			"origin": [3, 7, 13.25],
			"color": 0,
			"children": [
				{
					"name": "holy",
					"origin": [12, 11, 13.1],
					"color": 0,
					"children": [0, 1, 2, 3]
				},
				{
					"name": "top_hat",
					"origin": [3, 7, 3],
					"color": 0,
					"children": [
						4,
						5,
						{
							"name": "lights_and_ornaments",
							"origin": [-2, 3, 12.5],
							"color": 0,
							"children": [
								6,
								7,
								8,
								9,
								10,
								11,
								12,
								13,
								14,
								15,
								16,
								17,
								18,
								{
									"name": "top_lights",
									"origin": [3, 7, 13.25],
									"color": 0,
									"children": [19, 20, 21, 22]
								}
							]
						}
					]
				}
			]
		}
	]
}