{
	"credit": "Made with Blockbench",
	"texture_size": [64, 64],
	"textures": {
		"0": "block/cowboyhat",
		"particle": "block/cowboyhat"
	},
	"elements": [
		{
			"name": "base",
			"from": [2, 0, 2],
			"to": [14, 0, 14],
			"faces": {
				"north": {"uv": [0, 0, 3, 0], "texture": "#0"},
				"east": {"uv": [0, 0, 3, 0], "texture": "#0"},
				"south": {"uv": [0, 0, 3, 0], "texture": "#0"},
				"west": {"uv": [0, 0, 3, 0], "texture": "#0"},
				"up": {"uv": [3, 3, 0, 0], "texture": "#0"},
				"down": {"uv": [3, 3, 0, 6], "texture": "#0"}
			}
		},
		{
			"from": [1, 0, 2],
			"to": [2, 0, 14],
			"rotation": {"angle": -45, "axis": "z", "origin": [2, 0, 8]},
			"faces": {
				"north": {"uv": [0, 0, 0.25, 0], "texture": "#0"},
				"east": {"uv": [0, 0, 3, 0], "texture": "#0"},
				"south": {"uv": [0, 0, 0.25, 0], "texture": "#0"},
				"west": {"uv": [0, 0, 3, 0], "texture": "#0"},
				"up": {"uv": [5.75, 5.25, 5.5, 2.25], "texture": "#0"},
				"down": {"uv": [5.75, 5.25, 5.5, 8.25], "texture": "#0"}
			}
		},
		{
			"from": [0, 0, 3],
			"to": [1, 0, 13],
			"rotation": {"angle": -45, "axis": "z", "origin": [2, 0, 8]},
			"faces": {
				"north": {"uv": [0, 0, 0.25, 0], "texture": "#0"},
				"east": {"uv": [0, 0, 2.5, 0], "texture": "#0"},
				"south": {"uv": [0, 0, 0.25, 0], "texture": "#0"},
				"west": {"uv": [0, 0, 2.5, 0], "texture": "#0"},
				"up": {"uv": [3.5, 8.25, 3.25, 5.75], "texture": "#0"},
				"down": {"uv": [3.75, 5.75, 3.5, 8.25], "texture": "#0"}
			}
		},
		{
			"from": [14, 0, 2],
			"to": [15, 0, 14],
			"rotation": {"angle": 45, "axis": "z", "origin": [14, 0, 8]},
			"faces": {
				"north": {"uv": [0, 0, 0.25, 0], "texture": "#0"},
				"east": {"uv": [0, 0, 3, 0], "texture": "#0"},
				"south": {"uv": [0, 0, 0.25, 0], "texture": "#0"},
				"west": {"uv": [0, 0, 3, 0], "texture": "#0"},
				"up": {"uv": [6, 5.25, 5.75, 2.25], "texture": "#0"},
				"down": {"uv": [3.25, 5.75, 3, 8.75], "texture": "#0"}
			}
		},
		{
			"from": [15, 0, 3],
			"to": [16, 0, 13],
			"rotation": {"angle": 45, "axis": "z", "origin": [14, 0, 8]},
			"faces": {
				"north": {"uv": [0, 0, 0.25, 0], "texture": "#0"},
				"east": {"uv": [0, 0, 2.5, 0], "texture": "#0"},
				"south": {"uv": [0, 0, 0.25, 0], "texture": "#0"},
				"west": {"uv": [0, 0, 2.5, 0], "texture": "#0"},
				"up": {"uv": [4, 8.25, 3.75, 5.75], "texture": "#0"},
				"down": {"uv": [4.25, 5.75, 4, 8.25], "texture": "#0"}
			}
		},
		{
			"from": [3, 0, 14],
			"to": [13, 0, 15],
			"rotation": {"angle": -22.5, "axis": "x", "origin": [8, 0, 14]},
			"faces": {
				"north": {"uv": [0, 0, 2.5, 0], "texture": "#0"},
				"east": {"uv": [0, 0, 0.25, 0], "texture": "#0"},
				"south": {"uv": [0, 0, 2.5, 0], "texture": "#0"},
				"west": {"uv": [0, 0, 0.25, 0], "texture": "#0"},
				"up": {"uv": [8.25, 5.5, 5.75, 5.25], "texture": "#0"},
				"down": {"uv": [8.25, 5.5, 5.75, 5.75], "texture": "#0"}
			}
		},
		{
			"from": [3, 0, 1],
			"to": [13, 0, 2],
			"rotation": {"angle": 22.5, "axis": "x", "origin": [8, 0, 2]},
			"faces": {
				"north": {"uv": [0, 0, 2.5, 0], "texture": "#0"},
				"east": {"uv": [0, 0, 0.25, 0], "texture": "#0"},
				"south": {"uv": [0, 0, 2.5, 0], "texture": "#0"},
				"west": {"uv": [0, 0, 0.25, 0], "texture": "#0"},
				"up": {"uv": [8.25, 6, 5.75, 5.75], "texture": "#0"},
				"down": {"uv": [2.5, 6, 0, 6.25], "texture": "#0"}
			}
		},
		{
			"name": "top",
			"from": [3, 0, 3],
			"to": [13, 3, 13],
			"faces": {
				"north": {"uv": [3, 5, 5.5, 5.75], "texture": "#0"},
				"east": {"uv": [5.5, 0, 8, 0.75], "texture": "#0"},
				"south": {"uv": [5.5, 0.75, 8, 1.5], "texture": "#0"},
				"west": {"uv": [5.5, 1.5, 8, 2.25], "texture": "#0"},
				"up": {"uv": [5.5, 2.5, 3, 0], "texture": "#0"},
				"down": {"uv": [5.5, 2.5, 3, 5], "texture": "#0"}
			}
		}
	],
	"display": {
		"thirdperson_righthand": {
			"translation": [0, 5, 0],
			"scale": [0.6, 0.6, 0.6]
		},
		"thirdperson_lefthand": {
			"translation": [0, 5, 0],
			"scale": [0.6, 0.6, 0.6]
		},
		"firstperson_righthand": {
			"translation": [0.5, 4.5, 0],
			"scale": [0.8, 0.8, 0.8]
		},
		"firstperson_lefthand": {
			"translation": [0.5, 4.5, 0],
			"scale": [0.8, 0.8, 0.8]
		},
		"ground": {
			"translation": [0, 5, 0],
			"scale": [0.9, 0.9, 0.9]
		},
		"gui": {
			"rotation": [44, -135, 0],
			"translation": [0, 4.25, 0],
			"scale": [0.8, 0.8, 0.8]
		},
		"head": {
			"rotation": [2.5, 0, 0],
			"translation": [0, 15.75, 0.25],
			"scale": [1.5, 1.5, 1.5]
		},
		"fixed": {
			"rotation": [-90, 0, 0],
			"translation": [0, 0, -13.75],
			"scale": [1.7, 1.7, 1.7]
		}
	},
	"groups": [
		0,
		{
			"name": "sides",
			"origin": [14, 0, 8],
			"color": 0,
			"children": [1, 2, 3, 4]
		},
		{
			"name": "frontback",
			"origin": [8, 0, 2],
			"color": 0,
			"children": [5, 6]
		},
		7
	]
}