{
	"credit": "Made with Blockbench",
	"texture_size": [32, 32],
	"textures": {
		"2": "block/fig8",
		"particle": "block/fig8"
	},
	"elements": [
		{
			"name": "base",
			"from": [4, 0, 4],
			"to": [12, 1, 12],
			"faces": {
				"north": {"uv": [9, 8.5, 13, 9], "texture": "#2"},
				"east": {"uv": [9, 9, 13, 9.5], "texture": "#2"},
				"south": {"uv": [9.5, 0, 13.5, 0.5], "texture": "#2"},
				"west": {"uv": [9.5, 0.5, 13.5, 1], "texture": "#2"},
				"up": {"uv": [13, 8.5, 9, 4.5], "texture": "#2"},
				"down": {"uv": [9, 9, 5, 13], "texture": "#2"}
			}
		},
		{
			"name": "body",
			"from": [5, 3, 6],
			"to": [11, 7, 12],
			"faces": {
				"north": {"uv": [3, 0, 6, 2], "texture": "#2"},
				"east": {"uv": [3, 2, 6, 4], "texture": "#2"},
				"south": {"uv": [3, 4, 6, 6], "texture": "#2"},
				"west": {"uv": [0, 6, 3, 8], "texture": "#2"},
				"up": {"uv": [3, 3, 0, 0], "texture": "#2"},
				"down": {"uv": [3, 3, 0, 6], "texture": "#2"}
			}
		},
		{
			"name": "head",
			"from": [6, 3, 4],
			"to": [10, 6, 6],
			"faces": {
				"north": {"uv": [6, 0, 8, 1.5], "texture": "#2"},
				"east": {"uv": [6, 4, 7, 5.5], "texture": "#2"},
				"south": {"uv": [6, 1.5, 8, 3], "texture": "#2"},
				"west": {"uv": [5, 6, 6, 7.5], "texture": "#2"},
				"up": {"uv": [5, 7, 3, 6], "texture": "#2"},
				"down": {"uv": [8, 3, 6, 4], "texture": "#2"}
			}
		},
		{
			"from": [5, 1, 5],
			"to": [6, 4, 6],
			"faces": {
				"north": {"uv": [8, 3, 8.5, 4.5], "texture": "#2"},
				"east": {"uv": [8, 4.5, 8.5, 6], "texture": "#2"},
				"south": {"uv": [8, 6, 8.5, 7.5], "texture": "#2"},
				"west": {"uv": [8, 7.5, 8.5, 9], "texture": "#2"},
				"up": {"uv": [9.5, 4, 9, 3.5], "texture": "#2"},
				"down": {"uv": [4.5, 9, 4, 9.5], "texture": "#2"}
			}
		},
		{
			"from": [11, 1, 11],
			"to": [12, 4, 12],
			"faces": {
				"north": {"uv": [8.5, 0, 9, 1.5], "texture": "#2"},
				"east": {"uv": [8.5, 1.5, 9, 3], "texture": "#2"},
				"south": {"uv": [3, 8.5, 3.5, 10], "texture": "#2"},
				"west": {"uv": [8.5, 3, 9, 4.5], "texture": "#2"},
				"up": {"uv": [9.5, 4.5, 9, 4], "texture": "#2"},
				"down": {"uv": [5, 9, 4.5, 9.5], "texture": "#2"}
			}
		},
		{
			"from": [11, 1, 9],
			"to": [12, 4, 10],
			"faces": {
				"north": {"uv": [1.5, 8, 2, 9.5], "texture": "#2"},
				"east": {"uv": [8, 1.5, 8.5, 3], "texture": "#2"},
				"south": {"uv": [2, 8, 2.5, 9.5], "texture": "#2"},
				"west": {"uv": [2.5, 8, 3, 9.5], "texture": "#2"},
				"up": {"uv": [9.5, 3.5, 9, 3], "texture": "#2"},
				"down": {"uv": [4, 9, 3.5, 9.5], "texture": "#2"}
			}
		},
		{
			"from": [11, 1, 7],
			"to": [12, 4, 8],
			"faces": {
				"north": {"uv": [0, 8, 0.5, 9.5], "texture": "#2"},
				"east": {"uv": [8, 0, 8.5, 1.5], "texture": "#2"},
				"south": {"uv": [0.5, 8, 1, 9.5], "texture": "#2"},
				"west": {"uv": [1, 8, 1.5, 9.5], "texture": "#2"},
				"up": {"uv": [9.5, 2.5, 9, 2], "texture": "#2"},
				"down": {"uv": [9.5, 2.5, 9, 3], "texture": "#2"}
			}
		},
		{
			"from": [10, 1, 5],
			"to": [11, 4, 6],
			"faces": {
				"north": {"uv": [5, 7.5, 5.5, 9], "texture": "#2"},
				"east": {"uv": [5.5, 7.5, 6, 9], "texture": "#2"},
				"south": {"uv": [7.5, 5.5, 8, 7], "texture": "#2"},
				"west": {"uv": [7.5, 7, 8, 8.5], "texture": "#2"},
				"up": {"uv": [9.5, 1.5, 9, 1], "texture": "#2"},
				"down": {"uv": [9.5, 1.5, 9, 2], "texture": "#2"}
			}
		},
		{
			"from": [4, 1, 7],
			"to": [5, 4, 8],
			"faces": {
				"north": {"uv": [6, 7, 6.5, 8.5], "texture": "#2"},
				"east": {"uv": [6.5, 7, 7, 8.5], "texture": "#2"},
				"south": {"uv": [7, 7, 7.5, 8.5], "texture": "#2"},
				"west": {"uv": [7.5, 4, 8, 5.5], "texture": "#2"},
				"up": {"uv": [9.5, 0.5, 9, 0], "texture": "#2"},
				"down": {"uv": [9.5, 0.5, 9, 1], "texture": "#2"}
			}
		},
		{
			"from": [4, 1, 9],
			"to": [5, 4, 10],
			"faces": {
				"north": {"uv": [4, 7, 4.5, 8.5], "texture": "#2"},
				"east": {"uv": [7, 4, 7.5, 5.5], "texture": "#2"},
				"south": {"uv": [4.5, 7, 5, 8.5], "texture": "#2"},
				"west": {"uv": [7, 5.5, 7.5, 7], "texture": "#2"},
				"up": {"uv": [9, 8.5, 8.5, 8], "texture": "#2"},
				"down": {"uv": [9, 8.5, 8.5, 9], "texture": "#2"}
			}
		},
		{
			"from": [4, 1, 11],
			"to": [5, 4, 12],
			"faces": {
				"north": {"uv": [6, 5.5, 6.5, 7], "texture": "#2"},
				"east": {"uv": [6.5, 5.5, 7, 7], "texture": "#2"},
				"south": {"uv": [3, 7, 3.5, 8.5], "texture": "#2"},
				"west": {"uv": [3.5, 7, 4, 8.5], "texture": "#2"},
				"up": {"uv": [8, 9, 7.5, 8.5], "texture": "#2"},
				"down": {"uv": [9, 7.5, 8.5, 8], "texture": "#2"}
			}
		},
		{
			"from": [9, 3, 3],
			"to": [10, 4, 4],
			"faces": {
				"north": {"uv": [6, 8.5, 6.5, 9], "texture": "#2"},
				"east": {"uv": [8.5, 6, 9, 6.5], "texture": "#2"},
				"south": {"uv": [6.5, 8.5, 7, 9], "texture": "#2"},
				"west": {"uv": [8.5, 6.5, 9, 7], "texture": "#2"},
				"up": {"uv": [7.5, 9, 7, 8.5], "texture": "#2"},
				"down": {"uv": [9, 7, 8.5, 7.5], "texture": "#2"}
			}
		},
		{
			"from": [6, 3, 3],
			"to": [7, 4, 4],
			"faces": {
				"north": {"uv": [3.5, 8.5, 4, 9], "texture": "#2"},
				"east": {"uv": [4, 8.5, 4.5, 9], "texture": "#2"},
				"south": {"uv": [4.5, 8.5, 5, 9], "texture": "#2"},
				"west": {"uv": [8.5, 4.5, 9, 5], "texture": "#2"},
				"up": {"uv": [9, 5.5, 8.5, 5], "texture": "#2"},
				"down": {"uv": [9, 5.5, 8.5, 6], "texture": "#2"}
			}
		}
	],
	"gui_light": "front",
	"display": {
		"thirdperson_righthand": {
			"translation": [0, 0, -2],
			"scale": [0.5, 0.5, 0.5]
		},
		"thirdperson_lefthand": {
			"translation": [0, 0, -2],
			"scale": [0.5, 0.5, 0.5]
		},
		"firstperson_righthand": {
			"scale": [0.5, 0.5, 0.5]
		},
		"firstperson_lefthand": {
			"scale": [0.5, 0.5, 0.5]
		},
		"ground": {
			"translation": [0, 2, 0],
			"scale": [0.5, 0.5, 0.5]
		},
		"gui": {
			"rotation": [0, -180, 0],
			"translation": [0, 2.25, 0]
		},
		"head": {
			"translation": [0, 12.5, 0],
			"scale": [0.75, 0.75, 0.75]
		},
		"fixed": {
			"rotation": [-90, -180, 0],
			"translation": [0, 0, -9.5],
			"scale": [1.2, 1.2, 1.2]
		}
	},
	"groups": [
		0,
		1,
		2,
		{
			"name": "legs",
			"origin": [0, 0, 0],
			"color": 0,
			"children": [3, 4, 5, 6, 7, 8, 9, 10]
		},
		{
			"name": "fangs",
			"origin": [0, 0, 0],
			"color": 0,
			"children": [11, 12]
		}
	]
}