{
	"credit": "Made with Blockbench",
	"texture_size": [32, 32],
	"textures": {
		"2": "block/fig9",
		"particle": "block/fig9"
	},
	"elements": [
		{
			"name": "base",
			"from": [4, 0, 4],
			"to": [12, 1, 12],
			"faces": {
				"north": {"uv": [12, 0, 16, 0.5], "texture": "#2"},
				"east": {"uv": [12, 0.5, 16, 1], "texture": "#2"},
				"south": {"uv": [12, 1, 16, 1.5], "texture": "#2"},
				"west": {"uv": [12, 1.5, 16, 2], "texture": "#2"},
				"up": {"uv": [10, 9, 6, 5], "texture": "#2"},
				"down": {"uv": [4, 9, 0, 13], "texture": "#2"}
			}
		},
		{
			"name": "body",
			"from": [5, 2, 5],
			"to": [11, 8, 11],
			"faces": {
				"north": {"uv": [9, 0, 12, 3], "texture": "#2"},
				"east": {"uv": [4, 9, 7, 12], "texture": "#2"},
				"south": {"uv": [7, 9, 10, 12], "texture": "#2"},
				"west": {"uv": [10, 3, 13, 6], "texture": "#2"},
				"up": {"uv": [13, 9, 10, 6], "texture": "#2"},
				"down": {"uv": [13, 9, 10, 12], "texture": "#2"}
			}
		},
		{
			"name": "stand",
			"from": [7, 1, 7],
			"to": [9, 2, 9],
			"faces": {
				"north": {"uv": [3, 7, 4, 7.5], "texture": "#2"},
				"east": {"uv": [7, 3, 8, 3.5], "texture": "#2"},
				"south": {"uv": [7, 3.5, 8, 4], "texture": "#2"},
				"west": {"uv": [7, 4, 8, 4.5], "texture": "#2"},
				"up": {"uv": [5, 7.5, 4, 6.5], "texture": "#2"},
				"down": {"uv": [6, 6.5, 5, 7.5], "texture": "#2"}
			}
		}
	],
	"gui_light": "front",
	"display": {
		"thirdperson_righthand": {
			"rotation": [0, -180, 0],
			"translation": [0, 0, -2],
			"scale": [0.5, 0.5, 0.5]
		},
		"thirdperson_lefthand": {
			"rotation": [0, -180, 0],
			"translation": [0, 0, -2],
			"scale": [0.5, 0.5, 0.5]
		},
		"firstperson_righthand": {
			"rotation": [0, -180, 0],
			"scale": [0.5, 0.5, 0.5]
		},
		"firstperson_lefthand": {
			"rotation": [0, -180, 0],
			"scale": [0.5, 0.5, 0.5]
		},
		"ground": {
			"translation": [0, 2, 0],
			"scale": [0.5, 0.5, 0.5]
		},
		"gui": {
			"translation": [0, 2.25, 0]
		},
		"head": {
			"rotation": [0, -180, 0],
			"translation": [0, 12.5, 0],
			"scale": [0.75, 0.75, 0.75]
		},
		"fixed": {
			"rotation": [-90, 0, 0],
			"translation": [0, 0, -9.5],
			"scale": [1.2, 1.2, 1.2]
		}
	}
}