{
	"credit": "Made with Blockbench",
	"texture_size": [8, 8],
	"textures": {
		"0": "block/love_glasses",
		"particle": "block/love_glasses"
	},
	"elements": [
		{
			"from": [7.25, 1, 2],
			"to": [8.25, 2, 2.5],
			"rotation": {"angle": 45, "axis": "z", "origin": [7.25, 2, 2]},
			"faces": {
				"north": {"uv": [10, 0, 12, 2], "texture": "#0"},
				"east": {"uv": [4, 12, 5, 14], "texture": "#0"},
				"south": {"uv": [10, 2, 12, 4], "texture": "#0"},
				"west": {"uv": [6, 12, 7, 14], "texture": "#0"},
				"up": {"uv": [14, 7, 12, 6], "texture": "#0"},
				"down": {"uv": [10, 12, 8, 13], "texture": "#0"}
			}
		},
		{
			"from": [7.25, 0, 2],
			"to": [9.25, 1, 2.5],
			"rotation": {"angle": 45, "axis": "z", "origin": [7.25, 2, 2]},
			"faces": {
				"north": {"uv": [0, 8, 4, 10], "texture": "#0"},
				"east": {"uv": [12, 8, 13, 10], "texture": "#0"},
				"south": {"uv": [4, 8, 8, 10], "texture": "#0"},
				"west": {"uv": [10, 12, 11, 14], "texture": "#0"},
				"up": {"uv": [8, 11, 4, 10], "texture": "#0"},
				"down": {"uv": [14, 4, 10, 5], "texture": "#0"}
			}
		},
		{
			"from": [4.25, 1, 2],
			"to": [5.25, 2, 2.5],
			"rotation": {"angle": 45, "axis": "z", "origin": [4.25, 2, 2]},
			"faces": {
				"north": {"uv": [10, 6, 12, 8], "texture": "#0"},
				"east": {"uv": [12, 12, 13, 14], "texture": "#0"},
				"south": {"uv": [8, 10, 10, 12], "texture": "#0"},
				"west": {"uv": [0, 14, 1, 16], "texture": "#0"},
				"up": {"uv": [4, 15, 2, 14], "texture": "#0"},
				"down": {"uv": [6, 14, 4, 15], "texture": "#0"}
			}
		},
		{
			"from": [4.25, 0, 2],
			"to": [6.25, 1, 2.5],
			"rotation": {"angle": 45, "axis": "z", "origin": [4.25, 2, 2]},
			"faces": {
				"north": {"uv": [8, 8, 12, 10], "texture": "#0"},
				"east": {"uv": [14, 4, 15, 6], "texture": "#0"},
				"south": {"uv": [0, 10, 4, 12], "texture": "#0"},
				"west": {"uv": [6, 14, 7, 16], "texture": "#0"},
				"up": {"uv": [14, 11, 10, 10], "texture": "#0"},
				"down": {"uv": [4, 12, 0, 13], "texture": "#0"}
			}
		},
		{
			"from": [6.65, 1.9, 2.25],
			"to": [7.65, 2.4, 2.25],
			"rotation": {"angle": 0, "axis": "y", "origin": [6.65, 1.9, 2.25]},
			"faces": {
				"north": {"uv": [12, 0, 16, 1], "texture": "#0"},
				"east": {"uv": [0, 0, 0, 1], "texture": "#0"},
				"south": {"uv": [12, 2, 16, 3], "texture": "#0"},
				"west": {"uv": [0, 0, 0, 1], "texture": "#0"},
				"up": {"uv": [4, 0, 0, 0], "texture": "#0"},
				"down": {"uv": [4, 0, 0, 0], "texture": "#0"}
			}
		},
		{
			"from": [9.25, 1.75, 2.25],
			"to": [10.25, 2.25, 2.25],
			"rotation": {"angle": 0, "axis": "y", "origin": [9.25, 1.75, 2.25]},
			"faces": {
				"north": {"uv": [14, 6, 16, 7], "texture": "#0"},
				"east": {"uv": [0, 0, 0, 1], "texture": "#0"},
				"south": {"uv": [8, 14, 10, 15], "texture": "#0"},
				"west": {"uv": [0, 0, 0, 1], "texture": "#0"},
				"up": {"uv": [2, 0, 0, 0], "texture": "#0"},
				"down": {"uv": [2, 0, 0, 0], "texture": "#0"}
			}
		},
		{
			"from": [4, 1.75, 2.25],
			"to": [5, 2.25, 2.25],
			"rotation": {"angle": 0, "axis": "y", "origin": [4, 1.75, 2.25]},
			"faces": {
				"north": {"uv": [14, 8, 16, 9], "texture": "#0"},
				"east": {"uv": [0, 0, 0, 1], "texture": "#0"},
				"south": {"uv": [10, 14, 12, 15], "texture": "#0"},
				"west": {"uv": [0, 0, 0, 1], "texture": "#0"},
				"up": {"uv": [2, 0, 0, 0], "texture": "#0"},
				"down": {"uv": [2, 0, 0, 0], "texture": "#0"}
			}
		},
		{
			"from": [4, 1.75, 2.25],
			"to": [4, 2.25, 7.25],
			"rotation": {"angle": 0, "axis": "y", "origin": [4, 1.75, 2.25]},
			"faces": {
				"north": {"uv": [0, 0, 0, 1], "texture": "#0"},
				"east": {"uv": [0, 0, 10, 1], "texture": "#0"},
				"south": {"uv": [0, 0, 0, 1], "texture": "#0"},
				"west": {"uv": [0, 2, 10, 3], "texture": "#0"},
				"up": {"uv": [0, 10, 0, 0], "texture": "#0"},
				"down": {"uv": [0, 0, 0, 10], "texture": "#0"}
			}
		},
		{
			"from": [10.25, 1.75, 2.25],
			"to": [10.25, 2.25, 7.25],
			"rotation": {"angle": 0, "axis": "y", "origin": [10.25, 1.75, 2.25]},
			"faces": {
				"north": {"uv": [0, 0, 0, 1], "texture": "#0"},
				"east": {"uv": [0, 4, 10, 5], "texture": "#0"},
				"south": {"uv": [0, 0, 0, 1], "texture": "#0"},
				"west": {"uv": [0, 6, 10, 7], "texture": "#0"},
				"up": {"uv": [0, 10, 0, 0], "texture": "#0"},
				"down": {"uv": [0, 0, 0, 10], "texture": "#0"}
			}
		}
	],
	"display": {
		"thirdperson_righthand": {
			"translation": [-2, 4.5, 0.75]
		},
		"thirdperson_lefthand": {
			"translation": [-3.75, 4.5, 0.75]
		},
		"firstperson_righthand": {
			"translation": [1.5, 4.5, 1.5]
		},
		"firstperson_lefthand": {
			"translation": [1.5, 4.5, 1.5]
		},
		"ground": {
			"translation": [1, 4.25, 4],
			"scale": [1.1, 1.1, 1.1]
		},
		"gui": {
			"rotation": [45, 145, 0],
			"translation": [2.25, 10.75, 0],
			"scale": [1.6, 1.6, 1.6]
		},
		"head": {
			"translation": [2, 15.5, 6.5],
			"scale": [2.4, 2.4, 2.4]
		},
		"fixed": {
			"translation": [2.5, 18.5, 15.25],
			"scale": [3, 3, 3]
		}
	},
	"groups": [
		{
			"name": "group",
			"origin": [5, 0, 2],
			"color": 0,
			"children": [0, 1]
		},
		{
			"name": "group",
			"origin": [5, 0, 2],
			"color": 0,
			"children": [2, 3]
		},
		4,
		5,
		6,
		7,
		8
	]
}