{
	"credit": "Made with Blockbench",
	"texture_size": [32, 32],
	"textures": {
		"2": "item/fig4_1",
		"particle": "item/fig4_1"
	},
	"elements": [
		{
			"name": "base",
			"from": [4, 0, 4],
			"to": [12, 1, 12],
			"faces": {
				"north": {"uv": [11, 8, 15, 8.5], "texture": "#2"},
				"east": {"uv": [11, 8.5, 15, 9], "texture": "#2"},
				"south": {"uv": [11, 9, 15, 9.5], "texture": "#2"},
				"west": {"uv": [11, 9.5, 15, 10], "texture": "#2"},
				"up": {"uv": [4, 4, 0, 0], "texture": "#2"},
				"down": {"uv": [4, 4, 0, 8], "texture": "#2"}
			}
		},
		{
			"from": [5, 1, 5],
			"to": [7, 3, 7],
			"faces": {
				"north": {"uv": [2.5, 12, 3.5, 13], "texture": "#2"},
				"east": {"uv": [12, 3, 13, 4], "texture": "#2"},
				"south": {"uv": [3.5, 12, 4.5, 13], "texture": "#2"},
				"west": {"uv": [12, 4, 13, 5], "texture": "#2"},
				"up": {"uv": [5.5, 13, 4.5, 12], "texture": "#2"},
				"down": {"uv": [13, 5, 12, 6], "texture": "#2"}
			}
		},
		{
			"from": [5, 1, 9],
			"to": [7, 3, 11],
			"faces": {
				"north": {"uv": [5.5, 12, 6.5, 13], "texture": "#2"},
				"east": {"uv": [12, 6, 13, 7], "texture": "#2"},
				"south": {"uv": [6.5, 12, 7.5, 13], "texture": "#2"},
				"west": {"uv": [12, 7, 13, 8], "texture": "#2"},
				"up": {"uv": [13, 11, 12, 10], "texture": "#2"},
				"down": {"uv": [13, 11, 12, 12], "texture": "#2"}
			}
		},
		{
			"from": [9, 1, 5],
			"to": [11, 3, 7],
			"faces": {
				"north": {"uv": [12, 12, 13, 13], "texture": "#2"},
				"east": {"uv": [12.5, 0, 13.5, 1], "texture": "#2"},
				"south": {"uv": [12.5, 1, 13.5, 2], "texture": "#2"},
				"west": {"uv": [12.5, 2, 13.5, 3], "texture": "#2"},
				"up": {"uv": [1.5, 14, 0.5, 13], "texture": "#2"},
				"down": {"uv": [2.5, 13, 1.5, 14], "texture": "#2"}
			}
		},
		{
			"from": [9, 1, 9],
			"to": [11, 3, 11],
			"faces": {
				"north": {"uv": [2.5, 13, 3.5, 14], "texture": "#2"},
				"east": {"uv": [13, 3, 14, 4], "texture": "#2"},
				"south": {"uv": [3.5, 13, 4.5, 14], "texture": "#2"},
				"west": {"uv": [13, 4, 14, 5], "texture": "#2"},
				"up": {"uv": [5.5, 14, 4.5, 13], "texture": "#2"},
				"down": {"uv": [14, 5, 13, 6], "texture": "#2"}
			}
		},
		{
			"name": "body",
			"from": [4, 3, 4],
			"to": [12, 11, 12],
			"faces": {
				"north": {"uv": [4, 0, 8, 4], "texture": "#2", "tintindex": 0},
				"east": {"uv": [4, 4, 8, 8], "texture": "#2", "tintindex": 0},
				"south": {"uv": [0, 8, 4, 12], "texture": "#2", "tintindex": 0},
				"west": {"uv": [8, 0, 12, 4], "texture": "#2", "tintindex": 0},
				"up": {"uv": [8, 12, 4, 8], "texture": "#2", "tintindex": 0},
				"down": {"uv": [12, 4, 8, 8], "texture": "#2", "tintindex": 0}
			}
		},
		{
			"name": "face",
			"from": [3, 4, 5],
			"to": [4, 10, 11],
			"faces": {
				"north": {"uv": [11, 10, 11.5, 13], "texture": "#2"},
				"east": {"uv": [8, 8, 11, 11], "texture": "#2"},
				"south": {"uv": [11.5, 10, 12, 13], "texture": "#2"},
				"west": {"uv": [8, 11, 11, 14], "texture": "#2"},
				"up": {"uv": [0.5, 15, 0, 12], "texture": "#2"},
				"down": {"uv": [12.5, 0, 12, 3], "texture": "#2"}
			}
		},
		{
			"name": "tail",
			"from": [12, 4, 7],
			"to": [13, 6, 9],
			"faces": {
				"north": {"uv": [7.5, 12, 8, 13], "texture": "#2", "tintindex": 0},
				"east": {"uv": [0.5, 12, 1.5, 13], "texture": "#2", "tintindex": 0},
				"south": {"uv": [5.5, 13, 6, 14], "texture": "#2", "tintindex": 0},
				"west": {"uv": [1.5, 12, 2.5, 13], "texture": "#2"},
				"up": {"uv": [6.5, 14, 6, 13], "texture": "#2", "tintindex": 0},
				"down": {"uv": [13.5, 6, 13, 7], "texture": "#2", "tintindex": 0}
			}
		}
	],
	"gui_light": "front",
	"display": {
		"thirdperson_righthand": {
			"rotation": [0, -90, 0],
			"translation": [0, 0, -2],
			"scale": [0.5, 0.5, 0.5]
		},
		"thirdperson_lefthand": {
			"rotation": [0, 90, 0],
			"translation": [0, 0, -2],
			"scale": [0.5, 0.5, 0.5]
		},
		"firstperson_righthand": {
			"rotation": [0, -90, 0],
			"scale": [0.5, 0.5, 0.5]
		},
		"firstperson_lefthand": {
			"rotation": [0, 90, 0],
			"scale": [0.5, 0.5, 0.5]
		},
		"ground": {
			"translation": [0, 2, 0],
			"scale": [0.5, 0.5, 0.5]
		},
		"gui": {
			"rotation": [0, 90, 0],
			"translation": [0, 2.25, 0]
		},
		"head": {
			"rotation": [0, -90, 0],
			"translation": [0, 12.5, 0],
			"scale": [0.75, 0.75, 0.75]
		},
		"fixed": {
			"rotation": [-90, 90, 0],
			"translation": [0, 0, -9.5],
			"scale": [1.2, 1.2, 1.2]
		}
	},
	"groups": [
		0,
		{
			"name": "legs",
			"origin": [0, 0, 0],
			"color": 0,
			"children": [1, 2, 3, 4]
		},
		5,
		6,
		7
	]
}