{
  "credit": "Made with Blockbench",
  "texture_size": [
    32,
    32
  ],
  "textures": {
    "0": "mcpaint:item/paint_bucket/ground"
  },
  "elements": [
    {
      "from": [
        5,
        0,
        5
      ],
      "to": [
        11,
        8,
        11
      ],
      "rotation": {
        "angle": 0,
        "axis": "y",
        "origin": [
          5,
          0,
          5
        ]
      },
      "faces": {
        "north": {
          "uv": [
            0,
            3,
            3,
            7
          ],
          "texture": "#0"
        },
        "east": {
          "uv": [
            3,
            3,
            6,
            7
          ],
          "texture": "#0"
        },
        "south": {
          "uv": [
            0,
            7,
            3,
            11
          ],
          "texture": "#0"
        },
        "west": {
          "uv": [
            3,
            7,
            6,
            11
          ],
          "texture": "#0"
        },
        "up": {
          "uv": [
            3,
            3,
            0,
            0
          ],
          "texture": "#0"
        },
        "down": {
          "uv": [
            6,
            0,
            3,
            3
          ],
          "texture": "#0"
        }
      }
    },
    {
      "from": [
        4.99,
        -0.01,
        4.99
      ],
      "to": [
        11.01,
        8.01,
        11.01
      ],
      "rotation": {
        "angle": 0,
        "axis": "y",
        "origin": [
          5,
          0,
          5
        ]
      },
      "faces": {
        "north": {
          "uv": [
            6,
            3,
            9,
            7
          ],
          "texture": "#0",
          "tintindex": 0
        },
        "east": {
          "uv": [
            9,
            3,
            12,
            7
          ],
          "texture": "#0",
          "tintindex": 0
        },
        "south": {
          "uv": [
            6,
            7,
            9,
            11
          ],
          "texture": "#0",
          "tintindex": 0
        },
        "west": {
          "uv": [
            9,
            7,
            12,
            11
          ],
          "texture": "#0",
          "tintindex": 0
        },
        "up": {
          "uv": [
            9,
            3,
            6,
            0
          ],
          "texture": "#0",
          "tintindex": 0
        },
        "down": {
          "uv": [
            12,
            0,
            9,
            3
          ],
          "texture": "#0",
          "tintindex": 0
        }
      }
    },
    {
      "from": [
        4,
        4,
        7
      ],
      "to": [
        12,
        6,
        9
      ],
      "rotation": {
        "angle": 0,
        "axis": "y",
        "origin": [
          4,
          4,
          7
        ]
      },
      "faces": {
        "north": {
          "uv": [
            12,
            2,
            16,
            3
          ],
          "texture": "#0"
        },
        "east": {
          "uv": [
            15,
            0,
            16,
            1
          ],
          "texture": "#0"
        },
        "south": {
          "uv": [
            12,
            3,
            16,
            4
          ],
          "texture": "#0"
        },
        "west": {
          "uv": [
            14,
            0,
            15,
            1
          ],
          "texture": "#0"
        },
        "up": {
          "uv": [
            16,
            2,
            12,
            1
          ],
          "texture": "#0"
        },
        "down": {
          "uv": [
            16,
            4,
            12,
            5
          ],
          "texture": "#0"
        }
      }
    },
    {
      "from": [
        3.99,
        3.99,
        6.99
      ],
      "to": [
        12.01,
        6.01,
        9.01
      ],
      "rotation": {
        "angle": 0,
        "axis": "y",
        "origin": [
          4,
          4,
          7
        ]
      },
      "faces": {
        "north": {
          "uv": [
            12,
            7,
            16,
            8
          ],
          "texture": "#0",
          "tintindex": 0
        },
        "east": {
          "uv": [
            15,
            5,
            16,
            6
          ],
          "texture": "#0",
          "tintindex": 0
        },
        "south": {
          "uv": [
            12,
            8,
            16,
            9
          ],
          "texture": "#0",
          "tintindex": 0
        },
        "west": {
          "uv": [
            14,
            5,
            15,
            6
          ],
          "texture": "#0",
          "tintindex": 0
        },
        "up": {
          "uv": [
            16,
            7,
            12,
            6
          ],
          "texture": "#0",
          "tintindex": 0
        },
        "down": {
          "uv": [
            16,
            9,
            12,
            10
          ],
          "texture": "#0",
          "tintindex": 0
        }
      }
    },
    {
      "from": [
        4,
        5,
        2
      ],
      "to": [
        12,
        5,
        8
      ],
      "rotation": {
        "angle": -45,
        "axis": "x",
        "origin": [
          8,
          5,
          8
        ]
      },
      "faces": {
        "north": {
          "uv": [
            0,
            0,
            4,
            0
          ],
          "texture": "#0"
        },
        "east": {
          "uv": [
            0,
            0,
            3,
            0
          ],
          "texture": "#0"
        },
        "south": {
          "uv": [
            0,
            0,
            4,
            0
          ],
          "texture": "#0"
        },
        "west": {
          "uv": [
            0,
            0,
            3,
            0
          ],
          "texture": "#0"
        },
        "up": {
          "uv": [
            4,
            14,
            0,
            11
          ],
          "texture": "#0"
        },
        "down": {
          "uv": [
            8,
            11,
            4,
            14
          ],
          "texture": "#0"
        }
      }
    }
  ],
  "display": {
    "thirdperson_righthand": {
      "rotation": [
        56,
        0,
        0
      ]
    },
    "thirdperson_lefthand": {
      "rotation": [
        56,
        0,
        0
      ]
    },
    "firstperson_righthand": {
      "rotation": [
        0,
        90,
        15
      ],
      "translation": [
        2.5,
        7,
        0
      ]
    },
    "firstperson_lefthand": {
      "rotation": [
        0,
        90,
        15
      ],
      "translation": [
        2.5,
        7,
        0
      ]
    },
    "ground": {
      "translation": [
        0,
        3,
        0
      ],
      "scale": [
        0.75,
        0.75,
        0.75
      ]
    },
    "gui": {
      "rotation": [
        30,
        225,
        0
      ],
      "translation": [
        0,
        2.75,
        0
      ]
    },
    "head": {
      "translation": [
        0,
        14,
        0
      ]
    }
  }
}