{
  "parent": "mcpaint:item/pixel_canvas/parent",
  "elements": [
    {
      "from": [
        13,
        11,
        7.45
      ],
      "to": [
        14,
        12,
        8.55
      ],
      "faces": {
        "north": {
          "uv": [
            14,
            5,
            13,
            4
          ],
          "texture": "#0",
          "tintindex": 0
        },
        "south": {
          "uv": [
            13,
            5,
            14,
            4
          ],
          "texture": "#0",
          "tintindex": 0
        }
      }
    }
  ]
}