{
  "parent": "mcpaint:item/pixel_canvas/parent",
  "elements": [
    {
      "from": [
        3,
        7,
        7.45
      ],
      "to": [
        4,
        8,
        8.55
      ],
      "faces": {
        "north": {
          "uv": [
            4,
            9,
            3,
            8
          ],
          "texture": "#0",
          "tintindex": 0
        },
        "south": {
          "uv": [
            3,
            9,
            4,
            8
          ],
          "texture": "#0",
          "tintindex": 0
        }
      }
    }
  ]
}