{
  "parent": "mcpaint:item/pixel_canvas/parent",
  "elements": [
    {
      "from": [
        6,
        2,
        7.45
      ],
      "to": [
        7,
        3,
        8.55
      ],
      "faces": {
        "north": {
          "uv": [
            7,
            14,
            6,
            13
          ],
          "texture": "#0",
          "tintindex": 0
        },
        "south": {
          "uv": [
            6,
            14,
            7,
            13
          ],
          "texture": "#0",
          "tintindex": 0
        }
      }
    }
  ]
}