{
  "parent": "mcpaint:studio/display_small",
  "credit": "Made with Blockbench",
  "texture_size": [
    64,
    64
  ],
  "textures": {
    "1": "mcpaint:item/studio/border"
  },
  "elements": [
    {
      "from": [
        -2,
        -5,
        14.75
      ],
      "to": [
        0,
        17,
        16.75
      ],
      "faces": {
        "north": {
          "uv": [
            13.5,
            10.5,
            14,
            16
          ],
          "texture": "#1"
        },
        "east": {
          "uv": [
            13.5,
            10.5,
            14,
            16
          ],
          "texture": "#1"
        },
        "south": {
          "uv": [
            13.5,
            10.5,
            14,
            16
          ],
          "texture": "#1"
        },
        "west": {
          "uv": [
            13.5,
            10.5,
            14,
            16
          ],
          "texture": "#1"
        },
        "up": {
          "uv": [
            14,
            2.5,
            13.5,
            2
          ],
          "texture": "#1"
        },
        "down": {
          "uv": [
            14.5,
            2,
            14,
            2.5
          ],
          "texture": "#1"
        }
      }
    },
    {
      "from": [
        16,
        -5,
        14.75
      ],
      "to": [
        18,
        17,
        16.75
      ],
      "faces": {
        "north": {
          "uv": [
            13.5,
            10.5,
            14,
            16
          ],
          "texture": "#1"
        },
        "east": {
          "uv": [
            13.5,
            10.5,
            14,
            16
          ],
          "texture": "#1"
        },
        "south": {
          "uv": [
            13.5,
            10.5,
            14,
            16
          ],
          "texture": "#1"
        },
        "west": {
          "uv": [
            13.5,
            10.5,
            14,
            16
          ],
          "texture": "#1"
        },
        "up": {
          "uv": [
            14,
            2.5,
            13.5,
            2
          ],
          "texture": "#1"
        },
        "down": {
          "uv": [
            14.5,
            2,
            14,
            2.5
          ],
          "texture": "#1"
        }
      }
    },
    {
      "from": [
        -1,
        -4,
        11
      ],
      "to": [
        17,
        -3,
        16
      ],
      "faces": {
        "north": {
          "uv": [
            1.25,
            15.75,
            5.75,
            16
          ],
          "texture": "#1"
        },
        "east": {
          "uv": [
            0,
            15.75,
            1.25,
            16
          ],
          "texture": "#1"
        },
        "south": {
          "uv": [
            7,
            15.75,
            11.5,
            16
          ],
          "texture": "#1"
        },
        "west": {
          "uv": [
            5.75,
            15.75,
            7,
            16
          ],
          "texture": "#1"
        },
        "up": {
          "uv": [
            5.75,
            15.75,
            1.25,
            14.5
          ],
          "texture": "#1"
        },
        "down": {
          "uv": [
            10.25,
            14.5,
            5.75,
            15.75
          ],
          "texture": "#1"
        }
      }
    },
    {
      "from": [
        -1,
        -4,
        10
      ],
      "to": [
        17,
        -2,
        11
      ],
      "faces": {
        "north": {
          "uv": [
            0.25,
            14,
            4.75,
            14.5
          ],
          "texture": "#1"
        },
        "east": {
          "uv": [
            0,
            14,
            0.25,
            14.5
          ],
          "texture": "#1"
        },
        "south": {
          "uv": [
            5,
            14,
            9.5,
            14.5
          ],
          "texture": "#1"
        },
        "west": {
          "uv": [
            4.75,
            14,
            5,
            14.5
          ],
          "texture": "#1"
        },
        "up": {
          "uv": [
            4.75,
            14,
            0.25,
            13.75
          ],
          "texture": "#1"
        },
        "down": {
          "uv": [
            9.25,
            13.75,
            4.75,
            14
          ],
          "texture": "#1"
        }
      }
    },
    {
      "from": [
        12,
        -3,
        11.5
      ],
      "to": [
        15,
        -1,
        14.5
      ],
      "rotation": {
        "angle": 22.5,
        "axis": "y",
        "origin": [
          13.5,
          -2,
          13
        ]
      },
      "faces": {
        "north": {
          "uv": [
            2.75,
            13.25,
            3.5,
            13.75
          ],
          "texture": "#1"
        },
        "east": {
          "uv": [
            2,
            13.25,
            2.75,
            13.75
          ],
          "texture": "#1"
        },
        "south": {
          "uv": [
            4.25,
            13.25,
            5,
            13.75
          ],
          "texture": "#1"
        },
        "west": {
          "uv": [
            3.5,
            13.25,
            4.25,
            13.75
          ],
          "texture": "#1"
        },
        "up": {
          "uv": [
            3.5,
            13.25,
            2.75,
            12.5
          ],
          "texture": "#1"
        },
        "down": {
          "uv": [
            4.25,
            12.5,
            3.5,
            13.25
          ],
          "texture": "#1"
        }
      }
    },
    {
      "from": [
        12.5,
        -1.25,
        12
      ],
      "to": [
        14.5,
        -0.25,
        14
      ],
      "rotation": {
        "angle": 22.5,
        "axis": "y",
        "origin": [
          13.5,
          -2,
          13
        ]
      },
      "faces": {
        "north": {
          "uv": [
            0.5,
            13.5,
            1,
            13.75
          ],
          "texture": "#1"
        },
        "east": {
          "uv": [
            0,
            13.5,
            0.5,
            13.75
          ],
          "texture": "#1"
        },
        "south": {
          "uv": [
            1.5,
            13.5,
            2,
            13.75
          ],
          "texture": "#1"
        },
        "west": {
          "uv": [
            1,
            13.5,
            1.5,
            13.75
          ],
          "texture": "#1"
        },
        "up": {
          "uv": [
            1,
            13.5,
            0.5,
            13
          ],
          "texture": "#1"
        },
        "down": {
          "uv": [
            1.5,
            13,
            1,
            13.5
          ],
          "texture": "#1"
        }
      }
    },
    {
      "from": [
        1,
        -3,
        11.5
      ],
      "to": [
        7,
        -2,
        14.5
      ],
      "faces": {
        "north": {
          "uv": [
            5.75,
            13.5,
            7.25,
            13.75
          ],
          "texture": "#1"
        },
        "east": {
          "uv": [
            5,
            13.5,
            5.75,
            13.75
          ],
          "texture": "#1"
        },
        "south": {
          "uv": [
            8,
            13.5,
            9.5,
            13.75
          ],
          "texture": "#1"
        },
        "west": {
          "uv": [
            7.25,
            13.5,
            8,
            13.75
          ],
          "texture": "#1"
        },
        "up": {
          "uv": [
            7.25,
            13.5,
            5.75,
            12.75
          ],
          "texture": "#1"
        },
        "down": {
          "uv": [
            8.75,
            12.75,
            7.25,
            13.5
          ],
          "texture": "#1"
        }
      }
    }
  ]
}