{
  "parent": "minecraft:item/generated",
  "textures": {
    "layer0": "minecraft:item/amethyst_shard"
  },
  "overrides": [
    {"predicate": {"custom_model_data": 200}, "model": "item/fire_shard"},
    {"predicate": {"custom_model_data": 201}, "model": "item/black_opal"},
    {"predicate": {"custom_model_data": 202}, "model": "item/ruby"},
    {"predicate": {"custom_model_data": 203}, "model": "item/sapphire"},
    {"predicate": {"custom_model_data": 204}, "model": "item/topaz"},
    {"predicate": {"custom_model_data": 205}, "model": "item/bright_opal"},
    {"predicate": {"custom_model_data": 206}, "model": "item/dragon_scale"},
    {"predicate": {"custom_model_data": 207}, "model": "item/lightning_rod"},
    {"predicate": {"custom_model_data": 208}, "model": "item/skeletal_totem"}
    
	 ]
}