{
	"format_version": "1.21.6",
	"credit": "Made with Blockbench",
	"texture_size": [64, 64],
	"textures": {
		"0": "block/beanie_scarf_hat_texture",
		"particle": "block/beanie_scarf_hat_texture"
	},
	"elements": [
		{
			"from": [10, -1, 4],
			"to": [13, 2, 13],
			"rotation": {"angle": -22.5, "axis": "x", "origin": [8, 0.5, 8]},
			"faces": {
				"north": {"uv": [4.5, 8.5, 5.25, 9.25], "texture": "#0"},
				"east": {"uv": [7.75, 1, 10, 1.75], "texture": "#0"},
				"south": {"uv": [4.5, 9.5, 5.25, 10.25], "texture": "#0"},
				"west": {"uv": [7.75, 2, 10, 2.75], "texture": "#0"},
				"up": {"uv": [6.25, 9.75, 5.5, 7.5], "texture": "#0"},
				"down": {"uv": [7.25, 7.75, 6.5, 10], "texture": "#0"}
			}
		},
		{
			"from": [3, -7.41655, 4.87851],
			"to": [13, -2.41655, 4.87851],
			"rotation": {"angle": 0, "axis": "y", "origin": [8, -2.41655, 4.87851]},
			"faces": {
				"north": {"uv": [5, 0, 7.5, 1.25], "texture": "#0"},
				"east": {"uv": [4.25, 6, 4.25, 7.25], "texture": "#0"},
				"south": {"uv": [5, 0, 7.5, 1.25], "texture": "#0"},
				"west": {"uv": [4.5, 6, 4.5, 7.25], "texture": "#0"},
				"up": {"uv": [2.5, 5.5, 0, 5.5], "texture": "#0"},
				"down": {"uv": [2.5, 5.75, 0, 5.75], "texture": "#0"}
			}
		},
		{
			"from": [12.975, -6.9724, 10.19342],
			"to": [12.975, 1.0276, 16.19342],
			"rotation": {"angle": 0, "axis": "y", "origin": [7.975, 1.0276, 13.19342]},
			"faces": {
				"north": {"uv": [2, 10.25, 2, 12.25], "texture": "#0"},
				"east": {"uv": [5, 3, 6.5, 5], "texture": "#0"},
				"south": {"uv": [2.25, 10.25, 2.25, 12.25], "texture": "#0"},
				"west": {"uv": [6.5, 3, 5, 5], "texture": "#0"},
				"up": {"uv": [6.5, 11.75, 6.5, 10.25], "texture": "#0"},
				"down": {"uv": [6.75, 10.25, 6.75, 11.75], "texture": "#0"}
			}
		},
		{
			"from": [3, -1, 4],
			"to": [6, 2, 13],
			"rotation": {"angle": -22.5, "axis": "x", "origin": [1, 0.5, 8]},
			"faces": {
				"north": {"uv": [9.75, 3, 10.5, 3.75], "texture": "#0"},
				"east": {"uv": [7.5, 7.75, 9.75, 8.5], "texture": "#0"},
				"south": {"uv": [7.5, 9.75, 8.25, 10.5], "texture": "#0"},
				"west": {"uv": [0, 8.25, 2.25, 9], "texture": "#0"},
				"up": {"uv": [3.25, 10.75, 2.5, 8.5], "texture": "#0"},
				"down": {"uv": [4.25, 8.5, 3.5, 10.75], "texture": "#0"}
			}
		},
		{
			"from": [6, -1, 4],
			"to": [10, 2, 7],
			"rotation": {"angle": -22.5, "axis": "x", "origin": [4, 0.5, 8]},
			"faces": {
				"north": {"uv": [3, 6, 4, 6.75], "texture": "#0"},
				"east": {"uv": [8.5, 9.75, 9.25, 10.5], "texture": "#0"},
				"south": {"uv": [7.5, 8.75, 8.5, 9.5], "texture": "#0"},
				"west": {"uv": [9.5, 9.75, 10.25, 10.5], "texture": "#0"},
				"up": {"uv": [9.75, 9.5, 8.75, 8.75], "texture": "#0"},
				"down": {"uv": [10, 4.25, 9, 5], "texture": "#0"}
			}
		},
		{
			"from": [6, -1, 10],
			"to": [10, 2, 13],
			"rotation": {"angle": -22.5, "axis": "x", "origin": [4, 0.5, 8]},
			"faces": {
				"north": {"uv": [9, 5.25, 10, 6], "texture": "#0"},
				"east": {"uv": [5.5, 10, 6.25, 10.75], "texture": "#0"},
				"south": {"uv": [0, 9.25, 1, 10], "texture": "#0"},
				"west": {"uv": [10, 7.25, 10.75, 8], "texture": "#0"},
				"up": {"uv": [2.25, 10, 1.25, 9.25], "texture": "#0"},
				"down": {"uv": [10.5, 6.25, 9.5, 7], "texture": "#0"}
			}
		},
		{
			"from": [3, 5, 3],
			"to": [13, 8, 13],
			"rotation": {"angle": 0, "axis": "y", "origin": [4, 6, 3]},
			"faces": {
				"north": {"uv": [6.75, 6.75, 9.25, 7.5], "texture": "#0"},
				"east": {"uv": [0, 7.25, 2.5, 8], "texture": "#0"},
				"south": {"uv": [2.75, 7.5, 5.25, 8.25], "texture": "#0"},
				"west": {"uv": [7.75, 0, 10.25, 0.75], "texture": "#0"},
				"up": {"uv": [2.5, 2.5, 0, 0], "texture": "#0"},
				"down": {"uv": [2.5, 2.75, 0, 5.25], "texture": "#0"}
			}
		},
		{
			"from": [4, 7, 4],
			"to": [12, 11, 15],
			"rotation": {"angle": 0, "axis": "y", "origin": [4, 9, 3]},
			"faces": {
				"north": {"uv": [6.75, 4.25, 8.75, 5.25], "texture": "#0"},
				"east": {"uv": [0, 6, 2.75, 7], "texture": "#0"},
				"south": {"uv": [6.75, 5.5, 8.75, 6.5], "texture": "#0"},
				"west": {"uv": [6.75, 3, 9.5, 4], "texture": "#0"},
				"up": {"uv": [4.75, 2.75, 2.75, 0], "texture": "#0"},
				"down": {"uv": [4.75, 3, 2.75, 5.75], "texture": "#0"}
			}
		},
		{
			"from": [6.5, 10, 13],
			"to": [9.5, 13, 16],
			"rotation": {"angle": 0, "axis": "y", "origin": [3.5, 11, 3]},
			"faces": {
				"north": {"uv": [10, 8.25, 10.75, 9], "texture": "#0"},
				"east": {"uv": [0, 10.25, 0.75, 11], "texture": "#0"},
				"south": {"uv": [1, 10.25, 1.75, 11], "texture": "#0"},
				"west": {"uv": [10.25, 1, 11, 1.75], "texture": "#0"},
				"up": {"uv": [11, 2.75, 10.25, 2], "texture": "#0"},
				"down": {"uv": [11, 4, 10.25, 4.75], "texture": "#0"}
			}
		}
	],
	"gui_light": "front",
	"display": {
		"thirdperson_righthand": {
			"translation": [0, 1.75, -1.75],
			"scale": [0.9, 0.9, 0.9]
		},
		"thirdperson_lefthand": {
			"translation": [0, 1.75, -1.75],
			"scale": [0.9, 0.9, 0.9]
		},
		"firstperson_righthand": {
			"rotation": [0, 123, 0],
			"translation": [5, 4.25, -4.5],
			"scale": [0.8, 0.8, 0.8]
		},
		"firstperson_lefthand": {
			"rotation": [0, 123, 0],
			"translation": [5, 4.25, -4.5],
			"scale": [0.8, 0.8, 0.8]
		},
		"ground": {
			"translation": [0, 10.75, 0],
			"scale": [0.8, 0.8, 0.8]
		},
		"gui": {
			"rotation": [25, 150, 0],
			"translation": [-1, 3, 0],
			"scale": [0.7, 0.7, 0.7]
		},
		"head": {
			"translation": [0, 6.75, 0],
			"scale": [1.81, 1.81, 1.81]
		},
		"fixed": {
			"rotation": [-90, 0, 0],
			"translation": [0, 0, -29.75],
			"scale": [2, 2, 2]
		}
	},
	"groups": [
		{
			"name": "beanie_scarf_hat",
			"origin": [13, 0.5, 13],
			"color": 0,
			"children": [
				{
					"name": "scarf",
					"origin": [4, 0.5, 8],
					"color": 0,
					"children": [0, 1, 2, 3, 4, 5]
				},
				{
					"name": "beanie",
					"origin": [13, 0.5, 13],
					"color": 0,
					"children": [6, 7, 8]
				}
			]
		}
	]
}