{
	"credit": "Made with Blockbench",
	"texture_size": [64, 64],
	"textures": {
		"5": "block/cauldron_bubble",
		"6": "block/cauldron_liquide",
		"7": "block/cauldron_hat"
	},
	"elements": [
		{
			"from": [3, 10, 3],
			"to": [13, 12, 13],
			"rotation": {"angle": -45, "axis": "y", "origin": [8, 7, 8]},
			"faces": {
				"north": {"uv": [2, 6.5, 4.5, 7], "texture": "#7"},
				"east": {"uv": [4.5, 6.5, 7, 7], "texture": "#7"},
				"south": {"uv": [0, 7, 2.5, 7.5], "texture": "#7"},
				"west": {"uv": [7, 0, 9.5, 0.5], "texture": "#7"},
				"up": {"uv": [2.5, 2.5, 0, 0], "texture": "#7"},
				"down": {"uv": [2.5, 2.5, 0, 5], "texture": "#7"}
			}
		},
		{
			"from": [8, 8, 3],
			"to": [8, 18, 13],
			"rotation": {"angle": -45, "axis": "y", "origin": [8, 7, 8]},
			"faces": {
				"north": {"uv": [0, 0, 0, 5], "texture": "#5"},
				"east": {"uv": [5, 4.5, 0, 9.5], "texture": "#5"},
				"south": {"uv": [0, 0, 0, 5], "texture": "#5"},
				"west": {"uv": [0, 4.5, 5, 9.5], "texture": "#5"},
				"up": {"uv": [0, 5, 0, 0], "texture": "#5"},
				"down": {"uv": [0, 0, 0, 5], "texture": "#5"}
			}
		},
		{
			"from": [8, 5, 3],
			"to": [8, 15, 13],
			"rotation": {"angle": 45, "axis": "y", "origin": [8, 7, 8]},
			"faces": {
				"north": {"uv": [0, 0, 0, 5], "texture": "#5"},
				"east": {"uv": [5, 4.5, 0, 9.5], "texture": "#5"},
				"south": {"uv": [0, 0, 0, 5], "texture": "#5"},
				"west": {"uv": [0, 4.5, 5, 9.5], "texture": "#5"},
				"up": {"uv": [0, 5, 0, 0], "texture": "#5"},
				"down": {"uv": [0, 0, 0, 5], "texture": "#5"}
			}
		},
		{
			"from": [3, 2, 3],
			"to": [13, 8, 13],
			"rotation": {"angle": -45, "axis": "y", "origin": [8, 5, 8]},
			"faces": {
				"north": {"uv": [2, 5, 4.5, 6.5], "texture": "#7"},
				"east": {"uv": [5, 2, 7.5, 3.5], "texture": "#7"},
				"south": {"uv": [5, 3.5, 7.5, 5], "texture": "#7"},
				"west": {"uv": [4.5, 5, 7, 6.5], "texture": "#7"},
				"up": {"uv": [5, 2.5, 2.5, 0], "texture": "#7"},
				"down": {"uv": [5, 2.5, 2.5, 5], "texture": "#7"}
			}
		},
		{
			"from": [11, 0, 4],
			"to": [12, 2, 5],
			"rotation": {"angle": -45, "axis": "y", "origin": [8, 7, 8]},
			"faces": {
				"north": {"uv": [2.5, 7.5, 2.75, 8], "texture": "#7"},
				"east": {"uv": [7.5, 2.5, 7.75, 3], "texture": "#7"},
				"south": {"uv": [2.75, 7.5, 3, 8], "texture": "#7"},
				"west": {"uv": [3, 7.5, 3.25, 8], "texture": "#7"},
				"up": {"uv": [0.75, 8.25, 0.5, 8], "texture": "#7"},
				"down": {"uv": [1, 8, 0.75, 8.25], "texture": "#7"}
			}
		},
		{
			"from": [11, 0, 11],
			"to": [12, 2, 12],
			"rotation": {"angle": -45, "axis": "y", "origin": [8, 7, 8]},
			"faces": {
				"north": {"uv": [7.5, 3, 7.75, 3.5], "texture": "#7"},
				"east": {"uv": [3.25, 7.5, 3.5, 8], "texture": "#7"},
				"south": {"uv": [3.5, 7.5, 3.75, 8], "texture": "#7"},
				"west": {"uv": [7.5, 3.5, 7.75, 4], "texture": "#7"},
				"up": {"uv": [2.25, 8.25, 2, 8], "texture": "#7"},
				"down": {"uv": [8.25, 2, 8, 2.25], "texture": "#7"}
			}
		},
		{
			"from": [4, 0, 11],
			"to": [5, 2, 12],
			"rotation": {"angle": -45, "axis": "y", "origin": [8, 7, 8]},
			"faces": {
				"north": {"uv": [7.5, 4.5, 7.75, 5], "texture": "#7"},
				"east": {"uv": [7.5, 7, 7.75, 7.5], "texture": "#7"},
				"south": {"uv": [7.5, 7.5, 7.75, 8], "texture": "#7"},
				"west": {"uv": [7.75, 2.5, 8, 3], "texture": "#7"},
				"up": {"uv": [2.75, 8.25, 2.5, 8], "texture": "#7"},
				"down": {"uv": [8.25, 2.5, 8, 2.75], "texture": "#7"}
			}
		},
		{
			"from": [4, 0, 4],
			"to": [5, 2, 5],
			"rotation": {"angle": -45, "axis": "y", "origin": [8, 7, 8]},
			"faces": {
				"north": {"uv": [3.75, 7.5, 4, 8], "texture": "#7"},
				"east": {"uv": [4, 7.5, 4.25, 8], "texture": "#7"},
				"south": {"uv": [7.5, 4, 7.75, 4.5], "texture": "#7"},
				"west": {"uv": [4.25, 7.5, 4.5, 8], "texture": "#7"},
				"up": {"uv": [2.5, 8.25, 2.25, 8], "texture": "#7"},
				"down": {"uv": [8.25, 2.25, 8, 2.5], "texture": "#7"}
			}
		},
		{
			"from": [4, 8, 4],
			"to": [12, 10, 12],
			"rotation": {"angle": -45, "axis": "y", "origin": [8, 7, 8]},
			"faces": {
				"north": {"uv": [7, 0.5, 9, 1], "texture": "#7"},
				"east": {"uv": [7, 1, 9, 1.5], "texture": "#7"},
				"south": {"uv": [7, 1.5, 9, 2], "texture": "#7"},
				"west": {"uv": [2.5, 7, 4.5, 7.5], "texture": "#7"},
				"up": {"uv": [2, 7, 0, 5], "texture": "#7"},
				"down": {"uv": [7, 0, 5, 2], "texture": "#7"}
			}
		},
		{
			"name": "cube_outline",
			"from": [12, 12, 12],
			"to": [4, 10, 4],
			"rotation": {"angle": -45, "axis": "y", "origin": [8, 7, 8]},
			"faces": {
				"north": {"uv": [8, 0, 16, 2], "texture": "#6"},
				"east": {"uv": [8, 2, 16, 4], "texture": "#6"},
				"south": {"uv": [8, 4, 16, 6], "texture": "#6"},
				"west": {"uv": [8, 6, 16, 8], "texture": "#6"},
				"up": {"uv": [8, 8, 0, 0], "texture": "#6"},
				"down": {"uv": [8, 8, 0, 16], "texture": "#6"}
			}
		},
		{
			"from": [14.73137, 5.32426, 6],
			"to": [15.73137, 9.32426, 10],
			"rotation": {"angle": 22.5, "axis": "z", "origin": [15.63137, 6.92426, 8]},
			"faces": {
				"north": {"uv": [6.5, 7, 6.75, 8], "texture": "#7"},
				"east": {"uv": [4.5, 7, 5.5, 8], "texture": "#7"},
				"south": {"uv": [6.75, 7, 7, 8], "texture": "#7"},
				"west": {"uv": [7, 5, 8, 6], "texture": "#7"},
				"up": {"uv": [7.25, 8, 7, 7], "texture": "#7"},
				"down": {"uv": [7.5, 7, 7.25, 8], "texture": "#7"}
			}
		},
		{
			"name": "cube_outline",
			"from": [15.73137, 8.32426, 9],
			"to": [14.73137, 6.32426, 7],
			"rotation": {"angle": 22.5, "axis": "z", "origin": [15.63137, 6.92426, 8]},
			"faces": {
				"north": {"uv": [7.75, 3, 8, 3.5], "texture": "#7"},
				"east": {"uv": [0, 7.5, 0.5, 8], "texture": "#7"},
				"south": {"uv": [7.75, 3.5, 8, 4], "texture": "#7"},
				"west": {"uv": [0.5, 7.5, 1, 8], "texture": "#7"},
				"up": {"uv": [8, 4.5, 7.75, 4], "texture": "#7"},
				"down": {"uv": [8, 4.5, 7.75, 5], "texture": "#7"}
			}
		},
		{
			"from": [0.26863, 5.32426, 6],
			"to": [1.26863, 9.32426, 10],
			"rotation": {"angle": -22.5, "axis": "z", "origin": [0.36863, 6.92426, 8]},
			"faces": {
				"north": {"uv": [1, 7.5, 1.25, 8.5], "texture": "#7"},
				"east": {"uv": [5.5, 7, 6.5, 8], "texture": "#7"},
				"south": {"uv": [1.25, 7.5, 1.5, 8.5], "texture": "#7"},
				"west": {"uv": [7, 6, 8, 7], "texture": "#7"},
				"up": {"uv": [1.75, 8.5, 1.5, 7.5], "texture": "#7"},
				"down": {"uv": [2, 7.5, 1.75, 8.5], "texture": "#7"}
			}
		},
		{
			"name": "cube_outline",
			"from": [1.26863, 8.32426, 9],
			"to": [0.26863, 6.32426, 7],
			"rotation": {"angle": -22.5, "axis": "z", "origin": [0.36863, 6.92426, 8]},
			"faces": {
				"north": {"uv": [7.75, 7, 8, 7.5], "texture": "#7"},
				"east": {"uv": [2, 7.5, 2.5, 8], "texture": "#7"},
				"south": {"uv": [7.75, 7.5, 8, 8], "texture": "#7"},
				"west": {"uv": [7.5, 2, 8, 2.5], "texture": "#7"},
				"up": {"uv": [0.25, 8.5, 0, 8], "texture": "#7"},
				"down": {"uv": [0.5, 8, 0.25, 8.5], "texture": "#7"}
			}
		}
	],
	"display": {
		"thirdperson_righthand": {
			"rotation": [75, 45, 0],
			"translation": [0, 2.5, 0],
			"scale": [0.49023, 0.49023, 0.49023]
		},
		"thirdperson_lefthand": {
			"rotation": [75, 45, 0],
			"translation": [0, 2.5, 0],
			"scale": [0.49023, 0.49023, 0.49023]
		},
		"firstperson_righthand": {
			"translation": [2.25, 2.75, 0],
			"scale": [0.38672, 0.38672, 0.38672]
		},
		"firstperson_lefthand": {
			"translation": [2.25, 2.75, 0],
			"scale": [0.38672, 0.38672, 0.38672]
		},
		"ground": {
			"translation": [0, 3.25, 0],
			"scale": [0.81445, 0.81445, 0.81445]
		},
		"gui": {
			"rotation": [-148.75, -4.82, -179.59],
			"translation": [0, 1, 0],
			"scale": [0.87891, 0.87891, 0.87891]
		},
		"head": {
			"translation": [0, 15.75, 0],
			"scale": [1.44727, 1.44727, 1.44727]
		},
		"fixed": {
			"rotation": [90, -45, -180],
			"translation": [0, 0, -18],
			"scale": [2.56445, 2.56445, 2.56445]
		}
	},
	"groups": [
		0,
		1,
		2,
		3,
		4,
		5,
		6,
		7,
		8,
		9,
		{
			"name": "group",
			"origin": [15.63137, 6.92426, 8],
			"color": 0,
			"children": [10, 11]
		},
		{
			"name": "group",
			"origin": [15.63137, 6.92426, 8],
			"color": 0,
			"children": [12, 13]
		}
	]
}