{
    "model": {
      "type": "minecraft:range_dispatch",
      "property": "minecraft:custom_model_data",
      "index": 0,
      "fallback": {
        "type": "minecraft:model",
        "model": "minecraft:item/carved_pumpkin"
      },
      "entries": [
        {
          "model": {
            "type": "minecraft:model",
            "model": "block/gold_crown1"
          },
          "threshold": 1
        },
        {
          "model": {
            "type": "minecraft:model",
            "model": "block/emerald_crown"
          },
          "threshold": 2
        },
        {
          "model": {
            "type": "minecraft:model",
            "model": "block/dia_crown"
          },
          "threshold": 3
        },
        {
          "model": {
            "type": "minecraft:model",
            "model": "block/iron_crown"
          },
          "threshold": 4
        },
        {
          "model": {
            "type": "minecraft:model",
            "model": "block/copper_crown"
          },
          "threshold": 5
        },
        {
          "model": {
            "type": "minecraft:model",
            "model": "block/ame_crown"
          },
          "threshold": 6
        },
        {
          "model": {
            "type": "minecraft:model",
            "model": "block/gild_crown"
          },
          "threshold": 7
        },
        {
          "model": {
            "type": "minecraft:model",
            "model": "block/netherite_crown"
          },
          "threshold": 8
        },
        {
          "model": {
            "type": "minecraft:model",
            "model": "block/obsidian_crown"
          },
          "threshold": 9
        },
        {
          "model": {
            "type": "minecraft:model",
            "model": "block/end_crown"
          },
          "threshold": 10
        },
        {
          "model": {
            "type": "minecraft:model",
            "model": "block/ruby_crown"
          },
          "threshold": 11
        },
        {
          "model": {
            "type": "minecraft:model",
            "model": "block/saph_crown"
          },
          "threshold": 12
        },
        {
          "model": {
            "type": "minecraft:model",
            "model": "block/rainbow_crown"
          },
          "threshold": 13
        },
        {
          "model": {
            "type": "minecraft:model",
            "model": "block/dino_egg"
          },
          "threshold": 14
        },
        {
          "model": {
            "type": "minecraft:model",
            "model": "block/fig1"
          },
          "threshold": 15
        },
        {
          "model": {
            "type": "minecraft:model",
            "model": "block/fig2"
          },
          "threshold": 16
        },
        {
          "model": {
            "type": "minecraft:model",
            "model": "block/fig3"
          },
          "threshold": 17
        },
        {
          "model": {
            "type": "minecraft:model",
            "model": "block/fig4"
          },
          "threshold": 18
        },
        {
          "model": {
            "type": "minecraft:model",
            "model": "block/fig1_1"
          },
          "threshold": 19
        },
        {
          "model": {
            "type": "minecraft:model",
            "model": "block/fig5"
          },
          "threshold": 20
        },
        {
          "model": {
            "type": "minecraft:model",
            "model": "block/fig6"
          },
          "threshold": 21
        },
        {
          "model": {
            "type": "minecraft:model",
            "model": "block/fig7"
          },
          "threshold": 22
        },
        {
          "model": {
            "type": "minecraft:model",
            "model": "block/fig8"
          },
          "threshold": 23
        },
        {
          "model": {
            "type": "minecraft:model",
            "model": "block/fig6_1"
          },
          "threshold": 24
        },
        {
          "model": {
            "type": "minecraft:model",
            "model": "block/fig5_1"
          },
          "threshold": 25
        },
        {
          "model": {
            "type": "minecraft:model",
            "model": "block/fig7_1"
          },
          "threshold": 26
        },
        {
          "model": {
            "type": "minecraft:model",
            "model": "block/fig7_2"
          },
          "threshold": 27
        },
        {
          "model": {
            "type": "minecraft:model",
            "model": "block/fig9"
          },
          "threshold": 28
        },
        {
          "model": {
            "type": "minecraft:model",
            "model": "block/fig10"
          },
          "threshold": 29
        },
        {
          "model": {
            "type": "minecraft:model",
            "model": "block/fig12"
          },
          "threshold": 30
        },
        {
          "model": {
            "type": "minecraft:model",
            "model": "block/etho"
          },
          "threshold": 31
        },
        {
          "model": {
            "type": "minecraft:model",
            "model": "block/vintagebeef2"
          },
          "threshold": 32
        },
        {
          "model": {
            "type": "minecraft:model",
            "model": "block/mask1"
          },
          "threshold": 33
        },
        {
          "model": {
            "type": "minecraft:model",
            "model": "block/bdubs2"
          },
          "threshold": 34
        },
        {
          "model": {
            "type": "minecraft:model",
            "model": "block/hoj_crown"
          },
          "threshold": 35
        },
        {
          "model": {
            "type": "minecraft:model",
            "model": "block/minerhat"
          },
          "threshold": 36
        },
        {
          "model": {
            "type": "minecraft:model",
            "model": "block/cowboyhat"
          },
          "threshold": 37
        },
        {
          "model": {
            "type": "minecraft:model",
            "model": "block/farmerhat"
          },
          "threshold": 38
        },
        {
          "model": {
            "type": "minecraft:model",
            "model": "block/weaponsmithhat"
          },
          "threshold": 39
        },
        {
          "model": {
            "type": "minecraft:model",
            "model": "block/technicianhat"
          },
          "threshold": 40
        },
        {
          "model": {
            "type": "minecraft:model",
            "model": "block/bandit"
          },
          "threshold": 41
        },
        {
          "model": {
            "type": "minecraft:model",
            "model": "block/explorerhat"
          },
          "threshold": 42
        },
        {
          "model": {
            "type": "minecraft:model",
            "model": "block/freshbeef"
          },
          "threshold": 43
        },
        {
          "model": {
            "type": "minecraft:model",
            "model": "block/cowboyhat2"
          },
          "threshold": 44
        },
        {
        "model": {
            "type": "minecraft:model",
            "model": "block/texturegrumbot"
          },
          "threshold": 45
        }
      ]
    }
  }