{
	"credit": "Made with Blockbench",
	"texture_size": [32, 32],
	"textures": {
		"0": "block/fig2",
		"particle": "block/fig2"
	},
	"elements": [
		{
			"name": "base",
			"from": [4, 0, 4],
			"to": [12, 1, 12],
			"faces": {
				"north": {"uv": [8, 7, 12, 7.5], "texture": "#0"},
				"east": {"uv": [8, 7.5, 12, 8], "texture": "#0"},
				"south": {"uv": [8, 8, 12, 8.5], "texture": "#0"},
				"west": {"uv": [8, 8.5, 12, 9], "texture": "#0"},
				"up": {"uv": [4, 4, 0, 0], "texture": "#0"},
				"down": {"uv": [4, 4, 0, 8], "texture": "#0"}
			}
		},
		{
			"from": [5, 1, 5],
			"to": [7, 3, 7],
			"faces": {
				"north": {"uv": [11, 9, 12, 10], "texture": "#0"},
				"east": {"uv": [11, 10, 12, 11], "texture": "#0"},
				"south": {"uv": [11, 11, 12, 12], "texture": "#0"},
				"west": {"uv": [0, 11.5, 1, 12.5], "texture": "#0"},
				"up": {"uv": [2, 12.5, 1, 11.5], "texture": "#0"},
				"down": {"uv": [3, 11.5, 2, 12.5], "texture": "#0"}
			}
		},
		{
			"from": [9, 1, 5],
			"to": [11, 3, 7],
			"faces": {
				"north": {"uv": [3, 11.5, 4, 12.5], "texture": "#0"},
				"east": {"uv": [4, 11.5, 5, 12.5], "texture": "#0"},
				"south": {"uv": [5, 11.5, 6, 12.5], "texture": "#0"},
				"west": {"uv": [6, 11.5, 7, 12.5], "texture": "#0"},
				"up": {"uv": [8, 12.5, 7, 11.5], "texture": "#0"},
				"down": {"uv": [13, 0, 12, 1], "texture": "#0"}
			}
		},
		{
			"from": [5, 1, 9],
			"to": [7, 3, 11],
			"faces": {
				"north": {"uv": [12, 1, 13, 2], "texture": "#0"},
				"east": {"uv": [12, 2, 13, 3], "texture": "#0"},
				"south": {"uv": [12, 3, 13, 4], "texture": "#0"},
				"west": {"uv": [12, 4, 13, 5], "texture": "#0"},
				"up": {"uv": [13, 6, 12, 5], "texture": "#0"},
				"down": {"uv": [13, 6, 12, 7], "texture": "#0"}
			}
		},
		{
			"from": [9, 1, 9],
			"to": [11, 3, 11],
			"faces": {
				"north": {"uv": [12, 7, 13, 8], "texture": "#0"},
				"east": {"uv": [12, 8, 13, 9], "texture": "#0"},
				"south": {"uv": [12, 9, 13, 10], "texture": "#0"},
				"west": {"uv": [10, 12, 11, 13], "texture": "#0"},
				"up": {"uv": [13, 11, 12, 10], "texture": "#0"},
				"down": {"uv": [12, 12, 11, 13], "texture": "#0"}
			}
		},
		{
			"name": "body",
			"from": [4, 3, 4],
			"to": [12, 10, 12],
			"faces": {
				"north": {"uv": [0, 8, 4, 11.5], "texture": "#0"},
				"east": {"uv": [8, 0, 12, 3.5], "texture": "#0"},
				"south": {"uv": [8, 3.5, 12, 7], "texture": "#0"},
				"west": {"uv": [4, 8, 8, 11.5], "texture": "#0"},
				"up": {"uv": [8, 4, 4, 0], "texture": "#0"},
				"down": {"uv": [8, 4, 4, 8], "texture": "#0"}
			}
		},
		{
			"from": [3, 8, 9],
			"to": [4, 11, 11],
			"faces": {
				"north": {"uv": [12, 12, 12.5, 13.5], "texture": "#0"},
				"east": {"uv": [10, 9, 11, 10.5], "texture": "#0"},
				"south": {"uv": [0, 12.5, 0.5, 14], "texture": "#0"},
				"west": {"uv": [10, 10.5, 11, 12], "texture": "#0"},
				"up": {"uv": [2, 13.5, 1.5, 12.5], "texture": "#0"},
				"down": {"uv": [2.5, 12.5, 2, 13.5], "texture": "#0"}
			}
		},
		{
			"from": [12, 8, 9],
			"to": [13, 11, 11],
			"faces": {
				"north": {"uv": [0.5, 12.5, 1, 14], "texture": "#0"},
				"east": {"uv": [8, 11, 9, 12.5], "texture": "#0"},
				"south": {"uv": [1, 12.5, 1.5, 14], "texture": "#0"},
				"west": {"uv": [9, 11, 10, 12.5], "texture": "#0"},
				"up": {"uv": [3, 13.5, 2.5, 12.5], "texture": "#0"},
				"down": {"uv": [3.5, 12.5, 3, 13.5], "texture": "#0"}
			}
		},
		{
			"from": [7, 6, 12],
			"to": [9, 7, 13],
			"faces": {
				"north": {"uv": [3.5, 12.5, 4.5, 13], "texture": "#0"},
				"east": {"uv": [8.5, 12.5, 9, 13], "texture": "#0"},
				"south": {"uv": [4.5, 12.5, 5.5, 13], "texture": "#0"},
				"west": {"uv": [9, 12.5, 9.5, 13], "texture": "#0"},
				"up": {"uv": [6.5, 13, 5.5, 12.5], "texture": "#0"},
				"down": {"uv": [7.5, 12.5, 6.5, 13], "texture": "#0"}
			}
		},
		{
			"from": [6, 4, 12],
			"to": [10, 6, 13],
			"faces": {
				"north": {"uv": [8, 9, 10, 10], "texture": "#0"},
				"east": {"uv": [7.5, 12.5, 8, 13.5], "texture": "#0"},
				"south": {"uv": [8, 10, 10, 11], "texture": "#0"},
				"west": {"uv": [8, 12.5, 8.5, 13.5], "texture": "#0"},
				"up": {"uv": [14, 11.5, 12, 11], "texture": "#0"},
				"down": {"uv": [14, 11.5, 12, 12], "texture": "#0"}
			}
		}
	],
	"gui_light": "front",
	"display": {
		"thirdperson_righthand": {
			"rotation": [0, 180, 0],
			"translation": [0, 0, -2],
			"scale": [0.5, 0.5, 0.5]
		},
		"thirdperson_lefthand": {
			"rotation": [0, 180, 0],
			"translation": [0, 0, -2],
			"scale": [0.5, 0.5, 0.5]
		},
		"firstperson_righthand": {
			"rotation": [0, -180, 0],
			"scale": [0.5, 0.5, 0.5]
		},
		"firstperson_lefthand": {
			"rotation": [0, -180, 0],
			"scale": [0.5, 0.5, 0.5]
		},
		"ground": {
			"translation": [0, 2, 0],
			"scale": [0.5, 0.5, 0.5]
		},
		"gui": {
			"translation": [0, 2.25, 0]
		},
		"head": {
			"rotation": [0, -180, 0],
			"translation": [0, 12.5, 0],
			"scale": [0.75, 0.75, 0.75]
		},
		"fixed": {
			"rotation": [-90, 0, 0],
			"translation": [0, 0, -9.5],
			"scale": [1.2, 1.2, 1.2]
		}
	},
	"groups": [
		0,
		{
			"name": "legs",
			"origin": [0, 0, 0],
			"color": 0,
			"children": [1, 2, 3, 4]
		},
		5,
		{
			"name": "horns",
			"origin": [0, 0, 0],
			"color": 0,
			"children": [6, 7]
		},
		{
			"name": "nose",
			"origin": [0, 0, 0],
			"color": 0,
			"children": [8, 9]
		}
	]
}