{
	"credit": "Made with Blockbench",
	"texture_size": [32, 32],
	"textures": {
		"2": "block/fig6_1",
		"particle": "block/fig6_1"
	},
	"elements": [
		{
			"name": "base",
			"from": [4, 0, 4],
			"to": [12, 1, 12],
			"faces": {
				"north": {"uv": [0, 9.5, 4, 10], "texture": "#2"},
				"east": {"uv": [4, 9.5, 8, 10], "texture": "#2"},
				"south": {"uv": [0, 10, 4, 10.5], "texture": "#2"},
				"west": {"uv": [10, 0, 14, 0.5], "texture": "#2"},
				"up": {"uv": [13, 8, 9, 4], "texture": "#2"},
				"down": {"uv": [13, 8, 9, 12], "texture": "#2"}
			}
		},
		{
			"from": [5, 1, 7],
			"to": [7, 4, 9],
			"faces": {
				"north": {"uv": [0, 8, 1, 9.5], "texture": "#2"},
				"east": {"uv": [1, 8, 2, 9.5], "texture": "#2"},
				"south": {"uv": [2, 8, 3, 9.5], "texture": "#2"},
				"west": {"uv": [8, 2, 9, 3.5], "texture": "#2"},
				"up": {"uv": [8, 6, 7, 5], "texture": "#2"},
				"down": {"uv": [9, 6.5, 8, 7.5], "texture": "#2"}
			}
		},
		{
			"from": [9, 1, 7],
			"to": [11, 4, 9],
			"faces": {
				"north": {"uv": [3, 8, 4, 9.5], "texture": "#2"},
				"east": {"uv": [4, 8, 5, 9.5], "texture": "#2"},
				"south": {"uv": [5, 8, 6, 9.5], "texture": "#2"},
				"west": {"uv": [8, 5, 9, 6.5], "texture": "#2"},
				"up": {"uv": [9, 8.5, 8, 7.5], "texture": "#2"},
				"down": {"uv": [9, 8.5, 8, 9.5], "texture": "#2"}
			}
		},
		{
			"name": "body",
			"from": [5, 4, 6],
			"to": [11, 12, 10],
			"faces": {
				"north": {"uv": [0, 0, 3, 4], "texture": "#2"},
				"east": {"uv": [0, 4, 2, 8], "texture": "#2"},
				"south": {"uv": [3, 0, 6, 4], "texture": "#2"},
				"west": {"uv": [2, 4, 4, 8], "texture": "#2"},
				"up": {"uv": [7, 6, 4, 4], "texture": "#2"},
				"down": {"uv": [9, 0, 6, 2], "texture": "#2"}
			}
		},
		{
			"from": [3, 6, 4],
			"to": [5, 8, 8],
			"faces": {
				"north": {"uv": [9, 0, 10, 1], "texture": "#2"},
				"east": {"uv": [6, 2, 8, 3], "texture": "#2"},
				"south": {"uv": [9, 1, 10, 2], "texture": "#2"},
				"west": {"uv": [6, 3, 8, 4], "texture": "#2"},
				"up": {"uv": [5, 8, 4, 6], "texture": "#2"},
				"down": {"uv": [6, 6, 5, 8], "texture": "#2"}
			}
		},
		{
			"from": [11, 6, 4],
			"to": [13, 8, 8],
			"faces": {
				"north": {"uv": [9, 2, 10, 3], "texture": "#2"},
				"east": {"uv": [6, 6, 8, 7], "texture": "#2"},
				"south": {"uv": [9, 3, 10, 4], "texture": "#2"},
				"west": {"uv": [7, 4, 9, 5], "texture": "#2"},
				"up": {"uv": [7, 9, 6, 7], "texture": "#2"},
				"down": {"uv": [8, 7, 7, 9], "texture": "#2"}
			}
		},
		{
			"from": [4, 10, 5],
			"to": [5, 13, 11],
			"faces": {
				"north": {"uv": [8, 9.5, 8.5, 11], "texture": "#2"},
				"east": {"uv": [0, 10.5, 3, 12], "texture": "#2"},
				"south": {"uv": [8.5, 9.5, 9, 11], "texture": "#2"},
				"west": {"uv": [0, 12, 3, 13.5], "texture": "#2"},
				"up": {"uv": [13.5, 6.5, 13, 3.5], "texture": "#2"},
				"down": {"uv": [6.5, 13, 6, 16], "texture": "#2"}
			}
		},
		{
			"from": [11, 10, 5],
			"to": [12, 13, 11],
			"faces": {
				"north": {"uv": [7, 10, 7.5, 11.5], "texture": "#2"},
				"east": {"uv": [7, 12, 10, 13.5], "texture": "#2"},
				"south": {"uv": [7.5, 10, 8, 11.5], "texture": "#2"},
				"west": {"uv": [10, 12, 13, 13.5], "texture": "#2"},
				"up": {"uv": [7, 16, 6.5, 13], "texture": "#2"},
				"down": {"uv": [13.5, 6.5, 13, 9.5], "texture": "#2"}
			}
		},
		{
			"from": [5, 12, 5],
			"to": [11, 13, 11],
			"faces": {
				"north": {"uv": [10, 3.5, 13, 4], "texture": "#2"},
				"east": {"uv": [13, 9.5, 16, 10], "texture": "#2"},
				"south": {"uv": [13, 10, 16, 10.5], "texture": "#2"},
				"west": {"uv": [13, 10.5, 16, 11], "texture": "#2"},
				"up": {"uv": [13, 3.5, 10, 0.5], "texture": "#2"},
				"down": {"uv": [7, 10, 4, 13], "texture": "#2"}
			}
		},
		{
			"from": [5, 10, 5],
			"to": [11, 12, 6],
			"faces": {
				"north": {"uv": [13, 0.5, 16, 1.5], "texture": "#2"},
				"east": {"uv": [3, 10.5, 3.5, 11.5], "texture": "#2"},
				"south": {"uv": [13, 1.5, 16, 2.5], "texture": "#2"},
				"west": {"uv": [3.5, 10.5, 4, 11.5], "texture": "#2"},
				"up": {"uv": [16, 11.5, 13, 11], "texture": "#2"},
				"down": {"uv": [16, 11.5, 13, 12], "texture": "#2"}
			}
		},
		{
			"from": [5, 10, 10],
			"to": [11, 12, 11],
			"faces": {
				"north": {"uv": [13, 2.5, 16, 3.5], "texture": "#2"},
				"east": {"uv": [8, 11, 8.5, 12], "texture": "#2"},
				"south": {"uv": [3, 13, 6, 14], "texture": "#2"},
				"west": {"uv": [8.5, 11, 9, 12], "texture": "#2"},
				"up": {"uv": [16, 12.5, 13, 12], "texture": "#2"},
				"down": {"uv": [16, 12.5, 13, 13], "texture": "#2"}
			}
		},
		{
			"from": [7, 9, 5],
			"to": [9, 10, 6],
			"faces": {
				"north": {"uv": [8, 3.5, 9, 4], "texture": "#2"},
				"east": {"uv": [7, 11.5, 7.5, 12], "texture": "#2"},
				"south": {"uv": [6, 9, 7, 9.5], "texture": "#2"},
				"west": {"uv": [7.5, 11.5, 8, 12], "texture": "#2"},
				"up": {"uv": [8, 9.5, 7, 9], "texture": "#2"},
				"down": {"uv": [4, 11.5, 3, 12], "texture": "#2"}
			}
		}
	],
	"gui_light": "front",
	"display": {
		"thirdperson_righthand": {
			"translation": [0, 0, -2],
			"scale": [0.5, 0.5, 0.5]
		},
		"thirdperson_lefthand": {
			"translation": [0, 0, -2],
			"scale": [0.5, 0.5, 0.5]
		},
		"firstperson_righthand": {
			"scale": [0.5, 0.5, 0.5]
		},
		"firstperson_lefthand": {
			"scale": [0.5, 0.5, 0.5]
		},
		"ground": {
			"translation": [0, 2, 0],
			"scale": [0.5, 0.5, 0.5]
		},
		"gui": {
			"rotation": [0, -180, 0],
			"translation": [0, 2.25, 0]
		},
		"head": {
			"translation": [0, 12.5, 0],
			"scale": [0.75, 0.75, 0.75]
		},
		"fixed": {
			"rotation": [-90, -180, 0],
			"translation": [0, 0, -9.5],
			"scale": [1.2, 1.2, 1.2]
		}
	},
	"groups": [
		0,
		{
			"name": "legs",
			"origin": [0, 0, 0],
			"color": 0,
			"children": [1, 2]
		},
		3,
		{
			"name": "arms",
			"origin": [0, 0, 0],
			"color": 0,
			"children": [4, 5]
		},
		{
			"name": "hat",
			"origin": [0, 0, 0],
			"color": 0,
			"children": [6, 7, 8, 9, 10, 11]
		}
	]
}