{
	"credit": "Made with Blockbench",
	"texture_size": [64, 64],
	"textures": {
		"0": "block/freshbeef",
		"particle": "block/freshbeef"
	},
	"elements": [
		{
			"from": [1, 1, 8],
			"to": [13, 20, 8],
			"faces": {
				"north": {"uv": [0, 0, 3, 4.75], "texture": "#0"},
				"east": {"uv": [0, 0, 0, 4.75], "texture": "#0"},
				"south": {"uv": [3, 0, 6, 4.75], "texture": "#0"},
				"west": {"uv": [0, 0, 0, 4.75], "texture": "#0"},
				"up": {"uv": [3, 0, 0, 0], "texture": "#0"},
				"down": {"uv": [3, 0, 0, 0], "texture": "#0"}
			}
		},
		{
			"from": [13, 14, 8],
			"to": [14, 20, 8],
			"faces": {
				"north": {"uv": [1, 5, 1.25, 6.5], "texture": "#0"},
				"east": {"uv": [0, 0, 0, 1.5], "texture": "#0"},
				"south": {"uv": [1.25, 5, 1.5, 6.5], "texture": "#0"},
				"west": {"uv": [0, 0, 0, 1.5], "texture": "#0"},
				"up": {"uv": [0.25, 0, 0, 0], "texture": "#0"},
				"down": {"uv": [0.25, 0, 0, 0], "texture": "#0"}
			}
		},
		{
			"from": [0, 17, 8],
			"to": [1, 20, 8],
			"faces": {
				"north": {"uv": [2.5, 5, 2.75, 5.75], "texture": "#0"},
				"east": {"uv": [0, 0, 0, 0.75], "texture": "#0"},
				"south": {"uv": [2.75, 5, 3, 5.75], "texture": "#0"},
				"west": {"uv": [0, 0, 0, 0.75], "texture": "#0"},
				"up": {"uv": [0.25, 0, 0, 0], "texture": "#0"},
				"down": {"uv": [0.25, 0, 0, 0], "texture": "#0"}
			}
		},
		{
			"from": [13, 6, 8],
			"to": [14, 13, 8],
			"faces": {
				"north": {"uv": [0.5, 5, 0.75, 6.75], "texture": "#0"},
				"east": {"uv": [0, 0, 0, 1.75], "texture": "#0"},
				"south": {"uv": [0.75, 5, 1, 6.75], "texture": "#0"},
				"west": {"uv": [0, 0, 0, 1.75], "texture": "#0"},
				"up": {"uv": [0.25, 0, 0, 0], "texture": "#0"},
				"down": {"uv": [0.25, 0, 0, 0], "texture": "#0"}
			}
		},
		{
			"from": [0, 1, 8],
			"to": [1, 16, 8],
			"faces": {
				"north": {"uv": [0, 4.75, 0.25, 8.5], "texture": "#0"},
				"east": {"uv": [0, 0, 0, 3.75], "texture": "#0"},
				"south": {"uv": [0.25, 4.75, 0.5, 8.5], "texture": "#0"},
				"west": {"uv": [0, 0, 0, 3.75], "texture": "#0"},
				"up": {"uv": [0.25, 0, 0, 0], "texture": "#0"},
				"down": {"uv": [0.25, 0, 0, 0], "texture": "#0"}
			}
		},
		{
			"from": [13, 2, 8],
			"to": [14, 5, 8],
			"faces": {
				"north": {"uv": [3, 5, 3.25, 5.75], "texture": "#0"},
				"east": {"uv": [0, 0, 0, 0.75], "texture": "#0"},
				"south": {"uv": [3.25, 5, 3.5, 5.75], "texture": "#0"},
				"west": {"uv": [0, 0, 0, 0.75], "texture": "#0"},
				"up": {"uv": [0.25, 0, 0, 0], "texture": "#0"},
				"down": {"uv": [0.25, 0, 0, 0], "texture": "#0"}
			}
		},
		{
			"from": [-2, 1, 8],
			"to": [0, 4, 8],
			"faces": {
				"north": {"uv": [1.5, 5, 2, 5.75], "texture": "#0"},
				"east": {"uv": [0, 0, 0, 0.75], "texture": "#0"},
				"south": {"uv": [2, 5, 2.5, 5.75], "texture": "#0"},
				"west": {"uv": [0, 0, 0, 0.75], "texture": "#0"},
				"up": {"uv": [0.5, 0, 0, 0], "texture": "#0"},
				"down": {"uv": [0.5, 0, 0, 0], "texture": "#0"}
			}
		},
		{
			"from": [-1, 4, 8],
			"to": [0, 5, 8],
			"faces": {
				"north": {"uv": [3.5, 5, 3.75, 5.25], "texture": "#0"},
				"east": {"uv": [0, 0, 0, 0.25], "texture": "#0"},
				"south": {"uv": [3.75, 5, 4, 5.25], "texture": "#0"},
				"west": {"uv": [0, 0, 0, 0.25], "texture": "#0"},
				"up": {"uv": [0.25, 0, 0, 0], "texture": "#0"},
				"down": {"uv": [0.25, 0, 0, 0], "texture": "#0"}
			}
		},
		{
			"from": [-1, 0, 8],
			"to": [12, 1, 8],
			"faces": {
				"north": {"uv": [0.5, 4.75, 3.75, 5], "texture": "#0"},
				"east": {"uv": [0, 0, 0, 0.25], "texture": "#0"},
				"south": {"uv": [3.75, 4.75, 7, 5], "texture": "#0"},
				"west": {"uv": [0, 0, 0, 0.25], "texture": "#0"},
				"up": {"uv": [3.25, 0, 0, 0], "texture": "#0"},
				"down": {"uv": [3.25, 0, 0, 0], "texture": "#0"}
			}
		},
		{
			"from": [6, 19, 7],
			"to": [8, 21, 8],
			"faces": {
				"north": {"uv": [4, 5, 4.5, 5.5], "texture": "#0"},
				"east": {"uv": [5, 5, 5.25, 5.5], "texture": "#0"},
				"south": {"uv": [4.5, 5, 5, 5.5], "texture": "#0"},
				"west": {"uv": [3.5, 5.25, 3.75, 5.75], "texture": "#0"},
				"up": {"uv": [5.75, 5.25, 5.25, 5], "texture": "#0"},
				"down": {"uv": [5.75, 5.25, 5.25, 5.5], "texture": "#0"}
			}
		}
	],
	"gui_light": "front",
	"display": {
		"thirdperson_righthand": {
			"rotation": [90, 0, 0],
			"translation": [0.5, 0.5, -3.75],
			"scale": [0.5, 0.5, 0.5]
		},
		"thirdperson_lefthand": {
			"rotation": [90, 0, 0],
			"translation": [-0.5, 0.5, -3.75],
			"scale": [0.5, 0.5, 0.5]
		},
		"firstperson_righthand": {
			"rotation": [0, 180, 0],
			"translation": [0.5, -4, 0],
			"scale": [0.66, 0.66, 0.66]
		},
		"firstperson_lefthand": {
			"rotation": [0, -180, 0],
			"translation": [2, -4, 0],
			"scale": [0.66, 0.66, 0.66]
		},
		"ground": {
			"translation": [0, 0.5, 0],
			"scale": [0.46, 0.46, 0.46]
		},
		"gui": {
			"rotation": [0, -180, 0],
			"translation": [-0.5, -1.5, 0],
			"scale": [0.66, 0.66, 0.66]
		},
		"head": {
			"translation": [1, 0, -7.75]
		},
		"fixed": {
			"translation": [1.5, -3, -0.5],
			"scale": [1.35, 1.35, 1.35]
		}
	},
	"groups": [
		{
			"name": "group",
			"origin": [0, 0, 0],
			"color": 0,
			"children": [0, 1, 2, 3, 4, 5, 6, 7, 8]
		},
		9
	]
}