{
	"credit": "Made with Blockbench",
	"texture_size": [32, 32],
	"textures": {
		"0": "block/axe_hat",
		"particle": "block/axe_hat"
	},
	"elements": [
		{
			"from": [6.5, 0, 6.5],
			"to": [9.5, 8, 9.5],
			"rotation": {"angle": 0, "axis": "y", "origin": [7.5, 0, 7.5]},
			"faces": {
				"north": {"uv": [8, 0, 9.5, 4], "texture": "#0"},
				"east": {"uv": [8, 0, 9.5, 4], "texture": "#0"},
				"south": {"uv": [8, 0, 9.5, 4], "texture": "#0"},
				"west": {"uv": [8, 0, 9.5, 4], "texture": "#0"},
				"up": {"uv": [11, 3.5, 9.5, 2], "texture": "#0"},
				"down": {"uv": [12.5, 2, 11, 3.5], "texture": "#0"}
			}
		},
		{
			"from": [7, 8, 7],
			"to": [9, 21, 9],
			"rotation": {"angle": 0, "axis": "y", "origin": [7, 0, 7]},
			"faces": {
				"north": {"uv": [3, 7, 4, 13.5], "texture": "#0"},
				"east": {"uv": [3, 7, 4, 13.5], "texture": "#0"},
				"south": {"uv": [3, 7, 4, 13.5], "texture": "#0"},
				"west": {"uv": [3, 7, 4, 13.5], "texture": "#0"},
				"up": {"uv": [5, 13.5, 4, 12.5], "texture": "#0"},
				"down": {"uv": [13.5, 5, 12.5, 6], "texture": "#0"}
			}
		},
		{
			"from": [7.6, 12, 0.9],
			"to": [8.4, 19, 8.9],
			"rotation": {"angle": 0, "axis": "y", "origin": [7, 0, 7]},
			"faces": {
				"north": {"uv": [6.5, 11, 7, 14.5], "texture": "#0", "tintindex": 0},
				"east": {"uv": [4, 3.5, 0, 7], "texture": "#0", "tintindex": 0},
				"south": {"uv": [7, 11, 7.5, 14.5], "texture": "#0", "tintindex": 0},
				"west": {"uv": [0, 3.5, 4, 7], "texture": "#0", "tintindex": 0},
				"up": {"uv": [6, 15, 5.5, 11], "texture": "#0", "tintindex": 0},
				"down": {"uv": [6.5, 11, 6, 15], "texture": "#0", "tintindex": 0}
			}
		},
		{
			"from": [7.6, 14, 8],
			"to": [8.4, 17, 11],
			"rotation": {"angle": 0, "axis": "y", "origin": [7, 0, 7]},
			"faces": {
				"north": {"uv": [12.5, 12, 13, 13.5], "texture": "#0", "tintindex": 0},
				"east": {"uv": [11, 3.5, 12.5, 5], "texture": "#0", "tintindex": 0},
				"south": {"uv": [13, 0, 13.5, 1.5], "texture": "#0", "tintindex": 0},
				"west": {"uv": [4, 11, 5.5, 12.5], "texture": "#0", "tintindex": 0},
				"up": {"uv": [13.5, 3, 13, 1.5], "texture": "#0", "tintindex": 0},
				"down": {"uv": [13.5, 3, 13, 4.5], "texture": "#0", "tintindex": 0}
			}
		},
		{
			"from": [7.4, 14, -3.1],
			"to": [8.6, 21, 0.9],
			"rotation": {"angle": 22.5, "axis": "x", "origin": [8, 14.5, 1]},
			"faces": {
				"north": {"uv": [7.5, 11, 8, 14.5], "texture": "#0", "tintindex": 0},
				"east": {"uv": [4, 3.5, 6, 7], "texture": "#0", "tintindex": 0},
				"south": {"uv": [8, 11, 8.5, 14.5], "texture": "#0", "tintindex": 0},
				"west": {"uv": [4, 3.5, 6, 7], "texture": "#0", "tintindex": 0},
				"up": {"uv": [5.5, 14.5, 5, 12.5], "texture": "#0", "tintindex": 0},
				"down": {"uv": [13, 6, 12.5, 8], "texture": "#0", "tintindex": 0}
			}
		},
		{
			"from": [7.8, 19.48283, 1.29886],
			"to": [8.2, 23.48283, 7.29886],
			"rotation": {"angle": 45, "axis": "x", "origin": [8, 19.48283, -1.20114]},
			"faces": {
				"north": {"uv": [9, 12.5, 9.5, 14.5], "texture": "#0", "tintindex": 0},
				"east": {"uv": [8, 4, 11, 6], "texture": "#0", "tintindex": 0},
				"south": {"uv": [9.5, 12.5, 10, 14.5], "texture": "#0", "tintindex": 0},
				"west": {"uv": [8.5, 6, 11.5, 8], "texture": "#0", "tintindex": 0},
				"up": {"uv": [12.5, 8, 12, 5], "texture": "#0", "tintindex": 0},
				"down": {"uv": [12.5, 8, 12, 11], "texture": "#0", "tintindex": 0}
			}
		},
		{
			"from": [7.8, 7.71717, 1.29886],
			"to": [8.2, 11.71717, 7.29886],
			"rotation": {"angle": -45, "axis": "x", "origin": [7.6, 11.71717, -1.20114]},
			"faces": {
				"north": {"uv": [10, 12.5, 10.5, 14.5], "texture": "#0", "tintindex": 0},
				"east": {"uv": [8.5, 8, 11.5, 10], "texture": "#0", "tintindex": 0},
				"south": {"uv": [12.5, 10, 13, 12], "texture": "#0", "tintindex": 0},
				"west": {"uv": [9.5, 0, 12.5, 2], "texture": "#0", "tintindex": 0},
				"up": {"uv": [12.5, 14, 12, 11], "texture": "#0", "tintindex": 0},
				"down": {"uv": [12, 12, 11.5, 15], "texture": "#0", "tintindex": 0}
			}
		},
		{
			"from": [7.399, 10.199, -3.101],
			"to": [8.601, 17.201, 0.901],
			"rotation": {"angle": -22.5, "axis": "x", "origin": [8, 16.7, 1]},
			"faces": {
				"north": {"uv": [11.5, 5, 12, 8.5], "texture": "#0", "tintindex": 0},
				"east": {"uv": [8, 3.5, 6, 7], "texture": "#0", "tintindex": 0},
				"south": {"uv": [11.5, 8.5, 12, 12], "texture": "#0", "tintindex": 0},
				"west": {"uv": [6, 3.5, 8, 7], "texture": "#0", "tintindex": 0},
				"up": {"uv": [13, 10, 12.5, 8], "texture": "#0", "tintindex": 0},
				"down": {"uv": [9, 12.5, 8.5, 14.5], "texture": "#0", "tintindex": 0}
			}
		},
		{
			"from": [7.4, 13, 10],
			"to": [8.6, 18, 13],
			"rotation": {"angle": 0, "axis": "y", "origin": [7, 0, 7]},
			"faces": {
				"north": {"uv": [12.5, 0, 13, 2.5], "texture": "#0", "tintindex": 0},
				"east": {"uv": [10, 10, 11.5, 12.5], "texture": "#0", "tintindex": 0},
				"south": {"uv": [12.5, 2.5, 13, 5], "texture": "#0", "tintindex": 0},
				"west": {"uv": [10, 10, 11.5, 12.5], "texture": "#0", "tintindex": 0},
				"up": {"uv": [11, 14, 10.5, 12.5], "texture": "#0", "tintindex": 0},
				"down": {"uv": [11.5, 12.5, 11, 14], "texture": "#0", "tintindex": 0}
			}
		}
	],
	"display": {
		"thirdperson_righthand": {
			"translation": [0, 1.75, 0.75],
			"scale": [0.69141, 0.69141, 0.69141]
		},
		"thirdperson_lefthand": {
			"translation": [0, 1.75, 0.75],
			"scale": [0.69141, 0.69141, 0.69141]
		},
		"firstperson_righthand": {
			"rotation": [0, 17.5, 0],
			"translation": [1.25, 2.25, 0],
			"scale": [0.50195, 0.50195, 0.50195]
		},
		"firstperson_lefthand": {
			"rotation": [0, 17.5, 0],
			"translation": [1.25, 2.25, 0],
			"scale": [0.50195, 0.50195, 0.50195]
		},
		"ground": {
			"rotation": [-7.5, 6.51, -82.32],
			"translation": [0, 2.25, 0],
			"scale": [0.71094, 0.71094, 0.71094]
		},
		"gui": {
			"rotation": [-122.02, -33.58, -127.16],
			"translation": [-2.5, 0, 0],
			"scale": [0.70703, 0.70703, 0.70703]
		},
		"head": {
			"rotation": [-88.45, -45.32, -91.44],
			"translation": [-16, 6, 0],
			"scale": [1.17969, 1.17969, 1.17969]
		},
		"fixed": {
			"rotation": [-170, 0, 0],
			"translation": [0, 9.75, -8.25],
			"scale": [1.23438, 1.23438, 1.23438]
		}
	}
}