{
	"credit": "Made with Blockbench",
	"texture_size": [64, 64],
	"textures": {
		"particle": "block/cap",
		"casquette": "block/cap"
	},
	"elements": [
		{
			"from": [0, 0, 0],
			"to": [16, 10, 16],
			"faces": {
				"north": {"uv": [4, 7.5, 8, 10], "texture": "#casquette"},
				"east": {"uv": [4, 7.5, 8, 10], "texture": "#casquette"},
				"south": {"uv": [4, 7.5, 8, 10], "texture": "#casquette"},
				"west": {"uv": [4, 7.5, 8, 10], "texture": "#casquette"},
				"up": {"uv": [4, 4, 0, 0], "texture": "#casquette"},
				"down": {"uv": [4, 4, 0, 8], "texture": "#casquette"}
			}
		},
		{
			"from": [0, 0, -8],
			"to": [16, 1, 0],
			"faces": {
				"north": {"uv": [8, 2, 12, 2.25], "texture": "#casquette"},
				"east": {"uv": [8, 2.5, 10, 2.75], "texture": "#casquette"},
				"south": {"uv": [8, 2.25, 12, 2.5], "texture": "#casquette"},
				"west": {"uv": [8, 2.75, 10, 3], "texture": "#casquette"},
				"up": {"uv": [4, 8, 0, 10], "texture": "#casquette"},
				"down": {"uv": [4, 10, 0, 8], "texture": "#casquette"}
			}
		}
	],
	"display": {
		"thirdperson_righthand": {
			"rotation": [75, 45, 0],
			"translation": [0, 2.5, 0],
			"scale": [0.375, 0.375, 0.375]
		},
		"thirdperson_lefthand": {
			"rotation": [75, 45, 0],
			"translation": [0, 2.5, 0],
			"scale": [0.375, 0.375, 0.375]
		},
		"firstperson_righthand": {
			"rotation": [-180, 63, 180],
			"translation": [0, 3.75, 0.75],
			"scale": [0.21836, 0.21836, 0.21836]
		},
		"firstperson_lefthand": {
			"rotation": [-180, 63, 180],
			"translation": [0, 3.75, 0.75],
			"scale": [0.21836, 0.21836, 0.21836]
		},
		"ground": {
			"translation": [0, 3, 0],
			"scale": [0.51367, 0.51367, 0.51367]
		},
		"gui": {
			"rotation": [30, 225, 0],
			"translation": [-1, 0.5, 0],
			"scale": [0.49414, 0.49414, 0.49414]
		},
		"head": {
			"translation": [0, 7, 0],
			"scale": [0.93164, 0.93164, 0.93164]
		},
		"fixed": {
			"rotation": [-90, 57, 0],
			"translation": [0.75, 1, -9.75],
			"scale": [1.23242, 1.23242, 1.23242]
		}
	}
}