{
	"credit": "Made with Blockbench",
	"texture_size": [32, 32],
	"textures": {
		"0": "block/capitain_hat"
	},
	"elements": [
		{
			"from": [4, 0, 4],
			"to": [12, 2, 12],
			"rotation": {"angle": 0, "axis": "y", "origin": [4, 0, 4]},
			"faces": {
				"north": {"uv": [9, 8.5, 13, 9.5], "texture": "#0"},
				"east": {"uv": [4.5, 9.5, 8.5, 10.5], "texture": "#0"},
				"south": {"uv": [8.5, 9.5, 12.5, 10.5], "texture": "#0"},
				"west": {"uv": [0, 10, 4, 11], "texture": "#0"},
				"up": {"uv": [8.5, 4, 4.5, 0], "texture": "#0"},
				"down": {"uv": [8.5, 4, 4.5, 8], "texture": "#0"}
			}
		},
		{
			"from": [9.9, 0.5, 1],
			"to": [11.9, 0.7, 4],
			"rotation": {"angle": -22.5, "axis": "z", "origin": [10.5, 0.1, 2.5]},
			"faces": {
				"north": {"uv": [12, 12, 13, 12.5], "texture": "#0"},
				"east": {"uv": [6, 12, 7.5, 12.5], "texture": "#0"},
				"south": {"uv": [0, 12.5, 1, 13], "texture": "#0"},
				"west": {"uv": [7.5, 12, 9, 12.5], "texture": "#0"},
				"up": {"uv": [11, 12, 10, 10.5], "texture": "#0"},
				"down": {"uv": [1, 11, 0, 12.5], "texture": "#0"}
			}
		},
		{
			"from": [4.1, 0.5, 1],
			"to": [6.1, 0.7, 4],
			"rotation": {"angle": 22.5, "axis": "z", "origin": [5.5, 0.1, 2.5]},
			"faces": {
				"north": {"uv": [1, 12.5, 2, 13], "texture": "#0"},
				"east": {"uv": [9, 12, 10.5, 12.5], "texture": "#0"},
				"south": {"uv": [2, 12.5, 3, 13], "texture": "#0"},
				"west": {"uv": [12, 11.5, 13.5, 12], "texture": "#0"},
				"up": {"uv": [2, 12.5, 1, 11], "texture": "#0"},
				"down": {"uv": [3, 11, 2, 12.5], "texture": "#0"}
			}
		},
		{
			"from": [5.82472, 0.68394, 1],
			"to": [10.22472, 0.88394, 4],
			"rotation": {"angle": 0, "axis": "y", "origin": [6.82472, 0.78394, 2.5]},
			"faces": {
				"north": {"uv": [11, 10.5, 13, 11], "texture": "#0"},
				"east": {"uv": [3, 12, 4.5, 12.5], "texture": "#0"},
				"south": {"uv": [11, 11, 13, 11.5], "texture": "#0"},
				"west": {"uv": [4.5, 12, 6, 12.5], "texture": "#0"},
				"up": {"uv": [6, 12, 4, 10.5], "texture": "#0"},
				"down": {"uv": [8, 10.5, 6, 12], "texture": "#0"}
			}
		},
		{
			"from": [3.5, 2.01732, 3.5],
			"to": [12.5, 5.01732, 12.5],
			"rotation": {"angle": 0, "axis": "y", "origin": [8.4, 4.11732, 8.5]},
			"faces": {
				"north": {"uv": [4.5, 8, 9, 9.5], "texture": "#0", "tintindex": 0},
				"east": {"uv": [8.5, 0, 13, 1.5], "texture": "#0", "tintindex": 0},
				"south": {"uv": [8.5, 1.5, 13, 3], "texture": "#0", "tintindex": 0},
				"west": {"uv": [8.5, 3, 13, 4.5], "texture": "#0", "tintindex": 0},
				"up": {"uv": [4.5, 4.5, 0, 0], "texture": "#0", "tintindex": 0},
				"down": {"uv": [4.5, 4.5, 0, 9], "texture": "#0", "tintindex": 0}
			}
		},
		{
			"from": [3.49, -0.59431, 1.56924],
			"to": [12.51, 2.42569, 3.58924],
			"rotation": {"angle": 22.5, "axis": "x", "origin": [8, 0.91569, 10.07924]},
			"faces": {
				"north": {"uv": [8.5, 4.5, 13, 6], "texture": "#0", "tintindex": 0},
				"east": {"uv": [8, 10.5, 9, 12], "texture": "#0", "tintindex": 0},
				"south": {"uv": [8.5, 6, 13, 7.5], "texture": "#0", "tintindex": 0},
				"west": {"uv": [9, 10.5, 10, 12], "texture": "#0", "tintindex": 0},
				"up": {"uv": [4.5, 10, 0, 9], "texture": "#0", "tintindex": 0},
				"down": {"uv": [13.5, 7.5, 9, 8.5], "texture": "#0", "tintindex": 0}
			}
		},
		{
			"from": [6.99, -0.09431, 1.55],
			"to": [9.01, 1.92569, 1.57],
			"rotation": {"angle": 22.5, "axis": "x", "origin": [8.5, 0.91569, 10.07924]},
			"faces": {
				"north": {"uv": [3, 11, 4, 12], "texture": "#0", "tintindex": 0},
				"east": {"uv": [0, 0, 0, 1], "texture": "#0", "tintindex": 0},
				"south": {"uv": [11, 11.5, 12, 12.5], "texture": "#0", "tintindex": 0},
				"west": {"uv": [0, 0, 0, 1], "texture": "#0", "tintindex": 0},
				"up": {"uv": [1, 0, 0, 0], "texture": "#0", "tintindex": 0},
				"down": {"uv": [1, 0, 0, 0], "texture": "#0", "tintindex": 0}
			}
		}
	],
	"display": {
		"thirdperson_righthand": {
			"rotation": [75, 45, 0],
			"translation": [0, 2.5, 2.5],
			"scale": [0.51953, 0.51953, 0.51953]
		},
		"thirdperson_lefthand": {
			"rotation": [75, 45, 0],
			"translation": [0, 2.5, 2.5],
			"scale": [0.51953, 0.51953, 0.51953]
		},
		"firstperson_righthand": {
			"rotation": [180, 67.75, 180],
			"translation": [1.25, 3.75, 0],
			"scale": [0.4, 0.4, 0.4]
		},
		"firstperson_lefthand": {
			"rotation": [180, 67.75, 180],
			"translation": [1.25, 3.75, 0],
			"scale": [0.4, 0.4, 0.4]
		},
		"ground": {
			"translation": [0, 5.75, 0],
			"scale": [0.81641, 0.81641, 0.81641]
		},
		"gui": {
			"rotation": [30, 225, 0],
			"translation": [0, 4, 0],
			"scale": [1.10742, 1.10742, 1.10742]
		},
		"head": {
			"translation": [0, 16.25, 0],
			"scale": [1.93359, 1.93359, 1.93359]
		},
		"fixed": {
			"rotation": [-90, 0, 0],
			"translation": [0, 0, -15.5],
			"scale": [1.92383, 1.92383, 1.92383]
		}
	}
}