{
	"credit": "Made with Blockbench",
	"texture_size": [32, 32],
	"textures": {
		"2": "block/fig5_1",
		"particle": "block/fig5_1"
	},
	"elements": [
		{
			"name": "base",
			"from": [4, 0, 4],
			"to": [12, 1, 12],
			"faces": {
				"north": {"uv": [8, 0, 12, 0.5], "texture": "#2"},
				"east": {"uv": [8, 0.5, 12, 1], "texture": "#2"},
				"south": {"uv": [8, 1, 12, 1.5], "texture": "#2"},
				"west": {"uv": [8, 1.5, 12, 2], "texture": "#2"},
				"up": {"uv": [4, 12, 0, 8], "texture": "#2"},
				"down": {"uv": [12, 3.5, 8, 7.5], "texture": "#2"}
			}
		},
		{
			"from": [9, 1, 8],
			"to": [10, 3, 9],
			"faces": {
				"north": {"uv": [2.5, 5, 3, 6], "texture": "#2"},
				"east": {"uv": [2, 7, 2.5, 8], "texture": "#2"},
				"south": {"uv": [3.5, 7, 4, 8], "texture": "#2"},
				"west": {"uv": [4, 7, 4.5, 8], "texture": "#2"},
				"up": {"uv": [7.5, 4, 7, 3.5], "texture": "#2"},
				"down": {"uv": [7, 7, 6.5, 7.5], "texture": "#2"}
			}
		},
		{
			"from": [6, 1, 8],
			"to": [7, 3, 9],
			"faces": {
				"north": {"uv": [4.5, 7, 5, 8], "texture": "#2"},
				"east": {"uv": [5, 7, 5.5, 8], "texture": "#2"},
				"south": {"uv": [5.5, 7, 6, 8], "texture": "#2"},
				"west": {"uv": [6, 7, 6.5, 8], "texture": "#2"},
				"up": {"uv": [7.5, 7.5, 7, 7], "texture": "#2"},
				"down": {"uv": [0.5, 7.5, 0, 8], "texture": "#2"}
			}
		},
		{
			"name": "body",
			"from": [5, 3, 6],
			"to": [11, 7, 11],
			"faces": {
				"north": {"uv": [3, 0, 6, 2], "texture": "#2"},
				"east": {"uv": [3, 4, 5.5, 6], "texture": "#2"},
				"south": {"uv": [3, 2, 6, 4], "texture": "#2"},
				"west": {"uv": [0, 5, 2.5, 7], "texture": "#2"},
				"up": {"uv": [3, 2.5, 0, 0], "texture": "#2"},
				"down": {"uv": [3, 2.5, 0, 5], "texture": "#2"}
			}
		},
		{
			"name": "head",
			"from": [6, 5, 4],
			"to": [10, 9, 6],
			"faces": {
				"north": {"uv": [5.5, 4, 7.5, 6], "texture": "#2"},
				"east": {"uv": [6, 2, 7, 4], "texture": "#2"},
				"south": {"uv": [6, 0, 8, 2], "texture": "#2"},
				"west": {"uv": [2.5, 6, 3.5, 8], "texture": "#2"},
				"up": {"uv": [5.5, 7, 3.5, 6], "texture": "#2"},
				"down": {"uv": [7.5, 6, 5.5, 7], "texture": "#2"}
			}
		},
		{
			"name": "beak",
			"from": [6, 6, 3],
			"to": [10, 7, 4],
			"faces": {
				"north": {"uv": [0, 7, 2, 7.5], "texture": "#2"},
				"east": {"uv": [0.5, 7.5, 1, 8], "texture": "#2"},
				"south": {"uv": [7, 2, 9, 2.5], "texture": "#2"},
				"west": {"uv": [1, 7.5, 1.5, 8], "texture": "#2"},
				"up": {"uv": [9, 3, 7, 2.5], "texture": "#2"},
				"down": {"uv": [9, 3, 7, 3.5], "texture": "#2"}
			}
		},
		{
			"from": [6, 1, 7],
			"to": [7, 2, 8],
			"faces": {
				"north": {"uv": [7.5, 6, 8, 6.5], "texture": "#2"},
				"east": {"uv": [6.5, 7.5, 7, 8], "texture": "#2"},
				"south": {"uv": [7.5, 6.5, 8, 7], "texture": "#2"},
				"west": {"uv": [7, 7.5, 7.5, 8], "texture": "#2"},
				"up": {"uv": [8, 7.5, 7.5, 7], "texture": "#2"},
				"down": {"uv": [8, 7.5, 7.5, 8], "texture": "#2"}
			}
		},
		{
			"from": [9, 1, 7],
			"to": [10, 2, 8],
			"faces": {
				"north": {"uv": [1.5, 7.5, 2, 8], "texture": "#2"},
				"east": {"uv": [7.5, 3.5, 8, 4], "texture": "#2"},
				"south": {"uv": [7.5, 4, 8, 4.5], "texture": "#2"},
				"west": {"uv": [7.5, 4.5, 8, 5], "texture": "#2"},
				"up": {"uv": [8, 5.5, 7.5, 5], "texture": "#2"},
				"down": {"uv": [8, 5.5, 7.5, 6], "texture": "#2"}
			}
		}
	],
	"gui_light": "front",
	"display": {
		"thirdperson_righthand": {
			"translation": [0, 0, -2],
			"scale": [0.5, 0.5, 0.5]
		},
		"thirdperson_lefthand": {
			"translation": [0, 0, -2],
			"scale": [0.5, 0.5, 0.5]
		},
		"firstperson_righthand": {
			"scale": [0.5, 0.5, 0.5]
		},
		"firstperson_lefthand": {
			"scale": [0.5, 0.5, 0.5]
		},
		"ground": {
			"translation": [0, 2, 0],
			"scale": [0.5, 0.5, 0.5]
		},
		"gui": {
			"rotation": [0, 180, 0],
			"translation": [0, 2.25, 0]
		},
		"head": {
			"translation": [0, 12.5, 0],
			"scale": [0.75, 0.75, 0.75]
		},
		"fixed": {
			"rotation": [-90, -180, 0],
			"translation": [0, 0, -9.5],
			"scale": [1.2, 1.2, 1.2]
		}
	},
	"groups": [
		0,
		{
			"name": "legs",
			"origin": [0, 0, 0],
			"color": 0,
			"children": [1, 2]
		},
		3,
		4,
		5,
		{
			"name": "feet",
			"origin": [0, 0, 0],
			"color": 0,
			"children": [6, 7]
		}
	]
}