{
  "model": {
    "type": "minecraft:range_dispatch",
    "entries": [
      {
        "model": {
          "type": "minecraft:range_dispatch",
          "entries": [
            {
              "model": {
                "type": "minecraft:model",
                "model": "mcpaint:background/canvas/1x1"
              },
              "threshold": 1
            },
            {
              "model": {
                "type": "minecraft:model",
                "model": "mcpaint:background/canvas/1x2"
              },
              "threshold": 2
            },
            {
              "model": {
                "type": "minecraft:model",
                "model": "mcpaint:background/canvas/1x3"
              },
              "threshold": 3
            },
            {
              "model": {
                "type": "minecraft:model",
                "model": "mcpaint:background/canvas/1x4"
              },
              "threshold": 4
            }
          ],
          "property": "minecraft:custom_model_data",
          "scale": 1,
          "index": 1
        },
        "threshold": 1
      },
      {
        "model": {
          "type": "minecraft:range_dispatch",
          "entries": [
            {
              "model": {
                "type": "minecraft:model",
                "model": "mcpaint:background/canvas/2x1"
              },
              "threshold": 1
            },
            {
              "model": {
                "type": "minecraft:model",
                "model": "mcpaint:background/canvas/2x2"
              },
              "threshold": 2
            },
            {
              "model": {
                "type": "minecraft:model",
                "model": "mcpaint:background/canvas/2x3"
              },
              "threshold": 3
            },
            {
              "model": {
                "type": "minecraft:model",
                "model": "mcpaint:background/canvas/2x4"
              },
              "threshold": 4
            }
          ],
          "property": "minecraft:custom_model_data",
          "scale": 1,
          "index": 1
        },
        "threshold": 2
      },
      {
        "model": {
          "type": "minecraft:range_dispatch",
          "entries": [
            {
              "model": {
                "type": "minecraft:model",
                "model": "mcpaint:background/canvas/3x1"
              },
              "threshold": 1
            },
            {
              "model": {
                "type": "minecraft:model",
                "model": "mcpaint:background/canvas/3x2"
              },
              "threshold": 2
            },
            {
              "model": {
                "type": "minecraft:model",
                "model": "mcpaint:background/canvas/3x3"
              },
              "threshold": 3
            },
            {
              "model": {
                "type": "minecraft:model",
                "model": "mcpaint:background/canvas/3x4"
              },
              "threshold": 4
            }
          ],
          "property": "minecraft:custom_model_data",
          "scale": 1,
          "index": 1
        },
        "threshold": 3
      },
      {
        "model": {
          "type": "minecraft:range_dispatch",
          "entries": [
            {
              "model": {
                "type": "minecraft:model",
                "model": "mcpaint:background/canvas/4x1"
              },
              "threshold": 1
            },
            {
              "model": {
                "type": "minecraft:model",
                "model": "mcpaint:background/canvas/4x2"
              },
              "threshold": 2
            },
            {
              "model": {
                "type": "minecraft:model",
                "model": "mcpaint:background/canvas/4x3"
              },
              "threshold": 3
            },
            {
              "model": {
                "type": "minecraft:model",
                "model": "mcpaint:background/canvas/4x4"
              },
              "threshold": 4
            }
          ],
          "property": "minecraft:custom_model_data",
          "scale": 1,
          "index": 1
        },
        "threshold": 4
      }
    ],
    "property": "minecraft:custom_model_data",
    "scale": 1,
    "index": 0
  }
}