{
	"credit": "Made with Blockbench",
	"texture_size": [32, 32],
	"textures": {
		"2": "block/bear_hat",
		"particle": "block/bear_hat"
	},
	"elements": [
		{
			"from": [4, 0, 4],
			"to": [12, 4, 12],
			"faces": {
				"north": {"uv": [4, 0, 8, 2], "texture": "#2"},
				"east": {"uv": [4, 6, 8, 8], "texture": "#2"},
				"south": {"uv": [4, 4, 8, 6], "texture": "#2"},
				"west": {"uv": [4, 6, 8, 8], "texture": "#2"},
				"up": {"uv": [4, 4, 0, 0], "texture": "#2"},
				"down": {"uv": [4, 4, 0, 8], "texture": "#2"}
			}
		},
		{
			"from": [6, 0, 3],
			"to": [10, 2, 4],
			"faces": {
				"north": {"uv": [3, 8, 5, 9], "texture": "#2"},
				"east": {"uv": [4.5, 9, 5, 10], "texture": "#2"},
				"south": {"uv": [8, 3, 10, 4], "texture": "#2"},
				"west": {"uv": [6, 9, 6.5, 10], "texture": "#2"},
				"up": {"uv": [11, 4.5, 9, 4], "texture": "#2"},
				"down": {"uv": [11, 4.5, 9, 5], "texture": "#2"}
			}
		},
		{
			"from": [4.3, 3.3, 7],
			"to": [7.3, 6.3, 9],
			"rotation": {"angle": 0, "axis": "y", "origin": [5, 4, 8]},
			"faces": {
				"north": {"uv": [0, 8, 1.5, 9.5], "texture": "#2"},
				"east": {"uv": [8, 4, 9, 5.5], "texture": "#2"},
				"south": {"uv": [8, 0, 9.5, 1.5], "texture": "#2"},
				"west": {"uv": [5, 8, 6, 9.5], "texture": "#2"},
				"up": {"uv": [9.5, 6.5, 8, 5.5], "texture": "#2"},
				"down": {"uv": [7.5, 8, 6, 9], "texture": "#2"}
			}
		},
		{
			"from": [8.7, 3.3, 7],
			"to": [11.7, 6.3, 9],
			"rotation": {"angle": 0, "axis": "y", "origin": [11, 4, 8]},
			"faces": {
				"north": {"uv": [1.5, 8, 0, 9.5], "texture": "#2"},
				"east": {"uv": [6, 8, 5, 9.5], "texture": "#2"},
				"south": {"uv": [9.5, 0, 8, 1.5], "texture": "#2"},
				"west": {"uv": [9, 4, 8, 5.5], "texture": "#2"},
				"up": {"uv": [8, 6.5, 9.5, 5.5], "texture": "#2"},
				"down": {"uv": [6, 8, 7.5, 9], "texture": "#2"}
			}
		}
	],
	"display": {
		"thirdperson_righthand": {
			"rotation": [75, 45, 0],
			"translation": [0, 2.5, 3.25],
			"scale": [0.44922, 0.44922, 0.44922]
		},
		"thirdperson_lefthand": {
			"rotation": [75, 45, 0],
			"translation": [0, 2.5, 3.25],
			"scale": [0.44922, 0.44922, 0.44922]
		},
		"firstperson_righthand": {
			"rotation": [180, 67.75, 180],
			"translation": [1.25, 4.75, 0],
			"scale": [0.47422, 0.47422, 0.47422]
		},
		"firstperson_lefthand": {
			"rotation": [180, 67.75, 180],
			"translation": [1.25, 4.75, 0],
			"scale": [0.47422, 0.47422, 0.47422]
		},
		"ground": {
			"translation": [0, 5.75, 0],
			"scale": [0.81641, 0.81641, 0.81641]
		},
		"gui": {
			"rotation": [30, 225, 0],
			"translation": [0, 4, 0],
			"scale": [1.04101, 1.04101, 1.04101]
		},
		"head": {
			"translation": [0, 17.25, 0],
			"scale": [1.93359, 1.93359, 1.93359]
		},
		"fixed": {
			"rotation": [-90, 0, 0],
			"translation": [0, 0, -16.75],
			"scale": [2.13086, 2.13086, 2.13086]
		}
	}
}