{
	"credit": "Made with Blockbench",
	"texture_size": [64, 64],
	"textures": {
		"1": "block/pumpkin_hat",
		"particle": "block/pumpkin_hat"
	},
	"elements": [
		{
			"from": [3.1066, 0, 2.37157],
			"to": [14.1066, 11, 13.37157],
			"rotation": {"angle": 0, "axis": "y", "origin": [-1.3934, 6.5, -2.82843]},
			"faces": {
				"north": {"uv": [6, 0, 8.75, 2.75], "texture": "#1"},
				"east": {"uv": [6, 2.75, 8.75, 5.5], "texture": "#1"},
				"south": {"uv": [6, 5.5, 8.75, 8.25], "texture": "#1"},
				"west": {"uv": [0, 7, 2.75, 9.75], "texture": "#1"},
				"up": {"uv": [5.5, 9.75, 2.75, 7], "texture": "#1"},
				"down": {"uv": [8.25, 8.25, 5.5, 11], "texture": "#1"}
			}
		},
		{
			"from": [8.1066, 11, 7.37157],
			"to": [9.1066, 15, 8.37157],
			"rotation": {"angle": 0, "axis": "y", "origin": [-1.3934, 6.5, -2.82843]},
			"faces": {
				"north": {"uv": [5.5, 7, 5.75, 8], "texture": "#1"},
				"east": {"uv": [5.75, 7, 6, 8], "texture": "#1"},
				"south": {"uv": [2, 9.75, 2.25, 10.75], "texture": "#1"},
				"west": {"uv": [2.25, 9.75, 2.5, 10.75], "texture": "#1"},
				"up": {"uv": [5.75, 8.25, 5.5, 8], "texture": "#1"},
				"down": {"uv": [6, 8, 5.75, 8.25], "texture": "#1"}
			}
		},
		{
			"from": [8.6066, 3, -4.62843],
			"to": [8.6066, 17, 19.37157],
			"rotation": {"angle": -45, "axis": "y", "origin": [8.6066, 10, 7.37157]},
			"faces": {
				"north": {"uv": [0, 0, 0, 3.5], "texture": "#1"},
				"east": {"uv": [6, 12.5, 0, 16], "texture": "#1"},
				"south": {"uv": [0, 0, 0, 3.5], "texture": "#1"},
				"west": {"uv": [0, 12.5, 6, 16], "texture": "#1"},
				"up": {"uv": [0, 6, 0, 0], "texture": "#1"},
				"down": {"uv": [0, 0, 0, 6], "texture": "#1"}
			}
		},
		{
			"from": [8.6066, 3, -4.62843],
			"to": [8.6066, 17, 19.37157],
			"rotation": {"angle": 0, "axis": "y", "origin": [8.6066, 10, 7.37157]},
			"faces": {
				"north": {"uv": [0, 0, 0, 3.5], "texture": "#1"},
				"east": {"uv": [0, 12.5, 6, 16], "texture": "#1"},
				"south": {"uv": [0, 0, 0, 3.5], "texture": "#1"},
				"west": {"uv": [6, 12.5, 0, 16], "texture": "#1"},
				"up": {"uv": [0, 6, 0, 0], "texture": "#1"},
				"down": {"uv": [0, 0, 0, 6], "texture": "#1"}
			}
		},
		{
			"from": [4.75765, 12.7574, 12.8112],
			"to": [12.75765, 12.7574, 17.8112],
			"rotation": {"angle": 22.5, "axis": "x", "origin": [8.75765, 12.20251, 12.67157]},
			"faces": {
				"north": {"uv": [0, 0, 2, 0], "texture": "#1"},
				"east": {"uv": [0, 0, 1.25, 0], "texture": "#1"},
				"south": {"uv": [0, 0, 2, 0], "texture": "#1"},
				"west": {"uv": [0, 0, 1.25, 0], "texture": "#1"},
				"up": {"uv": [10.75, 5.75, 8.75, 4.5], "texture": "#1"},
				"down": {"uv": [10.75, 5.75, 8.75, 7], "texture": "#1"}
			}
		},
		{
			"from": [4.75765, 12.7, 7.02053],
			"to": [12.75765, 12.7, 13.02053],
			"rotation": {"angle": 0, "axis": "y", "origin": [8.75765, 12.20251, 12.67157]},
			"faces": {
				"north": {"uv": [0, 0, 2, 0], "texture": "#1"},
				"east": {"uv": [0, 0, 1.5, 0], "texture": "#1"},
				"south": {"uv": [0, 0, 2, 0], "texture": "#1"},
				"west": {"uv": [0, 0, 1.5, 0], "texture": "#1"},
				"up": {"uv": [10.25, 9.75, 8.25, 8.25], "texture": "#1"},
				"down": {"uv": [10.75, 0, 8.75, 1.5], "texture": "#1"}
			}
		},
		{
			"from": [5.34235, 12.0574, -1.8112],
			"to": [13.34235, 12.0574, 3.1888],
			"rotation": {"angle": -22.5, "axis": "x", "origin": [9.34235, 11.50251, 3.32843]},
			"faces": {
				"north": {"uv": [0, 0, 2, 0], "texture": "#1"},
				"east": {"uv": [0, 0, 1.25, 0], "texture": "#1"},
				"south": {"uv": [0, 0, 2, 0], "texture": "#1"},
				"west": {"uv": [0, 0, 1.25, 0], "texture": "#1"},
				"up": {"uv": [10.75, 8.25, 8.75, 7], "texture": "#1"},
				"down": {"uv": [2, 9.75, 0, 11], "texture": "#1"}
			}
		},
		{
			"from": [5.34235, 12, 2.97947],
			"to": [13.34235, 12, 8.97947],
			"rotation": {"angle": 0, "axis": "y", "origin": [9.34235, 11.50251, 3.32843]},
			"faces": {
				"north": {"uv": [0, 0, 2, 0], "texture": "#1"},
				"east": {"uv": [0, 0, 1.5, 0], "texture": "#1"},
				"south": {"uv": [0, 0, 2, 0], "texture": "#1"},
				"west": {"uv": [0, 0, 1.5, 0], "texture": "#1"},
				"up": {"uv": [10.75, 3, 8.75, 1.5], "texture": "#1"},
				"down": {"uv": [10.75, 3, 8.75, 4.5], "texture": "#1"}
			}
		},
		{
			"from": [8.1066, 15, 6.57157],
			"to": [9.1066, 19, 7.57157],
			"rotation": {"angle": -22.5, "axis": "x", "origin": [8.6066, 17, 7.87157]},
			"faces": {
				"north": {"uv": [2.5, 9.75, 2.75, 10.75], "texture": "#1"},
				"east": {"uv": [2.75, 9.75, 3, 10.75], "texture": "#1"},
				"south": {"uv": [3, 9.75, 3.25, 10.75], "texture": "#1"},
				"west": {"uv": [3.25, 9.75, 3.5, 10.75], "texture": "#1"},
				"up": {"uv": [3.75, 10, 3.5, 9.75], "texture": "#1"},
				"down": {"uv": [4, 9.75, 3.75, 10], "texture": "#1"}
			}
		}
	],
	"display": {
		"thirdperson_righthand": {
			"rotation": [-125.8, 76.88, -167.07],
			"translation": [0, 0.25, 2],
			"scale": [0.51, 0.51, 0.51]
		},
		"thirdperson_lefthand": {
			"rotation": [88.08, -81.43, 20.37],
			"translation": [0, 0.25, 2],
			"scale": [0.51, 0.51, 0.51]
		},
		"firstperson_righthand": {
			"rotation": [-180, -10, -180],
			"translation": [1.5, 3, 0],
			"scale": [0.34766, 0.34766, 0.34766]
		},
		"firstperson_lefthand": {
			"rotation": [-180, -10, -180],
			"translation": [1.5, 3, 0],
			"scale": [0.34766, 0.34766, 0.34766]
		},
		"ground": {
			"translation": [0, 0.5, 0],
			"scale": [0.5, 0.5, 0.5]
		},
		"gui": {
			"rotation": [30, 225, 0],
			"translation": [0, 1.25, 0],
			"scale": [0.71875, 0.71875, 0.71875]
		},
		"head": {
			"rotation": [-180, 90, -180],
			"translation": [0, 4.5, 1.25],
			"scale": [1.39453, 1.39453, 1.39453]
		},
		"fixed": {
			"rotation": [-90, 180, 0],
			"translation": [0, 0, -16],
			"scale": [2, 2, 2]
		}
	},
	"groups": [
		0,
		1,
		2,
		3,
		4,
		5,
		6,
		7,
		8,
		{
			"name": "group",
			"origin": [24, -3.25, -2],
			"color": 0,
			"children": []
		},
		{
			"name": "group",
			"origin": [24, -3.25, -2],
			"color": 0,
			"children": []
		},
		{
			"name": "group",
			"origin": [24, -3.25, -2],
			"color": 0,
			"children": []
		},
		{
			"name": "group",
			"origin": [24, -3.25, -2],
			"color": 0,
			"children": []
		}
	]
}