{
	"credit": "Made with Blockbench",
	"texture_size": [32, 32],
	"textures": {
		"0": "block/rgb_headphone_tint"
	},
	"elements": [
		{
			"from": [3.5, 1, 7],
			"to": [12.5, 8, 9],
			"rotation": {"angle": 0, "axis": "y", "origin": [4.5, 0, 4]},
			"faces": {
				"north": {"uv": [0, 0, 4.5, 3.5], "texture": "#0", "tintindex": 0},
				"east": {"uv": [2, 8, 3, 11.5], "texture": "#0", "tintindex": 0},
				"south": {"uv": [0, 3.5, 4.5, 7], "texture": "#0", "tintindex": 0},
				"west": {"uv": [3, 8, 4, 11.5], "texture": "#0", "tintindex": 0},
				"up": {"uv": [9, 7, 4.5, 6], "texture": "#0", "tintindex": 0},
				"down": {"uv": [4.5, 7, 0, 8], "texture": "#0", "tintindex": 0}
			}
		},
		{
			"from": [11.5, 0.9, 6],
			"to": [13.5, 4.9, 10],
			"rotation": {"angle": 0, "axis": "y", "origin": [12, 0, 4]},
			"faces": {
				"north": {"uv": [9, 4, 8, 6], "texture": "#0"},
				"east": {"uv": [10, 0, 8, 2], "texture": "#0"},
				"south": {"uv": [10, 4, 9, 6], "texture": "#0"},
				"west": {"uv": [2, 8, 0, 10], "texture": "#0"},
				"up": {"uv": [5, 11, 6, 9], "texture": "#0"},
				"down": {"uv": [6, 9, 7, 11], "texture": "#0"}
			}
		},
		{
			"from": [11.4, 0.8, 5.9],
			"to": [12.4, 5, 10.1],
			"rotation": {"angle": 0, "axis": "y", "origin": [12, 0, 4]},
			"faces": {
				"north": {"uv": [8.5, 9, 8, 11], "texture": "#0", "tintindex": 0},
				"east": {"uv": [8.5, 7, 6.5, 9], "texture": "#0", "tintindex": 0},
				"south": {"uv": [10, 7, 9.5, 9], "texture": "#0", "tintindex": 0},
				"west": {"uv": [6.5, 7, 4.5, 9], "texture": "#0", "tintindex": 0},
				"up": {"uv": [9.5, 11, 10, 9], "texture": "#0", "tintindex": 0},
				"down": {"uv": [0, 10, 0.5, 12], "texture": "#0", "tintindex": 0}
			}
		},
		{
			"from": [11.4, 0.8, 5.9],
			"to": [12.4, 5, 10.1],
			"rotation": {"angle": 0, "axis": "y", "origin": [12, 0, 4]},
			"faces": {
				"north": {"uv": [8.5, 9, 8, 11], "texture": "#0", "tintindex": 0},
				"east": {"uv": [8.5, 7, 6.5, 9], "texture": "#0", "tintindex": 0},
				"south": {"uv": [10, 7, 9.5, 9], "texture": "#0", "tintindex": 0},
				"west": {"uv": [6.5, 7, 4.5, 9], "texture": "#0", "tintindex": 0},
				"up": {"uv": [9.5, 11, 10, 9], "texture": "#0", "tintindex": 0},
				"down": {"uv": [0, 10, 0.5, 12], "texture": "#0", "tintindex": 0}
			}
		},
		{
			"from": [13.6, 1.9, 7],
			"to": [13.6, 3.9, 9],
			"rotation": {"angle": 0, "axis": "y", "origin": [12, 0, 4]},
			"faces": {
				"north": {"uv": [0, 0, 0, 1], "texture": "#0"},
				"east": {"uv": [8, 9, 7, 10], "texture": "#0"},
				"south": {"uv": [0, 0, 0, 1], "texture": "#0"},
				"west": {"uv": [10, 6, 9, 7], "texture": "#0"},
				"up": {"uv": [0, 1, 0, 0], "texture": "#0"},
				"down": {"uv": [0, 0, 0, 1], "texture": "#0"}
			}
		},
		{
			"from": [2.4, 1.9, 7],
			"to": [2.4, 3.9, 9],
			"rotation": {"angle": 0, "axis": "y", "origin": [4, 0, 4]},
			"faces": {
				"north": {"uv": [0, 0, 0, 1], "texture": "#0"},
				"east": {"uv": [9, 6, 10, 7], "texture": "#0"},
				"south": {"uv": [0, 0, 0, 1], "texture": "#0"},
				"west": {"uv": [7, 9, 8, 10], "texture": "#0"},
				"up": {"uv": [0, 1, 0, 0], "texture": "#0"},
				"down": {"uv": [0, 0, 0, 1], "texture": "#0"}
			}
		},
		{
			"from": [3.6, 0.8, 5.9],
			"to": [4.6, 5, 10.1],
			"rotation": {"angle": 0, "axis": "y", "origin": [4, 0, 4]},
			"faces": {
				"north": {"uv": [8, 9, 8.5, 11], "texture": "#0", "tintindex": 0},
				"east": {"uv": [4.5, 7, 6.5, 9], "texture": "#0", "tintindex": 0},
				"south": {"uv": [9.5, 7, 10, 9], "texture": "#0", "tintindex": 0},
				"west": {"uv": [6.5, 7, 8.5, 9], "texture": "#0", "tintindex": 0},
				"up": {"uv": [10, 11, 9.5, 9], "texture": "#0", "tintindex": 0},
				"down": {"uv": [0.5, 10, 0, 12], "texture": "#0", "tintindex": 0}
			}
		},
		{
			"from": [2.5, 0.9, 6],
			"to": [4.5, 4.9, 10],
			"rotation": {"angle": 0, "axis": "y", "origin": [4, 0, 4]},
			"faces": {
				"north": {"uv": [8, 4, 9, 6], "texture": "#0"},
				"east": {"uv": [0, 8, 2, 10], "texture": "#0"},
				"south": {"uv": [9, 4, 10, 6], "texture": "#0"},
				"west": {"uv": [8, 0, 10, 2], "texture": "#0"},
				"up": {"uv": [6, 11, 5, 9], "texture": "#0"},
				"down": {"uv": [7, 9, 6, 11], "texture": "#0"}
			}
		},
		{
			"from": [3.6, 0.8, 5.9],
			"to": [4.6, 5, 10.1],
			"rotation": {"angle": 0, "axis": "y", "origin": [4, 0, 4]},
			"faces": {
				"north": {"uv": [8, 9, 8.5, 11], "texture": "#0", "tintindex": 0},
				"east": {"uv": [4.5, 7, 6.5, 9], "texture": "#0", "tintindex": 0},
				"south": {"uv": [9.5, 7, 10, 9], "texture": "#0", "tintindex": 0},
				"west": {"uv": [6.5, 7, 8.5, 9], "texture": "#0", "tintindex": 0},
				"up": {"uv": [10, 11, 9.5, 9], "texture": "#0", "tintindex": 0},
				"down": {"uv": [0.5, 10, 0, 12], "texture": "#0", "tintindex": 0}
			}
		},
		{
			"name": "cube_outline",
			"from": [11.5, 7, 9],
			"to": [4.5, 1, 7],
			"rotation": {"angle": 0, "axis": "y", "origin": [4.5, 0, 4]},
			"faces": {
				"north": {"uv": [4.5, 0, 8, 3], "texture": "#0", "tintindex": 0},
				"east": {"uv": [8.5, 7, 9.5, 10], "texture": "#0", "tintindex": 0},
				"south": {"uv": [4.5, 3, 8, 6], "texture": "#0", "tintindex": 0},
				"west": {"uv": [4, 9, 5, 12], "texture": "#0", "tintindex": 0},
				"up": {"uv": [11.5, 3, 8, 2], "texture": "#0", "tintindex": 0},
				"down": {"uv": [11.5, 3, 8, 4], "texture": "#0", "tintindex": 0}
			}
		}
	],
	"display": {
		"thirdperson_righthand": {
			"rotation": [83.64, 10.44, 4.34],
			"translation": [0, 0.75, 2.25],
			"scale": [0.59766, 0.59766, 0.59766]
		},
		"thirdperson_lefthand": {
			"rotation": [83.64, 10.44, 4.34],
			"translation": [0, 0.75, 2.25],
			"scale": [0.59766, 0.59766, 0.59766]
		},
		"firstperson_righthand": {
			"rotation": [180, 67.75, 180],
			"translation": [1.25, 5, 0],
			"scale": [0.45469, 0.45469, 0.45469]
		},
		"firstperson_lefthand": {
			"rotation": [180, 67.75, 180],
			"translation": [1.25, 5, 0],
			"scale": [0.45469, 0.45469, 0.45469]
		},
		"ground": {
			"translation": [0, 5.75, 0],
			"scale": [0.81641, 0.81641, 0.81641]
		},
		"gui": {
			"rotation": [30, 225, 0],
			"translation": [0, 3.25, 0],
			"scale": [1.10156, 1.10156, 1.10156]
		},
		"head": {
			"translation": [0, 8.5, 0],
			"scale": [1.93359, 1.93359, 1.93359]
		},
		"fixed": {
			"rotation": [0, 0, -12.75],
			"translation": [1.5, 6.75, -4.25],
			"scale": [2.13477, 2.13477, 2.13477]
		}
	}
}