{
	"credit": "Made with Blockbench",
	"texture_size": [32, 32],
	"textures": {
		"0": "block/teddy",
		"particle": "block/teddy"
	},
	"elements": [
		{
			"from": [4, 0, 5],
			"to": [9, 6, 9],
			"rotation": {"angle": 0, "axis": "y", "origin": [4, 0, 5]},
			"faces": {
				"north": {"uv": [0, 0, 2.5, 3], "texture": "#0"},
				"east": {"uv": [6, 2.5, 8, 5.5], "texture": "#0"},
				"south": {"uv": [2.5, 0, 5, 3], "texture": "#0"},
				"west": {"uv": [0, 8, 2, 11], "texture": "#0"},
				"up": {"uv": [10.5, 2, 8, 0], "texture": "#0"},
				"down": {"uv": [4.5, 8, 2, 10], "texture": "#0"}
			}
		},
		{
			"from": [3.5, 6, 4.5],
			"to": [9.5, 11, 9.5],
			"rotation": {"angle": 0, "axis": "y", "origin": [3.5, 6, 4.5]},
			"faces": {
				"north": {"uv": [0, 3, 3, 5.5], "texture": "#0"},
				"east": {"uv": [3, 5.5, 5.5, 8], "texture": "#0"},
				"south": {"uv": [3, 3, 6, 5.5], "texture": "#0"},
				"west": {"uv": [5.5, 5.5, 8, 8], "texture": "#0"},
				"up": {"uv": [8, 2.5, 5, 0], "texture": "#0"},
				"down": {"uv": [3, 5.5, 0, 8], "texture": "#0"}
			}
		},
		{
			"from": [5.5, 0, 9],
			"to": [7.5, 2, 10],
			"rotation": {"angle": 0, "axis": "y", "origin": [5.5, 0, 9]},
			"faces": {
				"north": {"uv": [11, 5.5, 12, 6.5], "texture": "#0"},
				"east": {"uv": [8, 7, 8.5, 8], "texture": "#0"},
				"south": {"uv": [11, 9.5, 12, 10.5], "texture": "#0"},
				"west": {"uv": [9.5, 10.5, 10, 11.5], "texture": "#0"},
				"up": {"uv": [6, 3, 5, 2.5], "texture": "#0"},
				"down": {"uv": [10, 6.5, 9, 7], "texture": "#0"}
			}
		},
		{
			"from": [2.5, 10, 6],
			"to": [4.5, 12, 7],
			"rotation": {"angle": 0, "axis": "y", "origin": [2.5, 10, 6]},
			"faces": {
				"north": {"uv": [11, 10.5, 12, 11.5], "texture": "#0"},
				"east": {"uv": [12, 10.5, 12.5, 11.5], "texture": "#0"},
				"south": {"uv": [11.5, 0, 12.5, 1], "texture": "#0"},
				"west": {"uv": [12, 11.5, 12.5, 12.5], "texture": "#0"},
				"up": {"uv": [1, 13, 0, 12.5], "texture": "#0"},
				"down": {"uv": [13.5, 0, 12.5, 0.5], "texture": "#0"}
			}
		},
		{
			"from": [8.5, 10, 6],
			"to": [10.5, 12, 7],
			"rotation": {"angle": 0, "axis": "y", "origin": [8.5, 10, 6]},
			"faces": {
				"north": {"uv": [11.5, 1, 12.5, 2], "texture": "#0"},
				"east": {"uv": [12.5, 0.5, 13, 1.5], "texture": "#0"},
				"south": {"uv": [7, 11.5, 8, 12.5], "texture": "#0"},
				"west": {"uv": [1, 12.5, 1.5, 13.5], "texture": "#0"},
				"up": {"uv": [13.5, 2, 12.5, 1.5], "texture": "#0"},
				"down": {"uv": [13.5, 2, 12.5, 2.5], "texture": "#0"}
			}
		},
		{
			"from": [2, 2.5, 4],
			"to": [4, 4.5, 8],
			"rotation": {"angle": -22.5, "axis": "x", "origin": [2, 2.5, 4]},
			"faces": {
				"north": {"uv": [8, 11.5, 9, 12.5], "texture": "#0"},
				"east": {"uv": [8.5, 8.5, 10.5, 9.5], "texture": "#0"},
				"south": {"uv": [9, 11.5, 10, 12.5], "texture": "#0"},
				"west": {"uv": [9, 4.5, 11, 5.5], "texture": "#0"},
				"up": {"uv": [10.5, 4, 9.5, 2], "texture": "#0"},
				"down": {"uv": [8, 9.5, 7, 11.5], "texture": "#0"}
			}
		},
		{
			"from": [9, 2.5, 4],
			"to": [11, 4.5, 8],
			"rotation": {"angle": -22.5, "axis": "x", "origin": [9, 2.5, 4]},
			"faces": {
				"north": {"uv": [10, 11.5, 11, 12.5], "texture": "#0"},
				"east": {"uv": [9, 5.5, 11, 6.5], "texture": "#0"},
				"south": {"uv": [11, 11.5, 12, 12.5], "texture": "#0"},
				"west": {"uv": [8, 9.5, 10, 10.5], "texture": "#0"},
				"up": {"uv": [3, 12, 2, 10], "texture": "#0"},
				"down": {"uv": [4, 10, 3, 12], "texture": "#0"}
			}
		},
		{
			"from": [9.25, 0.1, 2],
			"to": [11.25, 2.1, 6],
			"rotation": {"angle": -22.5, "axis": "y", "origin": [9.25, 0.1, 2]},
			"faces": {
				"north": {"uv": [2, 12, 3, 13], "texture": "#0"},
				"east": {"uv": [10, 6.5, 12, 7.5], "texture": "#0"},
				"south": {"uv": [3, 12, 4, 13], "texture": "#0"},
				"west": {"uv": [10, 7.5, 12, 8.5], "texture": "#0"},
				"up": {"uv": [11, 11.5, 10, 9.5], "texture": "#0"},
				"down": {"uv": [11.5, 0, 10.5, 2], "texture": "#0"}
			}
		},
		{
			"from": [2, 0.1, 2.8],
			"to": [4, 2.1, 6.8],
			"rotation": {"angle": 22.5, "axis": "y", "origin": [2, 0.1, 2.8]},
			"faces": {
				"north": {"uv": [12, 4, 13, 5], "texture": "#0"},
				"east": {"uv": [10.5, 2, 12.5, 3], "texture": "#0"},
				"south": {"uv": [12, 5, 13, 6], "texture": "#0"},
				"west": {"uv": [10.5, 3, 12.5, 4], "texture": "#0"},
				"up": {"uv": [5, 12.5, 4, 10.5], "texture": "#0"},
				"down": {"uv": [6, 10.5, 5, 12.5], "texture": "#0"}
			}
		},
		{
			"from": [6.5, 0.25, 1.75],
			"to": [9.5, 5.25, 3.75],
			"rotation": {"angle": 45, "axis": "z", "origin": [6.5, 0.25, 1.75]},
			"faces": {
				"north": {"uv": [8, 2, 9.5, 4.5], "texture": "#0"},
				"east": {"uv": [8, 4.5, 9, 7], "texture": "#0"},
				"south": {"uv": [4.5, 8, 6, 10.5], "texture": "#0"},
				"west": {"uv": [6, 8, 7, 10.5], "texture": "#0"},
				"up": {"uv": [9.5, 11.5, 8, 10.5], "texture": "#0"},
				"down": {"uv": [12, 8.5, 10.5, 9.5], "texture": "#0"}
			}
		},
		{
			"from": [9.5, 0.25, 1.75],
			"to": [11.5, 3.25, 3.75],
			"rotation": {"angle": 45, "axis": "z", "origin": [6.5, 0.25, 1.75]},
			"faces": {
				"north": {"uv": [6, 10.5, 7, 12], "texture": "#0"},
				"east": {"uv": [0, 11, 1, 12.5], "texture": "#0"},
				"south": {"uv": [1, 11, 2, 12.5], "texture": "#0"},
				"west": {"uv": [11, 4, 12, 5.5], "texture": "#0"},
				"up": {"uv": [7, 13, 6, 12], "texture": "#0"},
				"down": {"uv": [13, 6, 12, 7], "texture": "#0"}
			}
		},
		{
			"from": [5, 6.15, 3.5],
			"to": [8, 9.15, 4.5],
			"rotation": {"angle": 0, "axis": "y", "origin": [5, 6.15, 3.5]},
			"faces": {
				"north": {"uv": [7, 8, 8.5, 9.5], "texture": "#0"},
				"east": {"uv": [12, 7, 12.5, 8.5], "texture": "#0"},
				"south": {"uv": [8.5, 7, 10, 8.5], "texture": "#0"},
				"west": {"uv": [12, 8.5, 12.5, 10], "texture": "#0"},
				"up": {"uv": [11, 4.5, 9.5, 4], "texture": "#0"},
				"down": {"uv": [13.5, 10, 12, 10.5], "texture": "#0"}
			}
		}
	],
	"display": {
		"thirdperson_righthand": {
			"translation": [1.5, 2, 0]
		},
		"thirdperson_lefthand": {
			"translation": [-1.5, 2, 0]
		},
		"ground": {
			"translation": [1.25, 4.25, 2.25]
		},
		"gui": {
			"rotation": [45, 145, 0],
			"translation": [0, 3.75, 0]
		},
		"head": {
			"translation": [2.25, 18.25, 2.25],
			"scale": [1.5, 1.5, 1.5]
		},
		"fixed": {
			"rotation": [-90, 0, 0],
			"translation": [3, 4.25, -15.75],
			"scale": [2, 2, 2]
		}
	}
}