{
	"format_version": "1.9.0",
	"credit": "Made with Blockbench",
	"texture_size": [64, 64],
	"textures": {
		"0": "block/green_beanie_hat",
		"particle": "block/green_beanie_hat"
	},
	"elements": [
		{
			"from": [3.75, 4.25, 4],
			"to": [3.75, 7.25, 10],
			"rotation": {"angle": 0, "axis": "y", "origin": [2.75, 3, 3]},
			"faces": {
				"north": {"uv": [1, 7.5, 1, 8.25], "texture": "#0"},
				"east": {"uv": [1.5, 6.5, 0, 7.25], "texture": "#0"},
				"south": {"uv": [1.25, 7.5, 1.25, 8.25], "texture": "#0"},
				"west": {"uv": [0, 6.5, 1.5, 7.25], "texture": "#0"},
				"up": {"uv": [1.5, 9, 1.5, 7.5], "texture": "#0"},
				"down": {"uv": [7.75, 4, 7.75, 5.5], "texture": "#0"}
			}
		},
		{
			"from": [3.75, 7.25, 4],
			"to": [6.75, 7.25, 10],
			"rotation": {"angle": 0, "axis": "y", "origin": [2.75, 3, 3]},
			"faces": {
				"north": {"uv": [5.75, 7.75, 6.5, 7.75], "texture": "#0"},
				"east": {"uv": [6.75, 7.75, 8.25, 7.75], "texture": "#0"},
				"south": {"uv": [8, 4, 8.75, 4], "texture": "#0"},
				"west": {"uv": [8, 4.25, 9.5, 4.25], "texture": "#0"},
				"up": {"uv": [2.5, 8, 1.75, 6.5], "texture": "#0"},
				"down": {"uv": [2.5, 6.5, 1.75, 8], "texture": "#0"}
			}
		},
		{
			"from": [9.25, 7.25, 6],
			"to": [12.25, 7.25, 12],
			"rotation": {"angle": 0, "axis": "y", "origin": [13.25, 3, 5]},
			"faces": {
				"north": {"uv": [8, 4.5, 8.75, 4.5], "texture": "#0"},
				"east": {"uv": [8, 4.75, 9.5, 4.75], "texture": "#0"},
				"south": {"uv": [8, 5, 8.75, 5], "texture": "#0"},
				"west": {"uv": [8, 5.25, 9.5, 5.25], "texture": "#0"},
				"up": {"uv": [4.5, 8.25, 3.75, 6.75], "texture": "#0"},
				"down": {"uv": [4.5, 6.75, 3.75, 8.25], "texture": "#0"}
			}
		},
		{
			"from": [12.25, 4.25, 6],
			"to": [12.25, 7.25, 12],
			"rotation": {"angle": 0, "axis": "y", "origin": [13.25, 3, 5]},
			"faces": {
				"north": {"uv": [5.75, 8, 5.75, 8.75], "texture": "#0"},
				"east": {"uv": [5.75, 6.75, 7.25, 7.5], "texture": "#0"},
				"south": {"uv": [6, 8, 6, 8.75], "texture": "#0"},
				"west": {"uv": [7.25, 6.75, 5.75, 7.5], "texture": "#0"},
				"up": {"uv": [6.25, 9.5, 6.25, 8], "texture": "#0"},
				"down": {"uv": [6.5, 8, 6.5, 9.5], "texture": "#0"}
			}
		},
		{
			"from": [3, 0, 3],
			"to": [13, 3, 13],
			"rotation": {"angle": 0, "axis": "y", "origin": [3, 0, 4]},
			"faces": {
				"north": {"uv": [5, 3.75, 7.5, 4.5], "texture": "#0"},
				"east": {"uv": [5, 4.75, 7.5, 5.5], "texture": "#0"},
				"south": {"uv": [0, 5.5, 2.5, 6.25], "texture": "#0"},
				"west": {"uv": [2.75, 5.75, 5.25, 6.5], "texture": "#0"},
				"up": {"uv": [2.5, 2.5, 0, 0], "texture": "#0"},
				"down": {"uv": [2.5, 2.75, 0, 5.25], "texture": "#0"}
			}
		},
		{
			"from": [4, 3, 4],
			"to": [12, 7, 12],
			"rotation": {"angle": 0, "axis": "y", "origin": [3, 3, 4]},
			"faces": {
				"north": {"uv": [2.75, 4.5, 4.75, 5.5], "texture": "#0"},
				"east": {"uv": [5, 0, 7, 1], "texture": "#0"},
				"south": {"uv": [5, 1.25, 7, 2.25], "texture": "#0"},
				"west": {"uv": [5, 2.5, 7, 3.5], "texture": "#0"},
				"up": {"uv": [4.75, 2, 2.75, 0], "texture": "#0"},
				"down": {"uv": [4.75, 2.25, 2.75, 4.25], "texture": "#0"}
			}
		},
		{
			"from": [6.5, 7, 6.5],
			"to": [9.5, 10, 9.5],
			"rotation": {"angle": 0, "axis": "y", "origin": [3, 7, 4]},
			"faces": {
				"north": {"uv": [7.25, 1, 8, 1.75], "texture": "#0"},
				"east": {"uv": [7.25, 2, 8, 2.75], "texture": "#0"},
				"south": {"uv": [7.25, 5.75, 8, 6.5], "texture": "#0"},
				"west": {"uv": [0, 7.5, 0.75, 8.25], "texture": "#0"},
				"up": {"uv": [8.25, 7.5, 7.5, 6.75], "texture": "#0"},
				"down": {"uv": [8.5, 3, 7.75, 3.75], "texture": "#0"}
			}
		}
	],
	"gui_light": "front",
	"display": {
		"thirdperson_righthand": {
			"rotation": [11.75, 45, 0],
			"translation": [0, 3.75, -2.25],
			"scale": [0.8, 0.8, 0.8]
		},
		"thirdperson_lefthand": {
			"rotation": [11.75, 45, 0],
			"translation": [0, 3.75, -2.25],
			"scale": [0.8, 0.8, 0.8]
		},
		"firstperson_righthand": {
			"rotation": [0, 45, 0],
			"translation": [8, 0, -10.5]
		},
		"firstperson_lefthand": {
			"rotation": [0, 45, 0],
			"translation": [8, 0, -10.5]
		},
		"ground": {
			"translation": [0, 4, 0],
			"scale": [0.8, 0.8, 0.8]
		},
		"gui": {
			"rotation": [31, 45, 0],
			"translation": [0, 4, 0]
		},
		"head": {
			"rotation": [11.75, 0, 0],
			"translation": [0, 15.25, 2.75],
			"scale": [1.7, 1.7, 1.7]
		},
		"fixed": {
			"rotation": [-90, 0, 0],
			"translation": [0, 0, -16],
			"scale": [2, 2, 2]
		}
	},
	"groups": [
		{
			"name": "green_beanie_hat",
			"origin": [3, 6, 4],
			"color": 0,
			"children": [
				{
					"name": "leaves",
					"origin": [2.75, 3, 3],
					"color": 0,
					"children": [0, 1, 2, 3]
				},
				4,
				5,
				6
			]
		}
	]
}