{
	"format_version": "1.9.0",
	"credit": "Made with Blockbench",
	"texture_size": [128, 128],
	"textures": {
		"0": "block/maple_witch_hat",
		"particle": "block/maple_witch_hat"
	},
	"elements": [
		{
			"from": [2.5, 4.025, 4.75],
			"to": [2.5, 9.025, 9.75],
			"rotation": {"angle": -22.5, "axis": "x", "origin": [2.5, 6.525, 7.25]},
			"faces": {
				"north": {"uv": [5.875, 0.625, 5.875, 1.25], "texture": "#0"},
				"east": {"uv": [6.5, 6.5, 5.875, 7.125], "texture": "#0"},
				"south": {"uv": [0.875, 7.625, 0.875, 8.25], "texture": "#0"},
				"west": {"uv": [5.875, 6.5, 6.5, 7.125], "texture": "#0"},
				"up": {"uv": [1, 8.25, 1, 7.625], "texture": "#0"},
				"down": {"uv": [1.125, 7.625, 1.125, 8.25], "texture": "#0"}
			}
		},
		{
			"from": [5.75, 12.525, 15.25],
			"to": [5.75, 17.525, 20.25],
			"rotation": {"angle": 45, "axis": "x", "origin": [5.75, 15.025, 17.75]},
			"faces": {
				"north": {"uv": [5.875, 0.625, 5.875, 1.25], "texture": "#0"},
				"east": {"uv": [6.5, 6.5, 5.875, 7.125], "texture": "#0"},
				"south": {"uv": [0.875, 7.625, 0.875, 8.25], "texture": "#0"},
				"west": {"uv": [5.875, 6.5, 6.5, 7.125], "texture": "#0"},
				"up": {"uv": [1, 8.25, 1, 7.625], "texture": "#0"},
				"down": {"uv": [1.125, 7.625, 1.125, 8.25], "texture": "#0"}
			}
		},
		{
			"from": [13.5, 4.025, 6.25],
			"to": [13.5, 9.025, 11.25],
			"rotation": {"angle": 22.5, "axis": "x", "origin": [13.5, 6.525, 8.75]},
			"faces": {
				"north": {"uv": [1.25, 7.625, 1.25, 8.25], "texture": "#0"},
				"east": {"uv": [5.875, 6.5, 6.5, 7.125], "texture": "#0"},
				"south": {"uv": [1.375, 7.625, 1.375, 8.25], "texture": "#0"},
				"west": {"uv": [6.5, 6.5, 5.875, 7.125], "texture": "#0"},
				"up": {"uv": [1.5, 8.25, 1.5, 7.625], "texture": "#0"},
				"down": {"uv": [1.625, 7.625, 1.625, 8.25], "texture": "#0"}
			}
		},
		{
			"from": [3, 3.025, 3],
			"to": [13, 9.025, 13],
			"rotation": {"angle": 0, "axis": "y", "origin": [3, 4.025, 5]},
			"faces": {
				"north": {"uv": [4.625, 1.625, 5.875, 2.375], "texture": "#0"},
				"east": {"uv": [4.875, 2.5, 6.125, 3.25], "texture": "#0"},
				"south": {"uv": [4, 5.125, 5.25, 5.875], "texture": "#0"},
				"west": {"uv": [5.375, 5.125, 6.625, 5.875], "texture": "#0"},
				"up": {"uv": [3.375, 3.75, 2.125, 2.5], "texture": "#0"},
				"down": {"uv": [4.75, 2.5, 3.5, 3.75], "texture": "#0"}
			}
		},
		{
			"from": [2.75, 3.025, 2.75],
			"to": [2.75, 6.025, 13.25],
			"rotation": {"angle": 0, "axis": "y", "origin": [3, 4.025, 5]},
			"faces": {
				"north": {"uv": [2, 4.875, 2, 5.25], "texture": "#0"},
				"east": {"uv": [4.875, 3.375, 6.25, 3.75], "texture": "#0"},
				"south": {"uv": [2, 5.375, 2, 5.75], "texture": "#0"},
				"west": {"uv": [6, 1.875, 7.375, 2.25], "texture": "#0"},
				"up": {"uv": [0.625, 8.75, 0.625, 7.375], "texture": "#0"},
				"down": {"uv": [0.75, 7.625, 0.75, 9], "texture": "#0"}
			}
		},
		{
			"from": [13.25, 3.025, 2.75],
			"to": [13.25, 6.025, 13.25],
			"rotation": {"angle": 0, "axis": "y", "origin": [13, 4.025, 5]},
			"faces": {
				"north": {"uv": [0.75, 5.875, 0.75, 6.25], "texture": "#0"},
				"east": {"uv": [5.875, 6, 7.25, 6.375], "texture": "#0"},
				"south": {"uv": [0.875, 5.875, 0.875, 6.25], "texture": "#0"},
				"west": {"uv": [6.125, 3.875, 7.5, 4.25], "texture": "#0"},
				"up": {"uv": [1.75, 9, 1.75, 7.625], "texture": "#0"},
				"down": {"uv": [1.875, 7.625, 1.875, 9], "texture": "#0"}
			}
		},
		{
			"from": [2.75, 3.025, 2.75],
			"to": [13.25, 6.025, 2.75],
			"rotation": {"angle": 0, "axis": "y", "origin": [3, 4.025, 5]},
			"faces": {
				"north": {"uv": [6.125, 4.375, 7.5, 4.75], "texture": "#0"},
				"east": {"uv": [1, 5.875, 1, 6.25], "texture": "#0"},
				"south": {"uv": [6.25, 2.375, 7.625, 2.75], "texture": "#0"},
				"west": {"uv": [1.125, 5.875, 1.125, 6.25], "texture": "#0"},
				"up": {"uv": [8.75, 7.125, 7.375, 7.125], "texture": "#0"},
				"down": {"uv": [8.875, 5.5, 7.5, 5.5], "texture": "#0"}
			}
		},
		{
			"from": [2.75, 3.025, 13.25],
			"to": [13.25, 6.025, 13.25],
			"rotation": {"angle": 0, "axis": "y", "origin": [3, 4.025, 11]},
			"faces": {
				"north": {"uv": [6.25, 2.875, 7.625, 3.25], "texture": "#0"},
				"east": {"uv": [6.75, 0, 6.75, 0.375], "texture": "#0"},
				"south": {"uv": [6.375, 3.375, 7.75, 3.75], "texture": "#0"},
				"west": {"uv": [7.625, 3.875, 7.625, 4.25], "texture": "#0"},
				"up": {"uv": [9, 4.375, 7.625, 4.375], "texture": "#0"},
				"down": {"uv": [9, 4.5, 7.625, 4.5], "texture": "#0"}
			}
		},
		{
			"from": [5, 9.025, 4],
			"to": [11, 16.025, 13],
			"rotation": {"angle": 22.5, "axis": "x", "origin": [8, 9.025, 4]},
			"faces": {
				"north": {"uv": [4.125, 6, 4.875, 6.875], "texture": "#0"},
				"east": {"uv": [4.625, 0.625, 5.75, 1.5], "texture": "#0"},
				"south": {"uv": [5, 6, 5.75, 6.875], "texture": "#0"},
				"west": {"uv": [0, 4.875, 1.125, 5.75], "texture": "#0"},
				"up": {"uv": [6.75, 1.75, 6, 0.625], "texture": "#0"},
				"down": {"uv": [2.75, 6, 2, 7.125], "texture": "#0"}
			}
		},
		{
			"from": [6, 11.025, 12],
			"to": [10, 22.025, 17],
			"rotation": {"angle": 22.5, "axis": "x", "origin": [8, 9.025, 4]},
			"faces": {
				"north": {"uv": [2.875, 6, 3.375, 7.375], "texture": "#0"},
				"east": {"uv": [1.25, 4.875, 1.875, 6.25], "texture": "#0"},
				"south": {"uv": [3.5, 6, 4, 7.375], "texture": "#0"},
				"west": {"uv": [0, 5.875, 0.625, 7.25], "texture": "#0"},
				"up": {"uv": [7.375, 0.625, 6.875, 0], "texture": "#0"},
				"down": {"uv": [7.375, 0.75, 6.875, 1.375], "texture": "#0"}
			}
		},
		{
			"from": [6, 19.025, 8],
			"to": [10, 22.025, 12],
			"rotation": {"angle": 22.5, "axis": "x", "origin": [8, 9.025, 4]},
			"faces": {
				"north": {"uv": [0.75, 7.125, 1.25, 7.5], "texture": "#0"},
				"east": {"uv": [1.375, 7.125, 1.875, 7.5], "texture": "#0"},
				"south": {"uv": [2, 7.25, 2.5, 7.625], "texture": "#0"},
				"west": {"uv": [5.375, 7.25, 5.875, 7.625], "texture": "#0"},
				"up": {"uv": [4.625, 7.5, 4.125, 7], "texture": "#0"},
				"down": {"uv": [5.25, 7, 4.75, 7.5], "texture": "#0"}
			}
		},
		{
			"from": [8, 18.68662, 7.34355],
			"to": [8, 27.68662, 21.34355],
			"rotation": {"angle": -22.5, "axis": "x", "origin": [8, 23.18662, 15.34355]},
			"faces": {
				"north": {"uv": [4.125, 7.625, 4.125, 8.75], "texture": "#0"},
				"east": {"uv": [3.875, 1.25, 2.125, 2.375], "texture": "#0"},
				"south": {"uv": [4.25, 7.625, 4.25, 8.75], "texture": "#0"},
				"west": {"uv": [2.125, 1.25, 3.875, 2.375], "texture": "#0"},
				"up": {"uv": [4.375, 9.375, 4.375, 7.625], "texture": "#0"},
				"down": {"uv": [4.5, 7.625, 4.5, 9.375], "texture": "#0"}
			}
		},
		{
			"from": [0, 3, 0],
			"to": [16, 3, 16],
			"rotation": {"angle": 0, "axis": "y", "origin": [3, 3, 5]},
			"faces": {
				"north": {"uv": [7.625, 4.625, 9.625, 4.625], "texture": "#0"},
				"east": {"uv": [7.625, 4.75, 9.625, 4.75], "texture": "#0"},
				"south": {"uv": [7.75, 2.375, 9.75, 2.375], "texture": "#0"},
				"west": {"uv": [7.75, 2.5, 9.75, 2.5], "texture": "#0"},
				"up": {"uv": [2, 2, 0, 0], "texture": "#0"},
				"down": {"uv": [2, 2.125, 0, 4.125], "texture": "#0"}
			}
		},
		{
			"from": [-4, 3, 0],
			"to": [0, 3, 16],
			"rotation": {"angle": 45, "axis": "z", "origin": [0, 3, 8]},
			"faces": {
				"north": {"uv": [4, 2.125, 4.5, 2.125], "texture": "#0"},
				"east": {"uv": [7.75, 2.625, 9.75, 2.625], "texture": "#0"},
				"south": {"uv": [4, 2.25, 4.5, 2.25], "texture": "#0"},
				"west": {"uv": [7.75, 2.75, 9.75, 2.75], "texture": "#0"},
				"up": {"uv": [2.625, 5.875, 2.125, 3.875], "texture": "#0"},
				"down": {"uv": [3.25, 3.875, 2.75, 5.875], "texture": "#0"}
			}
		},
		{
			"from": [-4, 3, 0],
			"to": [0, 6, 0],
			"rotation": {"angle": 45, "axis": "z", "origin": [0, 3, 8]},
			"faces": {
				"north": {"uv": [6, 7.25, 6.5, 7.625], "texture": "#0"},
				"east": {"uv": [4.625, 7.625, 4.625, 8], "texture": "#0"},
				"south": {"uv": [6.625, 7.25, 7.125, 7.625], "texture": "#0"},
				"west": {"uv": [4.75, 7.625, 4.75, 8], "texture": "#0"},
				"up": {"uv": [4.5, 2.375, 4, 2.375], "texture": "#0"},
				"down": {"uv": [6.625, 4.875, 6.125, 4.875], "texture": "#0"}
			}
		},
		{
			"from": [-4, 3, 16],
			"to": [0, 6, 16],
			"rotation": {"angle": 45, "axis": "z", "origin": [0, 3, 8]},
			"faces": {
				"north": {"uv": [7.25, 7.25, 7.75, 7.625], "texture": "#0"},
				"east": {"uv": [4.875, 7.625, 4.875, 8], "texture": "#0"},
				"south": {"uv": [0, 7.375, 0.5, 7.75], "texture": "#0"},
				"west": {"uv": [5, 7.625, 5, 8], "texture": "#0"},
				"up": {"uv": [6.625, 5, 6.125, 5], "texture": "#0"},
				"down": {"uv": [7.25, 5.625, 6.75, 5.625], "texture": "#0"}
			}
		},
		{
			"from": [16, 3, 16],
			"to": [20, 6, 16],
			"rotation": {"angle": -45, "axis": "z", "origin": [16, 3, 8]},
			"faces": {
				"north": {"uv": [7.375, 5.625, 7.875, 6], "texture": "#0"},
				"east": {"uv": [5.125, 7.625, 5.125, 8], "texture": "#0"},
				"south": {"uv": [7.375, 6.125, 7.875, 6.5], "texture": "#0"},
				"west": {"uv": [5.25, 7.625, 5.25, 8], "texture": "#0"},
				"up": {"uv": [7.25, 5.75, 6.75, 5.75], "texture": "#0"},
				"down": {"uv": [7.25, 5.875, 6.75, 5.875], "texture": "#0"}
			}
		},
		{
			"from": [16, 3, 0],
			"to": [20, 6, 0],
			"rotation": {"angle": -45, "axis": "z", "origin": [16, 3, 8]},
			"faces": {
				"north": {"uv": [7.375, 6.625, 7.875, 7], "texture": "#0"},
				"east": {"uv": [2, 7.75, 2, 8.125], "texture": "#0"},
				"south": {"uv": [7.5, 0, 8, 0.375], "texture": "#0"},
				"west": {"uv": [2.125, 7.75, 2.125, 8.125], "texture": "#0"},
				"up": {"uv": [7.375, 1.5, 6.875, 1.5], "texture": "#0"},
				"down": {"uv": [7.375, 1.625, 6.875, 1.625], "texture": "#0"}
			}
		},
		{
			"from": [16, 3, 0],
			"to": [20, 3, 16],
			"rotation": {"angle": -45, "axis": "z", "origin": [16, 3, 8]},
			"faces": {
				"north": {"uv": [6.875, 1.75, 7.375, 1.75], "texture": "#0"},
				"east": {"uv": [7.75, 2.875, 9.75, 2.875], "texture": "#0"},
				"south": {"uv": [7.75, 3, 8.25, 3], "texture": "#0"},
				"west": {"uv": [7.75, 3.125, 9.75, 3.125], "texture": "#0"},
				"up": {"uv": [3.875, 5.875, 3.375, 3.875], "texture": "#0"},
				"down": {"uv": [4.5, 0, 4, 2], "texture": "#0"}
			}
		},
		{
			"from": [0, 3, 0],
			"to": [16, 7, 0],
			"rotation": {"angle": -22.5, "axis": "x", "origin": [8, 3, 0]},
			"faces": {
				"north": {"uv": [4, 3.875, 6, 4.375], "texture": "#0"},
				"east": {"uv": [2.25, 7.75, 2.25, 8.25], "texture": "#0"},
				"south": {"uv": [0, 4.25, 2, 4.75], "texture": "#0"},
				"west": {"uv": [2.375, 7.75, 2.375, 8.25], "texture": "#0"},
				"up": {"uv": [9.75, 3.25, 7.75, 3.25], "texture": "#0"},
				"down": {"uv": [9.75, 3.875, 7.75, 3.875], "texture": "#0"}
			}
		},
		{
			"from": [0, 3, -3],
			"to": [0, 7, 0],
			"rotation": {"angle": -22.5, "axis": "x", "origin": [8, 3, 0]},
			"faces": {
				"north": {"uv": [2.5, 7.75, 2.5, 8.25], "texture": "#0"},
				"east": {"uv": [1.5, 6.375, 1.875, 6.875], "texture": "#0"},
				"south": {"uv": [5.375, 7.75, 5.375, 8.25], "texture": "#0"},
				"west": {"uv": [7.5, 0.5, 7.875, 1], "texture": "#0"},
				"up": {"uv": [5.5, 8.125, 5.5, 7.75], "texture": "#0"},
				"down": {"uv": [5.625, 7.75, 5.625, 8.125], "texture": "#0"}
			}
		},
		{
			"from": [16, 3, -3],
			"to": [16, 7, 0],
			"rotation": {"angle": -22.5, "axis": "x", "origin": [8, 3, 0]},
			"faces": {
				"north": {"uv": [5.75, 7.75, 5.75, 8.25], "texture": "#0"},
				"east": {"uv": [7.5, 1.125, 7.875, 1.625], "texture": "#0"},
				"south": {"uv": [5.875, 7.75, 5.875, 8.25], "texture": "#0"},
				"west": {"uv": [7.5, 1.75, 7.875, 2.25], "texture": "#0"},
				"up": {"uv": [6, 8.125, 6, 7.75], "texture": "#0"},
				"down": {"uv": [6.125, 7.75, 6.125, 8.125], "texture": "#0"}
			}
		},
		{
			"from": [0, 3, 16],
			"to": [0, 7, 19],
			"rotation": {"angle": 22.5, "axis": "x", "origin": [8, 3, 16]},
			"faces": {
				"north": {"uv": [6.25, 7.75, 6.25, 8.25], "texture": "#0"},
				"east": {"uv": [2.625, 7.5, 3, 8], "texture": "#0"},
				"south": {"uv": [6.375, 7.75, 6.375, 8.25], "texture": "#0"},
				"west": {"uv": [3.125, 7.5, 3.5, 8], "texture": "#0"},
				"up": {"uv": [6.5, 8.125, 6.5, 7.75], "texture": "#0"},
				"down": {"uv": [6.625, 7.75, 6.625, 8.125], "texture": "#0"}
			}
		},
		{
			"from": [16, 3, 16],
			"to": [16, 7, 19],
			"rotation": {"angle": 22.5, "axis": "x", "origin": [8, 3, 16]},
			"faces": {
				"north": {"uv": [6.75, 7.75, 6.75, 8.25], "texture": "#0"},
				"east": {"uv": [3.625, 7.5, 4, 8], "texture": "#0"},
				"south": {"uv": [6.875, 7.75, 6.875, 8.25], "texture": "#0"},
				"west": {"uv": [7.5, 4.875, 7.875, 5.375], "texture": "#0"},
				"up": {"uv": [7, 8.125, 7, 7.75], "texture": "#0"},
				"down": {"uv": [7.125, 7.75, 7.125, 8.125], "texture": "#0"}
			}
		},
		{
			"from": [0, 3, 16],
			"to": [16, 7, 16],
			"rotation": {"angle": 22.5, "axis": "x", "origin": [8, 3, 16]},
			"faces": {
				"north": {"uv": [4, 4.5, 6, 5], "texture": "#0"},
				"east": {"uv": [7.25, 7.75, 7.25, 8.25], "texture": "#0"},
				"south": {"uv": [4.625, 0, 6.625, 0.5], "texture": "#0"},
				"west": {"uv": [7.375, 7.75, 7.375, 8.25], "texture": "#0"},
				"up": {"uv": [9.75, 4, 7.75, 4], "texture": "#0"},
				"down": {"uv": [9.75, 4.125, 7.75, 4.125], "texture": "#0"}
			}
		}
	],
	"gui_light": "front",
	"display": {
		"thirdperson_righthand": {
			"rotation": [22.5, 46, 0],
			"translation": [-0.5, 4.5, -5.5],
			"scale": [0.8, 0.8, 0.8]
		},
		"thirdperson_lefthand": {
			"rotation": [22.5, 46, 0],
			"translation": [-0.5, 4.5, -5.5],
			"scale": [0.8, 0.8, 0.8]
		},
		"firstperson_righthand": {
			"rotation": [0, 22.5, 0],
			"translation": [9.75, 0, -15.25]
		},
		"firstperson_lefthand": {
			"rotation": [0, 22.5, 0],
			"translation": [9.75, 0, -15.25]
		},
		"ground": {
			"translation": [0, 5, 0],
			"scale": [0.8, 0.8, 0.8]
		},
		"gui": {
			"rotation": [22.5, 137, 0],
			"translation": [0, -1.5, 0],
			"scale": [0.51, 0.51, 0.51]
		},
		"head": {
			"translation": [0, 11.25, 0],
			"scale": [1.6, 1.6, 1.6]
		},
		"fixed": {
			"rotation": [-90, 0, 0],
			"translation": [0, 0, -15.75],
			"scale": [2, 2, 2]
		}
	},
	"groups": [
		{
			"name": "maple_witch_hat",
			"origin": [3, 8.025, 5],
			"color": 0,
			"children": [
				{
					"name": "leaves",
					"origin": [2.5, 10.525, 7.25],
					"color": 0,
					"children": [0, 1, 2]
				},
				3,
				4,
				5,
				6,
				7,
				8,
				9,
				10,
				11,
				12,
				13,
				14,
				15,
				16,
				17,
				18,
				19,
				20,
				21,
				22,
				23,
				24
			]
		}
	]
}