{
	"credit": "Made with Blockbench",
	"texture_size": [32, 32],
	"textures": {
		"0": "block/panda_hat",
		"particle": "block/panda_hat"
	},
	"elements": [
		{
			"from": [4, 0, 4],
			"to": [12, 5, 12],
			"rotation": {"angle": 0, "axis": "y", "origin": [4, 0, 12]},
			"faces": {
				"north": {"uv": [8, 5, 4, 7.5], "texture": "#0", "tintindex": 0},
				"east": {"uv": [8, 2.5, 4, 5], "texture": "#0", "tintindex": 0},
				"south": {"uv": [8, 0, 4, 2.5], "texture": "#0", "tintindex": 0},
				"west": {"uv": [4, 2.5, 8, 5], "texture": "#0", "tintindex": 0},
				"up": {"uv": [4, 0, 0, 4], "texture": "#0", "tintindex": 0},
				"down": {"uv": [4, 8, 0, 4], "texture": "#0", "tintindex": 0}
			}
		},
		{
			"from": [5, 2, 3.99],
			"to": [7, 3, 3.99],
			"rotation": {"angle": 0, "axis": "y", "origin": [4, 0, 12]},
			"faces": {
				"north": {"uv": [6.5, 11.5, 5.5, 12], "texture": "#0"},
				"east": {"uv": [8, 2.5, 4, 5], "texture": "#0"},
				"south": {"uv": [8, 0, 4, 2.5], "texture": "#0"},
				"west": {"uv": [4, 2.5, 8, 5], "texture": "#0"},
				"up": {"uv": [4, 0, 0, 4], "texture": "#0"},
				"down": {"uv": [4, 8, 0, 4], "texture": "#0"}
			}
		},
		{
			"from": [9, 2, 3.99],
			"to": [11, 3, 3.99],
			"rotation": {"angle": 0, "axis": "y", "origin": [12, 0, 12]},
			"faces": {
				"north": {"uv": [5.5, 11.5, 6.5, 12], "texture": "#0"},
				"east": {"uv": [8, 2.5, 4, 5], "texture": "#0"},
				"south": {"uv": [4, 0, 8, 2.5], "texture": "#0"},
				"west": {"uv": [4, 2.5, 8, 5], "texture": "#0"},
				"up": {"uv": [0, 0, 4, 4], "texture": "#0"},
				"down": {"uv": [0, 8, 4, 4], "texture": "#0"}
			}
		},
		{
			"from": [6, 0, 2],
			"to": [10, 2, 4],
			"rotation": {"angle": 0, "axis": "y", "origin": [4, 0, 12]},
			"faces": {
				"north": {"uv": [10, 0, 8, 1.5], "texture": "#0", "tintindex": 0},
				"east": {"uv": [9, 5, 8, 6.5], "texture": "#0", "tintindex": 0},
				"south": {"uv": [2, 8, 0, 9.5], "texture": "#0", "tintindex": 0},
				"west": {"uv": [9, 6.5, 8, 8], "texture": "#0", "tintindex": 0},
				"up": {"uv": [10, 3, 8, 4], "texture": "#0", "tintindex": 0},
				"down": {"uv": [10, 5, 8, 4], "texture": "#0", "tintindex": 0}
			}
		},
		{
			"from": [3.4, 3.3, 10.1],
			"to": [6.4, 6.3, 12.1],
			"rotation": {"angle": 0, "axis": "y", "origin": [12, 0, 12]},
			"faces": {
				"north": {"uv": [2, 8, 3.5, 9.5], "texture": "#0", "tintindex": 0},
				"east": {"uv": [9, 5, 10, 6.5], "texture": "#0", "tintindex": 0},
				"south": {"uv": [8, 1.5, 9.5, 3], "texture": "#0", "tintindex": 0},
				"west": {"uv": [8, 8, 9, 9.5], "texture": "#0", "tintindex": 0},
				"up": {"uv": [9, 6.5, 10.5, 7.5], "texture": "#0", "tintindex": 0},
				"down": {"uv": [9, 8.5, 10.5, 7.5], "texture": "#0", "tintindex": 0}
			}
		},
		{
			"from": [9.6, 3.3, 10.1],
			"to": [12.6, 6.3, 12.1],
			"rotation": {"angle": 0, "axis": "y", "origin": [4, 0, 12]},
			"faces": {
				"north": {"uv": [3.5, 8, 2, 9.5], "texture": "#0", "tintindex": 0},
				"east": {"uv": [9, 8, 8, 9.5], "texture": "#0", "tintindex": 0},
				"south": {"uv": [9.5, 1.5, 8, 3], "texture": "#0", "tintindex": 0},
				"west": {"uv": [10, 5, 9, 6.5], "texture": "#0", "tintindex": 0},
				"up": {"uv": [10.5, 6.5, 9, 7.5], "texture": "#0", "tintindex": 0},
				"down": {"uv": [10.5, 8.5, 9, 7.5], "texture": "#0", "tintindex": 0}
			}
		}
	],
	"display": {
		"thirdperson_righthand": {
			"rotation": [75, 45, 0],
			"translation": [0, 2.5, 1.5],
			"scale": [0.375, 0.375, 0.375]
		},
		"thirdperson_lefthand": {
			"rotation": [75, 45, 0],
			"translation": [0, 2.5, 1.5],
			"scale": [0.375, 0.375, 0.375]
		},
		"firstperson_righthand": {
			"rotation": [180, 67.75, 180],
			"translation": [1.25, 3.75, 0],
			"scale": [0.4, 0.4, 0.4]
		},
		"firstperson_lefthand": {
			"rotation": [180, 67.75, 180],
			"translation": [1.25, 3.75, 0],
			"scale": [0.4, 0.4, 0.4]
		},
		"ground": {
			"translation": [0, 5.75, 0],
			"scale": [0.81641, 0.81641, 0.81641]
		},
		"gui": {
			"rotation": [30, 225, 0],
			"translation": [0, 4.5, 0],
			"scale": [1.11523, 1.11523, 1.11523]
		},
		"head": {
			"translation": [0, 16, 0],
			"scale": [1.93359, 1.93359, 1.93359]
		},
		"fixed": {
			"rotation": [-90, 0, 0],
			"translation": [0, 0, -15.5],
			"scale": [1.92383, 1.92383, 1.92383]
		}
	}
}