{
	"format_version": "1.21.6",
	"credit": "Made with Blockbench",
	"texture_size": [64, 64],
	"textures": {
		"0": "block/polar_bear_hat_texture",
		"particle": "block/polar_bear_hat_texture"
	},
	"elements": [
		{
			"from": [11, 1, 6],
			"to": [14, 7, 10],
			"rotation": {"angle": 22.5, "axis": "z", "origin": [13, 6, 8]},
			"faces": {
				"north": {"uv": [7, 6.75, 7.75, 8.25], "texture": "#0"},
				"east": {"uv": [5.5, 3, 6.5, 4.5], "texture": "#0"},
				"south": {"uv": [7.25, 0, 8, 1.5], "texture": "#0"},
				"west": {"uv": [5.5, 4.75, 6.5, 6.25], "texture": "#0"},
				"up": {"uv": [9.25, 3.75, 8.5, 2.75], "texture": "#0"},
				"down": {"uv": [9.25, 5.5, 8.5, 6.5], "texture": "#0"}
			}
		},
		{
			"from": [2, 1, 6],
			"to": [5, 7, 10],
			"rotation": {"angle": -22.5, "axis": "z", "origin": [3, 6, 8]},
			"faces": {
				"north": {"uv": [0, 7.5, 0.75, 9], "texture": "#0"},
				"east": {"uv": [2.75, 6, 3.75, 7.5], "texture": "#0"},
				"south": {"uv": [1, 7.5, 1.75, 9], "texture": "#0"},
				"west": {"uv": [4, 6, 5, 7.5], "texture": "#0"},
				"up": {"uv": [7.5, 9.5, 6.75, 8.5], "texture": "#0"},
				"down": {"uv": [2.75, 8.75, 2, 9.75], "texture": "#0"}
			}
		},
		{
			"from": [3.5, -1, 5],
			"to": [3.5, 2, 11],
			"rotation": {"angle": -22.5, "axis": "z", "origin": [3, 6, 8]},
			"faces": {
				"north": {"uv": [6.75, 5.5, 6.75, 6.25], "texture": "#0"},
				"east": {"uv": [7.25, 1.75, 8.75, 2.5], "texture": "#0"},
				"south": {"uv": [6, 9, 6, 9.75], "texture": "#0"},
				"west": {"uv": [2, 7.75, 3.5, 8.5], "texture": "#0"},
				"up": {"uv": [6.25, 10.5, 6.25, 9], "texture": "#0"},
				"down": {"uv": [6.5, 9, 6.5, 10.5], "texture": "#0"}
			}
		},
		{
			"from": [12.5, -1, 5],
			"to": [12.5, 2, 11],
			"rotation": {"angle": 22.5, "axis": "z", "origin": [13, 6, 8]},
			"faces": {
				"north": {"uv": [0, 9.25, 0, 10], "texture": "#0"},
				"east": {"uv": [3.75, 7.75, 5.25, 8.5], "texture": "#0"},
				"south": {"uv": [0.25, 9.25, 0.25, 10], "texture": "#0"},
				"west": {"uv": [8, 6.75, 9.5, 7.5], "texture": "#0"},
				"up": {"uv": [0.5, 10.75, 0.5, 9.25], "texture": "#0"},
				"down": {"uv": [0.75, 9.25, 0.75, 10.75], "texture": "#0"}
			}
		},
		{
			"from": [12.47487, 10.97487, 8],
			"to": [16.47487, 14.97487, 10],
			"rotation": {"angle": -45, "axis": "z", "origin": [12.47487, 14.47487, 9]},
			"faces": {
				"north": {"uv": [5.5, 7.75, 6.5, 8.75], "texture": "#0"},
				"east": {"uv": [3, 8.75, 3.5, 9.75], "texture": "#0"},
				"south": {"uv": [8, 7.75, 9, 8.75], "texture": "#0"},
				"west": {"uv": [3.75, 8.75, 4.25, 9.75], "texture": "#0"},
				"up": {"uv": [10, 1.75, 9, 1.25], "texture": "#0"},
				"down": {"uv": [10, 2, 9, 2.5], "texture": "#0"}
			}
		},
		{
			"from": [-0.47487, 10.97487, 8],
			"to": [3.52513, 14.97487, 10],
			"rotation": {"angle": 45, "axis": "z", "origin": [3.52513, 14.47487, 9]},
			"faces": {
				"north": {"uv": [8.25, 0, 9.25, 1], "texture": "#0"},
				"east": {"uv": [4.5, 8.75, 5, 9.75], "texture": "#0"},
				"south": {"uv": [8.25, 4.25, 9.25, 5.25], "texture": "#0"},
				"west": {"uv": [5.25, 9, 5.75, 10], "texture": "#0"},
				"up": {"uv": [8.75, 9.5, 7.75, 9], "texture": "#0"},
				"down": {"uv": [10, 9, 9, 9.5], "texture": "#0"}
			}
		},
		{
			"from": [3, 5, 3],
			"to": [13, 12, 13],
			"rotation": {"angle": 0, "axis": "y", "origin": [3, 5, 3]},
			"faces": {
				"north": {"uv": [2.75, 0, 5.25, 1.75], "texture": "#0"},
				"east": {"uv": [2.75, 2, 5.25, 3.75], "texture": "#0"},
				"south": {"uv": [2.75, 4, 5.25, 5.75], "texture": "#0"},
				"west": {"uv": [0, 5.5, 2.5, 7.25], "texture": "#0"},
				"up": {"uv": [2.5, 2.5, 0, 0], "texture": "#0"},
				"down": {"uv": [2.5, 2.75, 0, 5.25], "texture": "#0"}
			}
		},
		{
			"from": [5, 5, -2],
			"to": [11, 9, 3],
			"rotation": {"angle": 0, "axis": "y", "origin": [3, 5, -7]},
			"faces": {
				"north": {"uv": [5.25, 6.5, 6.75, 7.5], "texture": "#0"},
				"east": {"uv": [6.75, 4.25, 8, 5.25], "texture": "#0"},
				"south": {"uv": [6.75, 3, 8.25, 4], "texture": "#0"},
				"west": {"uv": [7, 5.5, 8.25, 6.5], "texture": "#0"},
				"up": {"uv": [7, 1.25, 5.5, 0], "texture": "#0"},
				"down": {"uv": [7, 1.5, 5.5, 2.75], "texture": "#0"}
			}
		}
	],
	"gui_light": "front",
	"display": {
		"thirdperson_righthand": {
			"rotation": [25, 0, 0],
			"translation": [0, 0, -1.5],
			"scale": [0.8, 0.8, 0.8]
		},
		"thirdperson_lefthand": {
			"rotation": [25, 0, 0],
			"translation": [0, 0, -1.5],
			"scale": [0.8, 0.8, 0.8]
		},
		"firstperson_righthand": {
			"rotation": [-170.52, 43.35, 176.23],
			"translation": [1.5, 2.5, -1.75],
			"scale": [0.7, 0.7, 0.7]
		},
		"firstperson_lefthand": {
			"rotation": [-170.52, 43.35, 176.23],
			"translation": [1.5, 2.5, -1.75],
			"scale": [0.7, 0.7, 0.7]
		},
		"ground": {
			"translation": [0, 5, 0],
			"scale": [0.8, 0.8, 0.8]
		},
		"gui": {
			"rotation": [20, 164, 0],
			"translation": [0, 0.5, 0],
			"scale": [0.8, 0.8, 0.8]
		},
		"head": {
			"translation": [0, 6.25, 0],
			"scale": [1.6, 1.6, 1.6]
		},
		"fixed": {
			"rotation": [-90, 0, 0],
			"translation": [0, 3, -17.25],
			"scale": [2, 2, 2]
		}
	},
	"groups": [
		{
			"name": "polar_bear_hat",
			"origin": [3, 5, -7],
			"color": 0,
			"children": [
				{
					"name": "arms",
					"origin": [3, 6, 8],
					"color": 0,
					"children": [0, 1]
				},
				{
					"name": "claws",
					"origin": [13, 6, 8],
					"color": 0,
					"children": [2, 3]
				},
				{
					"name": "ears",
					"origin": [3.52513, 14.47487, 9],
					"color": 0,
					"children": [4, 5]
				},
				{
					"name": "head",
					"origin": [3, 5, -7],
					"color": 0,
					"children": [6, 7]
				}
			]
		}
	]
}