{
	"format_version": "1.9.0",
	"credit": "Made with Blockbench",
	"texture_size": [64, 64],
	"textures": {
		"0": "block/pumpkin_spice_latte_hat",
		"particle": "block/pumpkin_spice_latte_hat"
	},
	"elements": [
		{
			"from": [4, 12.75, 8],
			"to": [8, 12.75, 12],
			"rotation": {"angle": 0, "axis": "y", "origin": [-1, 12.75, 8]},
			"faces": {
				"north": {"uv": [9.75, 12.25, 10.75, 12.25], "texture": "#0"},
				"east": {"uv": [12.25, 9.75, 13.25, 9.75], "texture": "#0"},
				"south": {"uv": [12.25, 10, 13.25, 10], "texture": "#0"},
				"west": {"uv": [12.25, 10.25, 13.25, 10.25], "texture": "#0"},
				"up": {"uv": [3.5, 11.5, 2.5, 10.5], "texture": "#0"},
				"down": {"uv": [3.5, 10.5, 2.5, 11.5], "texture": "#0"}
			}
		},
		{
			"from": [8, 10.75, 4],
			"to": [12, 10.75, 8],
			"rotation": {"angle": 0, "axis": "y", "origin": [3, 10.75, 4]},
			"faces": {
				"north": {"uv": [6.75, 12.25, 7.75, 12.25], "texture": "#0"},
				"east": {"uv": [8.5, 12.25, 9.5, 12.25], "texture": "#0"},
				"south": {"uv": [12.25, 9.25, 13.25, 9.25], "texture": "#0"},
				"west": {"uv": [12.25, 9.5, 13.25, 9.5], "texture": "#0"},
				"up": {"uv": [1, 11.25, 0, 10.25], "texture": "#0"},
				"down": {"uv": [1, 10.25, 0, 11.25], "texture": "#0"}
			}
		},
		{
			"from": [8, 11.75, 8],
			"to": [12, 11.75, 12],
			"rotation": {"angle": 0, "axis": "y", "origin": [3, 11.75, 8]},
			"faces": {
				"north": {"uv": [12, 5.5, 13, 5.5], "texture": "#0"},
				"east": {"uv": [12, 5.75, 13, 5.75], "texture": "#0"},
				"south": {"uv": [12, 6, 13, 6], "texture": "#0"},
				"west": {"uv": [0.25, 12.25, 1.25, 12.25], "texture": "#0"},
				"up": {"uv": [10.75, 10.25, 9.75, 9.25], "texture": "#0"},
				"down": {"uv": [10.75, 9.25, 9.75, 10.25], "texture": "#0"}
			}
		},
		{
			"from": [4, 11.75, 4],
			"to": [8, 11.75, 8],
			"rotation": {"angle": 0, "axis": "y", "origin": [-1, 11.75, 4]},
			"faces": {
				"north": {"uv": [12, 0, 13, 0], "texture": "#0"},
				"east": {"uv": [12, 0.25, 13, 0.25], "texture": "#0"},
				"south": {"uv": [12, 0.5, 13, 0.5], "texture": "#0"},
				"west": {"uv": [12, 0.75, 13, 0.75], "texture": "#0"},
				"up": {"uv": [10.5, 4.75, 9.5, 3.75], "texture": "#0"},
				"down": {"uv": [10.5, 3.75, 9.5, 4.75], "texture": "#0"}
			}
		},
		{
			"from": [1.75, 5.75, 4],
			"to": [1.75, 9.75, 12],
			"rotation": {"angle": 0, "axis": "y", "origin": [1.75, 9.75, 8]},
			"faces": {
				"north": {"uv": [4.75, 11.75, 4.75, 12.75], "texture": "#0"},
				"east": {"uv": [2, 6.5, 0, 7.5], "texture": "#0"},
				"south": {"uv": [8, 11.75, 8, 12.75], "texture": "#0"},
				"west": {"uv": [0, 6.5, 2, 7.5], "texture": "#0"},
				"up": {"uv": [8.25, 13.75, 8.25, 11.75], "texture": "#0"},
				"down": {"uv": [0, 12.25, 0, 14.25], "texture": "#0"}
			}
		},
		{
			"from": [1.75, 9.75, 4],
			"to": [4, 9.75, 12],
			"rotation": {"angle": 0, "axis": "y", "origin": [4, 4.25, -6]},
			"faces": {
				"north": {"uv": [2.25, 7.25, 2.75, 7.25], "texture": "#0"},
				"east": {"uv": [11.75, 7.25, 13.75, 7.25], "texture": "#0"},
				"south": {"uv": [11.75, 7.5, 12.25, 7.5], "texture": "#0"},
				"west": {"uv": [11.75, 7.75, 13.75, 7.75], "texture": "#0"},
				"up": {"uv": [3.75, 10.25, 3.25, 8.25], "texture": "#0"},
				"down": {"uv": [3.75, 8.25, 3.25, 10.25], "texture": "#0"}
			}
		},
		{
			"from": [3, 0.5, 3],
			"to": [13, 7.5, 13],
			"rotation": {"angle": 0, "axis": "y", "origin": [4, 3, 4]},
			"faces": {
				"north": {"uv": [3.25, 5.5, 5.75, 7.25], "texture": "#0"},
				"east": {"uv": [6, 0, 8.5, 1.75], "texture": "#0"},
				"south": {"uv": [6, 2, 8.5, 3.75], "texture": "#0"},
				"west": {"uv": [6, 4, 8.5, 5.75], "texture": "#0"},
				"up": {"uv": [5.75, 2.5, 3.25, 0], "texture": "#0"},
				"down": {"uv": [5.75, 2.75, 3.25, 5.25], "texture": "#0"}
			}
		},
		{
			"from": [2, 7.5, 2],
			"to": [14, 9.5, 14],
			"rotation": {"angle": 0, "axis": "y", "origin": [4, 4, -6]},
			"faces": {
				"north": {"uv": [6, 7.25, 9, 7.75], "texture": "#0"},
				"east": {"uv": [2.25, 7.5, 5.25, 8], "texture": "#0"},
				"south": {"uv": [5.5, 8, 8.5, 8.5], "texture": "#0"},
				"west": {"uv": [0, 8.25, 3, 8.75], "texture": "#0"},
				"up": {"uv": [3, 3, 0, 0], "texture": "#0"},
				"down": {"uv": [3, 3.25, 0, 6.25], "texture": "#0"}
			}
		},
		{
			"from": [6, 8.5, 6],
			"to": [8, 16.5, 7],
			"rotation": {"angle": 22.5, "axis": "z", "origin": [7, 12.5, 6.5]},
			"faces": {
				"north": {"uv": [4.75, 8.25, 5.25, 10.25], "texture": "#0"},
				"east": {"uv": [5, 10.5, 5.25, 12.5], "texture": "#0"},
				"south": {"uv": [8.75, 0, 9.25, 2], "texture": "#0"},
				"west": {"uv": [10.75, 1, 11, 3], "texture": "#0"},
				"up": {"uv": [1.75, 8, 1.25, 7.75], "texture": "#0"},
				"down": {"uv": [8.75, 6.75, 8.25, 7], "texture": "#0"}
			}
		},
		{
			"from": [9, 7.5, 5.5],
			"to": [11, 15.5, 7.5],
			"rotation": {"angle": -22.5, "axis": "x", "origin": [10, 11.5, 6]},
			"faces": {
				"north": {"uv": [8.75, 2.25, 9.25, 4.25], "texture": "#0"},
				"east": {"uv": [8.75, 4.5, 9.25, 6.5], "texture": "#0"},
				"south": {"uv": [5.5, 8.75, 6, 10.75], "texture": "#0"},
				"west": {"uv": [6.25, 8.75, 6.75, 10.75], "texture": "#0"},
				"up": {"uv": [2.75, 7, 2.25, 6.5], "texture": "#0"},
				"down": {"uv": [3, 9, 2.5, 9.5], "texture": "#0"}
			}
		},
		{
			"from": [8, 7.5, 10],
			"to": [10, 15.5, 11],
			"rotation": {"angle": -45, "axis": "z", "origin": [9, 11.5, 10.5]},
			"faces": {
				"north": {"uv": [7, 8.75, 7.5, 10.75], "texture": "#0"},
				"east": {"uv": [10.75, 3.25, 11, 5.25], "texture": "#0"},
				"south": {"uv": [7.75, 8.75, 8.25, 10.75], "texture": "#0"},
				"west": {"uv": [5.5, 11, 5.75, 13], "texture": "#0"},
				"up": {"uv": [10, 6.5, 9.5, 6.25], "texture": "#0"},
				"down": {"uv": [12.25, 6.75, 11.75, 7], "texture": "#0"}
			}
		},
		{
			"from": [13, 5.5, 7],
			"to": [17, 7.5, 9],
			"rotation": {"angle": 0, "axis": "y", "origin": [14, 2.5, 4]},
			"faces": {
				"north": {"uv": [10.5, 7.25, 11.5, 7.75], "texture": "#0"},
				"east": {"uv": [2.5, 9.75, 3, 10.25], "texture": "#0"},
				"south": {"uv": [10.75, 5.5, 11.75, 6], "texture": "#0"},
				"west": {"uv": [8.5, 11.5, 9, 12], "texture": "#0"},
				"up": {"uv": [7, 11.5, 6, 11], "texture": "#0"},
				"down": {"uv": [8.25, 11, 7.25, 11.5], "texture": "#0"}
			}
		},
		{
			"from": [13, 1.5, 7],
			"to": [17, 3.5, 9],
			"rotation": {"angle": 0, "axis": "y", "origin": [14, -1.5, 4]},
			"faces": {
				"north": {"uv": [11, 9.25, 12, 9.75], "texture": "#0"},
				"east": {"uv": [9.25, 11.5, 9.75, 12], "texture": "#0"},
				"south": {"uv": [11, 10, 12, 10.5], "texture": "#0"},
				"west": {"uv": [10, 11.5, 10.5, 12], "texture": "#0"},
				"up": {"uv": [12, 11.25, 11, 10.75], "texture": "#0"},
				"down": {"uv": [12.25, 1, 11.25, 1.5], "texture": "#0"}
			}
		},
		{
			"from": [15, 3.5, 7],
			"to": [17, 5.5, 9],
			"rotation": {"angle": 0, "axis": "y", "origin": [13, 1, 4]},
			"faces": {
				"north": {"uv": [10.75, 11.5, 11.25, 12], "texture": "#0"},
				"east": {"uv": [11.5, 11.5, 12, 12], "texture": "#0"},
				"south": {"uv": [2.5, 11.75, 3, 12.25], "texture": "#0"},
				"west": {"uv": [3.25, 11.75, 3.75, 12.25], "texture": "#0"},
				"up": {"uv": [4.5, 12.25, 4, 11.75], "texture": "#0"},
				"down": {"uv": [6.5, 11.75, 6, 12.25], "texture": "#0"}
			}
		},
		{
			"from": [8, 9.5, 8],
			"to": [12, 11.5, 12],
			"rotation": {"angle": 0, "axis": "y", "origin": [4, 11.5, 4]},
			"faces": {
				"north": {"uv": [11.25, 1.75, 12.25, 2.25], "texture": "#0"},
				"east": {"uv": [11.25, 2.5, 12.25, 3], "texture": "#0"},
				"south": {"uv": [11.25, 3.25, 12.25, 3.75], "texture": "#0"},
				"west": {"uv": [11.25, 4, 12.25, 4.5], "texture": "#0"},
				"up": {"uv": [9.75, 9, 8.75, 8], "texture": "#0"},
				"down": {"uv": [1, 9, 0, 10], "texture": "#0"}
			}
		},
		{
			"from": [8, 9.5, 4],
			"to": [12, 10.5, 8],
			"rotation": {"angle": 0, "axis": "y", "origin": [4, 11.5, 0]},
			"faces": {
				"north": {"uv": [0, 7.75, 1, 8], "texture": "#0"},
				"east": {"uv": [11.25, 8.75, 12.25, 9], "texture": "#0"},
				"south": {"uv": [11.75, 6.25, 12.75, 6.5], "texture": "#0"},
				"west": {"uv": [6.75, 11.75, 7.75, 12], "texture": "#0"},
				"up": {"uv": [2.25, 10, 1.25, 9], "texture": "#0"},
				"down": {"uv": [10.25, 6.75, 9.25, 7.75], "texture": "#0"}
			}
		},
		{
			"from": [4, 9.5, 8],
			"to": [8, 12.5, 12],
			"rotation": {"angle": 0, "axis": "y", "origin": [0, 11.5, 4]},
			"faces": {
				"north": {"uv": [10.5, 6.25, 11.5, 7], "texture": "#0"},
				"east": {"uv": [8.5, 10.5, 9.5, 11.25], "texture": "#0"},
				"south": {"uv": [9.75, 10.5, 10.75, 11.25], "texture": "#0"},
				"west": {"uv": [10.75, 0, 11.75, 0.75], "texture": "#0"},
				"up": {"uv": [9.5, 10.25, 8.5, 9.25], "texture": "#0"},
				"down": {"uv": [10.5, 0, 9.5, 1], "texture": "#0"}
			}
		},
		{
			"from": [4, 9.5, 4],
			"to": [8, 11.5, 8],
			"rotation": {"angle": 0, "axis": "y", "origin": [-1, 11.5, 4]},
			"faces": {
				"north": {"uv": [11.25, 4.75, 12.25, 5.25], "texture": "#0"},
				"east": {"uv": [11.25, 8, 12.25, 8.5], "texture": "#0"},
				"south": {"uv": [0, 11.5, 1, 12], "texture": "#0"},
				"west": {"uv": [1.25, 11.5, 2.25, 12], "texture": "#0"},
				"up": {"uv": [10.5, 2.25, 9.5, 1.25], "texture": "#0"},
				"down": {"uv": [10.5, 2.5, 9.5, 3.5], "texture": "#0"}
			}
		}
	],
	"gui_light": "front",
	"display": {
		"thirdperson_righthand": {
			"rotation": [0, -90, 0],
			"translation": [0, 1.25, -6.25],
			"scale": [0.8, 0.8, 0.8]
		},
		"thirdperson_lefthand": {
			"rotation": [0, 90, 0],
			"translation": [0, 1.25, -6.25],
			"scale": [0.8, 0.8, 0.8]
		},
		"firstperson_righthand": {
			"rotation": [0, -90, 0],
			"translation": [12.75, -3.25, -14.5]
		},
		"firstperson_lefthand": {
			"rotation": [0, 90, 0],
			"translation": [12.75, -3.25, -14.5]
		},
		"ground": {
			"translation": [0, 4, 0],
			"scale": [0.8, 0.8, 0.8]
		},
		"gui": {
			"rotation": [31, 137, 0],
			"translation": [0, 0.75, 0],
			"scale": [0.85, 0.85, 0.85]
		},
		"head": {
			"rotation": [0, 0, 11.75],
			"translation": [-2.5, 16, 0],
			"scale": [1.6, 1.6, 1.6]
		},
		"fixed": {
			"rotation": [-90, 0, 0],
			"translation": [0, 0, -15],
			"scale": [2, 2, 2]
		}
	},
	"groups": [
		{
			"name": "pumpkin_spice_latte_hat",
			"origin": [4, 7, 4],
			"color": 0,
			"children": [
				{
					"name": "spices",
					"origin": [-1, 16.75, 8],
					"color": 0,
					"children": [0, 1, 2, 3]
				},
				{
					"name": "latte_drip",
					"origin": [1.75, 13.75, 8],
					"color": 0,
					"children": [4, 5]
				},
				6,
				7,
				8,
				9,
				10,
				11,
				12,
				13,
				14,
				15,
				16,
				17
			]
		}
	]
}