{
	"format_version": "1.21.6",
	"credit": "Made with Blockbench",
	"texture_size": [64, 64],
	"textures": {
		"0": "block/rudolph_hat_texture",
		"particle": "block/rudolph_hat_texture"
	},
	"elements": [
		{
			"from": [5, 8, 6.975],
			"to": [7, 12, 9.025],
			"rotation": {"angle": 22.5, "axis": "z", "origin": [5.49107, 7.73254, 8]},
			"faces": {
				"north": {"uv": [6.75, 5, 7.25, 6], "texture": "#0"},
				"east": {"uv": [4.5, 7, 5, 8], "texture": "#0"},
				"south": {"uv": [5, 7, 5.5, 8], "texture": "#0"},
				"west": {"uv": [5.5, 7, 6, 8], "texture": "#0"},
				"up": {"uv": [5.5, 5, 5, 4.5], "texture": "#0"},
				"down": {"uv": [4.5, 7.75, 4, 8.25], "texture": "#0"}
			}
		},
		{
			"from": [3.40429, 11.48723, 7],
			"to": [5.40429, 15.48723, 9],
			"rotation": {"angle": 0, "axis": "y", "origin": [5.49107, 7.73254, 8]},
			"faces": {
				"north": {"uv": [6, 7, 6.5, 8], "texture": "#0"},
				"east": {"uv": [7, 6, 7.5, 7], "texture": "#0"},
				"south": {"uv": [6.5, 7, 7, 8], "texture": "#0"},
				"west": {"uv": [7, 7, 7.5, 8], "texture": "#0"},
				"up": {"uv": [8.5, 0.5, 8, 0], "texture": "#0"},
				"down": {"uv": [8.5, 0.5, 8, 1], "texture": "#0"}
			}
		},
		{
			"from": [-1.16661, 9.69574, 7.025],
			"to": [2.83339, 11.69574, 8.975],
			"rotation": {"angle": -22.5, "axis": "z", "origin": [5.49107, 7.73254, 8]},
			"faces": {
				"north": {"uv": [2.5, 7.25, 3.5, 7.75], "texture": "#0"},
				"east": {"uv": [8, 1, 8.5, 1.5], "texture": "#0"},
				"south": {"uv": [3.5, 7.25, 4.5, 7.75], "texture": "#0"},
				"west": {"uv": [8, 1.5, 8.5, 2], "texture": "#0"},
				"up": {"uv": [8.25, 5.5, 7.25, 5], "texture": "#0"},
				"down": {"uv": [8.25, 5.5, 7.25, 6], "texture": "#0"}
			}
		},
		{
			"from": [10.59571, 11.48723, 7],
			"to": [12.59571, 15.48723, 9],
			"rotation": {"angle": 0, "axis": "y", "origin": [10.50893, 7.73254, 8]},
			"faces": {
				"north": {"uv": [0, 7.5, 0.5, 8.5], "texture": "#0"},
				"east": {"uv": [7.5, 0, 8, 1], "texture": "#0"},
				"south": {"uv": [0.5, 7.5, 1, 8.5], "texture": "#0"},
				"west": {"uv": [1, 7.5, 1.5, 8.5], "texture": "#0"},
				"up": {"uv": [8.5, 2.5, 8, 2], "texture": "#0"},
				"down": {"uv": [8.5, 2.5, 8, 3], "texture": "#0"}
			}
		},
		{
			"from": [9, 8, 6.975],
			"to": [11, 12, 9.025],
			"rotation": {"angle": -22.5, "axis": "z", "origin": [10.50893, 7.73254, 8]},
			"faces": {
				"north": {"uv": [7.5, 1, 8, 2], "texture": "#0"},
				"east": {"uv": [1.5, 7.5, 2, 8.5], "texture": "#0"},
				"south": {"uv": [2, 7.5, 2.5, 8.5], "texture": "#0"},
				"west": {"uv": [7.5, 2, 8, 3], "texture": "#0"},
				"up": {"uv": [8.5, 4, 8, 3.5], "texture": "#0"},
				"down": {"uv": [8.5, 4, 8, 4.5], "texture": "#0"}
			}
		},
		{
			"from": [13.16661, 9.69574, 7.025],
			"to": [17.16661, 11.69574, 8.975],
			"rotation": {"angle": 22.5, "axis": "z", "origin": [10.50893, 7.73254, 8]},
			"faces": {
				"north": {"uv": [7.5, 3, 8.5, 3.5], "texture": "#0"},
				"east": {"uv": [4.5, 8, 5, 8.5], "texture": "#0"},
				"south": {"uv": [7.5, 6, 8.5, 6.5], "texture": "#0"},
				"west": {"uv": [5, 8, 5.5, 8.5], "texture": "#0"},
				"up": {"uv": [8.5, 7, 7.5, 6.5], "texture": "#0"},
				"down": {"uv": [8.5, 7, 7.5, 7.5], "texture": "#0"}
			}
		},
		{
			"from": [-1.5, 6.5, 9],
			"to": [4.5, 10.5, 11],
			"rotation": {"angle": -22.5, "axis": "z", "origin": [1, 8.25, 9.5]},
			"faces": {
				"north": {"uv": [2.5, 5, 4, 6], "texture": "#0"},
				"east": {"uv": [7.5, 7.5, 8, 8.5], "texture": "#0"},
				"south": {"uv": [5, 2.5, 6.5, 3.5], "texture": "#0"},
				"west": {"uv": [2.5, 7.75, 3, 8.75], "texture": "#0"},
				"up": {"uv": [8, 4, 6.5, 3.5], "texture": "#0"},
				"down": {"uv": [8, 4, 6.5, 4.5], "texture": "#0"}
			}
		},
		{
			"from": [11.5, 6.5, 9],
			"to": [17.5, 10.5, 11],
			"rotation": {"angle": 22.5, "axis": "z", "origin": [15, 8.25, 9.5]},
			"faces": {
				"north": {"uv": [5, 3.5, 6.5, 4.5], "texture": "#0"},
				"east": {"uv": [3, 7.75, 3.5, 8.75], "texture": "#0"},
				"south": {"uv": [4, 5, 5.5, 6], "texture": "#0"},
				"west": {"uv": [3.5, 7.75, 4, 8.75], "texture": "#0"},
				"up": {"uv": [7, 7, 5.5, 6.5], "texture": "#0"},
				"down": {"uv": [8.25, 4.5, 6.75, 5], "texture": "#0"}
			}
		},
		{
			"from": [3, -1, 3],
			"to": [13, 9, 13],
			"rotation": {"angle": 0, "axis": "y", "origin": [3, -1, 3]},
			"faces": {
				"north": {"uv": [0, 0, 2.5, 2.5], "texture": "#0"},
				"east": {"uv": [0, 2.5, 2.5, 5], "texture": "#0"},
				"south": {"uv": [2.5, 0, 5, 2.5], "texture": "#0"},
				"west": {"uv": [2.5, 2.5, 5, 5], "texture": "#0"},
				"up": {"uv": [2.5, 7.5, 0, 5], "texture": "#0"},
				"down": {"uv": [7.5, 0, 5, 2.5], "texture": "#0"}
			}
		},
		{
			"from": [6, 0, -2],
			"to": [10, 4, 3],
			"rotation": {"angle": 0, "axis": "y", "origin": [3, 0, -7]},
			"faces": {
				"north": {"uv": [4.5, 6, 5.5, 7], "texture": "#0"},
				"east": {"uv": [5.5, 4.5, 6.75, 5.5], "texture": "#0"},
				"south": {"uv": [6.5, 2.5, 7.5, 3.5], "texture": "#0"},
				"west": {"uv": [5.5, 5.5, 6.75, 6.5], "texture": "#0"},
				"up": {"uv": [3.5, 7.25, 2.5, 6], "texture": "#0"},
				"down": {"uv": [4.5, 6, 3.5, 7.25], "texture": "#0"}
			}
		},
		{
			"name": "red_nose",
			"from": [7, 3, -3],
			"to": [9, 5, -1],
			"rotation": {"angle": 0, "axis": "y", "origin": [3, 3, -10]},
			"faces": {
				"north": {"uv": [5.5, 8, 6, 8.5], "texture": "#0"},
				"east": {"uv": [6, 8, 6.5, 8.5], "texture": "#0"},
				"south": {"uv": [6.5, 8, 7, 8.5], "texture": "#0"},
				"west": {"uv": [7, 8, 7.5, 8.5], "texture": "#0"},
				"up": {"uv": [8.5, 8, 8, 7.5], "texture": "#0"},
				"down": {"uv": [8.5, 8, 8, 8.5], "texture": "#0"}
			}
		}
	],
	"gui_light": "front",
	"display": {
		"thirdperson_righthand": {
			"translation": [0, 1.5, -2],
			"scale": [0.8, 0.8, 0.8]
		},
		"thirdperson_lefthand": {
			"translation": [0, 1.5, -2],
			"scale": [0.8, 0.8, 0.8]
		},
		"firstperson_righthand": {
			"rotation": [11.5, 145, -5],
			"translation": [3.5, 5, -5],
			"scale": [0.8, 0.8, 0.8]
		},
		"firstperson_lefthand": {
			"rotation": [11.5, 145, -5],
			"translation": [3.5, 5, -5],
			"scale": [0.8, 0.8, 0.8]
		},
		"ground": {
			"translation": [0, 6, 0],
			"scale": [0.8, 0.8, 0.8]
		},
		"gui": {
			"rotation": [22.5, 145, 0],
			"translation": [0, 1.25, 0],
			"scale": [0.8, 0.8, 0.8]
		},
		"head": {
			"translation": [0, 6.25, 0],
			"scale": [1.6, 1.6, 1.6]
		},
		"fixed": {
			"rotation": [-90, 0, 0],
			"translation": [0, 0, -18],
			"scale": [2, 2, 2]
		}
	},
	"groups": [
		{
			"name": "rudolph_hat",
			"origin": [3, 3, -10],
			"color": 0,
			"children": [
				{
					"name": "antlers",
					"origin": [10.50893, 7.73254, 8],
					"color": 0,
					"children": [0, 1, 2, 3, 4, 5]
				},
				{
					"name": "ears",
					"origin": [15, 8.25, 9.5],
					"color": 0,
					"children": [6, 7]
				},
				{
					"name": "head",
					"origin": [3, 0, -7],
					"color": 0,
					"children": [8, 9]
				},
				10
			]
		}
	]
}