{
	"credit": "Made with Blockbench",
	"texture_size": [64, 64],
	"textures": {
		"4": "block/santa_elf_hat"
	},
	"elements": [
		{
			"from": [3, 0, 3],
			"to": [13, 3, 13],
			"rotation": {"angle": 0, "axis": "y", "origin": [4, 0, 4]},
			"faces": {
				"north": {"uv": [4.5, 8, 7, 8.75], "texture": "#4"},
				"east": {"uv": [8, 4.5, 10.5, 5.25], "texture": "#4"},
				"south": {"uv": [8, 5.25, 10.5, 6], "texture": "#4"},
				"west": {"uv": [8, 6, 10.5, 6.75], "texture": "#4"},
				"up": {"uv": [2.5, 2.5, 0, 0], "texture": "#4"},
				"down": {"uv": [2.5, 2.5, 0, 5], "texture": "#4"}
			}
		},
		{
			"from": [4, -0.6, 5.2],
			"to": [12, 0.4, 13.2],
			"rotation": {"angle": 22.5, "axis": "x", "origin": [8, 4.79975, 12.40458]},
			"faces": {
				"north": {"uv": [9.25, 7.5, 11.25, 7.75], "texture": "#4"},
				"east": {"uv": [9.5, 1.5, 11.5, 1.75], "texture": "#4"},
				"south": {"uv": [9.5, 1.75, 11.5, 2], "texture": "#4"},
				"west": {"uv": [9.5, 2, 11.5, 2.25], "texture": "#4"},
				"up": {"uv": [4.5, 2, 2.5, 0], "texture": "#4"},
				"down": {"uv": [4.5, 2, 2.5, 4], "texture": "#4"}
			}
		},
		{
			"from": [4, 0.4, 5.2],
			"to": [12, 1.4, 13.2],
			"rotation": {"angle": 22.5, "axis": "x", "origin": [8, 4.79975, 12.40458]},
			"faces": {
				"north": {"uv": [2.25, 9.5, 4.25, 9.75], "texture": "#4"},
				"east": {"uv": [9.5, 2.25, 11.5, 2.5], "texture": "#4"},
				"south": {"uv": [9.5, 2.5, 11.5, 2.75], "texture": "#4"},
				"west": {"uv": [9.5, 2.75, 11.5, 3], "texture": "#4"},
				"up": {"uv": [4.5, 6, 2.5, 4], "texture": "#4"},
				"down": {"uv": [6.5, 0, 4.5, 2], "texture": "#4"}
			}
		},
		{
			"from": [4, 1.4, 5.2],
			"to": [12, 2.4, 13.2],
			"rotation": {"angle": 22.5, "axis": "x", "origin": [8, 4.79975, 12.40458]},
			"faces": {
				"north": {"uv": [9.5, 3, 11.5, 3.25], "texture": "#4"},
				"east": {"uv": [9.5, 3.25, 11.5, 3.5], "texture": "#4"},
				"south": {"uv": [9.5, 3.5, 11.5, 3.75], "texture": "#4"},
				"west": {"uv": [9.5, 3.75, 11.5, 4], "texture": "#4"},
				"up": {"uv": [6.5, 4, 4.5, 2], "texture": "#4"},
				"down": {"uv": [6.5, 4, 4.5, 6], "texture": "#4"}
			}
		},
		{
			"from": [4, 2.4, 5.2],
			"to": [12, 3.4, 13.2],
			"rotation": {"angle": 22.5, "axis": "x", "origin": [8, 4.79975, 12.40458]},
			"faces": {
				"north": {"uv": [9.5, 4, 11.5, 4.25], "texture": "#4"},
				"east": {"uv": [9.5, 4.25, 11.5, 4.5], "texture": "#4"},
				"south": {"uv": [9.5, 7.75, 11.5, 8], "texture": "#4"},
				"west": {"uv": [9.5, 8, 11.5, 8.25], "texture": "#4"},
				"up": {"uv": [2, 7, 0, 5], "texture": "#4"},
				"down": {"uv": [4, 6, 2, 8], "texture": "#4"}
			}
		},
		{
			"from": [4, 3.4, 5.2],
			"to": [12, 4.4, 13.2],
			"rotation": {"angle": 22.5, "axis": "x", "origin": [8, 4.79975, 12.40458]},
			"faces": {
				"north": {"uv": [9.5, 8.25, 11.5, 8.5], "texture": "#4"},
				"east": {"uv": [9.5, 8.5, 11.5, 8.75], "texture": "#4"},
				"south": {"uv": [9.5, 8.75, 11.5, 9], "texture": "#4"},
				"west": {"uv": [9.5, 9, 11.5, 9.25], "texture": "#4"},
				"up": {"uv": [6, 8, 4, 6], "texture": "#4"},
				"down": {"uv": [8, 6, 6, 8], "texture": "#4"}
			}
		},
		{
			"from": [5, 4.32901, 6.71674],
			"to": [11, 5.32901, 12.71674],
			"rotation": {"angle": 45, "axis": "x", "origin": [8, 4.79975, 12.40458]},
			"faces": {
				"north": {"uv": [9.5, 9.25, 11, 9.5], "texture": "#4"},
				"east": {"uv": [9.5, 9.5, 11, 9.75], "texture": "#4"},
				"south": {"uv": [2.25, 9.75, 3.75, 10], "texture": "#4"},
				"west": {"uv": [3.75, 9.75, 5.25, 10], "texture": "#4"},
				"up": {"uv": [8, 1.5, 6.5, 0], "texture": "#4"},
				"down": {"uv": [8, 1.5, 6.5, 3], "texture": "#4"}
			}
		},
		{
			"from": [5, 3.32901, 6.71674],
			"to": [11, 4.32901, 12.71674],
			"rotation": {"angle": 45, "axis": "x", "origin": [8, 4.79975, 12.40458]},
			"faces": {
				"north": {"uv": [3.75, 10, 5.25, 10.25], "texture": "#4"},
				"east": {"uv": [5.25, 10, 6.75, 10.25], "texture": "#4"},
				"south": {"uv": [6.75, 10, 8.25, 10.25], "texture": "#4"},
				"west": {"uv": [10, 6.75, 11.5, 7], "texture": "#4"},
				"up": {"uv": [1.5, 8.5, 0, 7], "texture": "#4"},
				"down": {"uv": [9.5, 0, 8, 1.5], "texture": "#4"}
			}
		},
		{
			"from": [5, 2.32901, 6.71674],
			"to": [11, 3.32901, 12.71674],
			"rotation": {"angle": 45, "axis": "x", "origin": [8, 4.79975, 12.40458]},
			"faces": {
				"north": {"uv": [10, 7, 11.5, 7.25], "texture": "#4"},
				"east": {"uv": [10, 7.25, 11.5, 7.5], "texture": "#4"},
				"south": {"uv": [8.25, 10, 9.75, 10.25], "texture": "#4"},
				"west": {"uv": [9.75, 10, 11.25, 10.25], "texture": "#4"},
				"up": {"uv": [3, 9.5, 1.5, 8], "texture": "#4"},
				"down": {"uv": [9.5, 1.5, 8, 3], "texture": "#4"}
			}
		},
		{
			"from": [5, 1.32901, 6.71674],
			"to": [11, 2.32901, 12.71674],
			"rotation": {"angle": 45, "axis": "x", "origin": [8, 4.79975, 12.40458]},
			"faces": {
				"north": {"uv": [0, 10.25, 1.5, 10.5], "texture": "#4"},
				"east": {"uv": [10.25, 0, 11.75, 0.25], "texture": "#4"},
				"south": {"uv": [10.25, 0.25, 11.75, 0.5], "texture": "#4"},
				"west": {"uv": [10.25, 0.5, 11.75, 0.75], "texture": "#4"},
				"up": {"uv": [4.5, 9.5, 3, 8], "texture": "#4"},
				"down": {"uv": [9.5, 3, 8, 4.5], "texture": "#4"}
			}
		},
		{
			"from": [5, 5.32901, 6.71674],
			"to": [11, 6.32901, 12.71674],
			"rotation": {"angle": 45, "axis": "x", "origin": [8, 4.79975, 12.40458]},
			"faces": {
				"north": {"uv": [5.25, 9.75, 6.75, 10], "texture": "#4"},
				"east": {"uv": [8.25, 9.75, 9.75, 10], "texture": "#4"},
				"south": {"uv": [9.75, 9.75, 11.25, 10], "texture": "#4"},
				"west": {"uv": [2.25, 10, 3.75, 10.25], "texture": "#4"},
				"up": {"uv": [8, 4.5, 6.5, 3], "texture": "#4"},
				"down": {"uv": [8, 4.5, 6.5, 6], "texture": "#4"}
			}
		},
		{
			"from": [5.5, 5.18169, 12.77113],
			"to": [10.5, 9.18169, 13.77113],
			"rotation": {"angle": 0, "axis": "y", "origin": [8, 4.79975, 12.40458]},
			"faces": {
				"north": {"uv": [8, 6.75, 9.25, 7.75], "texture": "#4"},
				"east": {"uv": [2, 5, 2.25, 6], "texture": "#4"},
				"south": {"uv": [7, 8, 8.25, 9], "texture": "#4"},
				"west": {"uv": [2.25, 5, 2.5, 6], "texture": "#4"},
				"up": {"uv": [11.5, 1, 10.25, 0.75], "texture": "#4"},
				"down": {"uv": [11.5, 1, 10.25, 1.25], "texture": "#4"}
			}
		},
		{
			"from": [5.5, 5.18169, 11.77113],
			"to": [10.5, 9.18169, 12.77113],
			"rotation": {"angle": 0, "axis": "y", "origin": [8, 4.79975, 12.40458]},
			"faces": {
				"north": {"uv": [8.25, 7.75, 9.5, 8.75], "texture": "#4"},
				"east": {"uv": [1.25, 8.5, 1.5, 9.5], "texture": "#4"},
				"south": {"uv": [0, 8.5, 1.25, 9.5], "texture": "#4"},
				"west": {"uv": [7.75, 10.25, 8, 11.25], "texture": "#4"},
				"up": {"uv": [11.5, 1.5, 10.25, 1.25], "texture": "#4"},
				"down": {"uv": [2.75, 10.25, 1.5, 10.5], "texture": "#4"}
			}
		},
		{
			"from": [5.5, 5.18169, 10.77113],
			"to": [10.5, 9.18169, 11.77113],
			"rotation": {"angle": 0, "axis": "y", "origin": [8, 4.79975, 12.40458]},
			"faces": {
				"north": {"uv": [4.5, 8.75, 5.75, 9.75], "texture": "#4"},
				"east": {"uv": [8, 10.25, 8.25, 11.25], "texture": "#4"},
				"south": {"uv": [5.75, 8.75, 7, 9.75], "texture": "#4"},
				"west": {"uv": [8.25, 10.25, 8.5, 11.25], "texture": "#4"},
				"up": {"uv": [4, 10.5, 2.75, 10.25], "texture": "#4"},
				"down": {"uv": [5.25, 10.25, 4, 10.5], "texture": "#4"}
			}
		},
		{
			"from": [5.5, 5.18169, 9.77113],
			"to": [10.5, 9.18169, 10.77113],
			"rotation": {"angle": 0, "axis": "y", "origin": [8, 4.79975, 12.40458]},
			"faces": {
				"north": {"uv": [8.25, 8.75, 9.5, 9.75], "texture": "#4"},
				"east": {"uv": [8.5, 10.25, 8.75, 11.25], "texture": "#4"},
				"south": {"uv": [7, 9, 8.25, 10], "texture": "#4"},
				"west": {"uv": [8.75, 10.25, 9, 11.25], "texture": "#4"},
				"up": {"uv": [6.5, 10.5, 5.25, 10.25], "texture": "#4"},
				"down": {"uv": [7.75, 10.25, 6.5, 10.5], "texture": "#4"}
			}
		},
		{
			"from": [6.8, 5.93516, 11.35584],
			"to": [9.2, 8.33516, 12.35584],
			"rotation": {"angle": 45, "axis": "x", "origin": [8, 4.79975, 12.40458]},
			"faces": {
				"north": {"uv": [1.5, 7, 2, 7.5], "texture": "#4"},
				"east": {"uv": [1.5, 10.5, 1.75, 11], "texture": "#4"},
				"south": {"uv": [1.5, 7.5, 2, 8], "texture": "#4"},
				"west": {"uv": [1.75, 10.5, 2, 11], "texture": "#4"},
				"up": {"uv": [2.5, 10.75, 2, 10.5], "texture": "#4"},
				"down": {"uv": [3, 10.5, 2.5, 10.75], "texture": "#4"}
			}
		},
		{
			"from": [6.8, 5.93516, 12.35584],
			"to": [9.2, 8.33516, 13.35584],
			"rotation": {"angle": 45, "axis": "x", "origin": [8, 4.79975, 12.40458]},
			"faces": {
				"north": {"uv": [10, 10.25, 10.5, 10.75], "texture": "#4"},
				"east": {"uv": [4.5, 10.5, 4.75, 11], "texture": "#4"},
				"south": {"uv": [0, 10.5, 0.5, 11], "texture": "#4"},
				"west": {"uv": [10.5, 4.5, 10.75, 5], "texture": "#4"},
				"up": {"uv": [5.25, 10.75, 4.75, 10.5], "texture": "#4"},
				"down": {"uv": [11, 5, 10.5, 5.25], "texture": "#4"}
			}
		},
		{
			"from": [6.8, 5.93516, 13.35584],
			"to": [9.2, 8.33516, 14.35584],
			"rotation": {"angle": 45, "axis": "x", "origin": [8, 4.79975, 12.40458]},
			"faces": {
				"north": {"uv": [0.5, 10.5, 1, 11], "texture": "#4"},
				"east": {"uv": [5.25, 10.5, 5.5, 11], "texture": "#4"},
				"south": {"uv": [1, 10.5, 1.5, 11], "texture": "#4"},
				"west": {"uv": [10.5, 5.25, 10.75, 5.75], "texture": "#4"},
				"up": {"uv": [6, 10.75, 5.5, 10.5], "texture": "#4"},
				"down": {"uv": [11, 5.75, 10.5, 6], "texture": "#4"}
			}
		},
		{
			"from": [6.8, 5.93516, 10.75584],
			"to": [9.2, 8.33516, 11.35584],
			"rotation": {"angle": 45, "axis": "x", "origin": [8, 4.79975, 12.40458]},
			"faces": {
				"north": {"uv": [9, 10.25, 9.5, 10.75], "texture": "#4"},
				"east": {"uv": [3, 10.5, 3.25, 11], "texture": "#4"},
				"south": {"uv": [9.5, 10.25, 10, 10.75], "texture": "#4"},
				"west": {"uv": [3.25, 10.5, 3.5, 11], "texture": "#4"},
				"up": {"uv": [4, 10.75, 3.5, 10.5], "texture": "#4"},
				"down": {"uv": [4.5, 10.5, 4, 10.75], "texture": "#4"}
			}
		},
		{
			"from": [6.5, 1.83261, 13.91941],
			"to": [9.5, 4.63261, 16.81941],
			"rotation": {"angle": -22.5, "axis": "x", "origin": [8, 4.79975, 12.40458]},
			"faces": {
				"north": {"uv": [9.25, 6.75, 10, 7.5], "texture": "#4"},
				"east": {"uv": [0, 9.5, 0.75, 10.25], "texture": "#4"},
				"south": {"uv": [9.5, 0, 10.25, 0.75], "texture": "#4"},
				"west": {"uv": [0.75, 9.5, 1.5, 10.25], "texture": "#4"},
				"up": {"uv": [10.25, 1.5, 9.5, 0.75], "texture": "#4"},
				"down": {"uv": [2.25, 9.5, 1.5, 10.25], "texture": "#4"}
			}
		}
	],
	"display": {
		"thirdperson_righthand": {
			"rotation": [72.84, 5.21, 4.83],
			"translation": [-0.25, 2.5, 1.5],
			"scale": [0.51758, 0.51758, 0.51758]
		},
		"thirdperson_lefthand": {
			"rotation": [72.84, 5.21, 4.83],
			"translation": [-0.25, 2.5, 1.5],
			"scale": [0.51758, 0.51758, 0.51758]
		},
		"firstperson_righthand": {
			"rotation": [180, 67.75, 180],
			"translation": [1.25, 3.75, 0.75],
			"scale": [0.4, 0.4, 0.4]
		},
		"firstperson_lefthand": {
			"rotation": [180, 67.75, 180],
			"translation": [1.25, 3.75, 0.75],
			"scale": [0.4, 0.4, 0.4]
		},
		"ground": {
			"translation": [0, 5.75, 0],
			"scale": [0.81641, 0.81641, 0.81641]
		},
		"gui": {
			"rotation": [30, 225, 0],
			"translation": [0, 3.25, 0],
			"scale": [0.89844, 0.89844, 0.89844]
		},
		"head": {
			"rotation": [3.5, 0, 0],
			"translation": [0, 15.25, 0.75],
			"scale": [1.61718, 1.61718, 1.61718]
		},
		"fixed": {
			"rotation": [-90, 0, 0],
			"translation": [0, 0, -16],
			"scale": [2, 2, 2]
		}
	}
}