{
	"credit": "This is {{USER_NAME}} copy!",
	"texture_size": [64, 64],
	"textures": {
		"0": "block/shark_fin_hat_texture",
		"particle": "block/shark_fin_hat_texture"
	},
	"elements": [
		{
			"from": [6, 2, 5],
			"to": [10, 11, 15],
			"rotation": {"angle": 0, "axis": "y", "origin": [8, 8, 7]},
			"faces": {
				"north": {"uv": [1.25, 6.75, 2.25, 9], "texture": "#0"},
				"east": {"uv": [8, 2.5, 5.5, 4.75], "texture": "#0"},
				"south": {"uv": [2.5, 6.75, 3.5, 9], "texture": "#0"},
				"west": {"uv": [5.5, 2.5, 8, 4.75], "texture": "#0"},
				"up": {"uv": [6.5, 7.5, 5.5, 5], "texture": "#0"},
				"down": {"uv": [1, 6.75, 0, 9.25], "texture": "#0"}
			}
		},
		{
			"from": [7, 7.82843, 8.65685],
			"to": [9, 17.82843, 18.65685],
			"rotation": {"angle": 45, "axis": "x", "origin": [8, 13.82843, 10.65685]},
			"faces": {
				"north": {"uv": [3.75, 6.75, 4.25, 9.25], "texture": "#0"},
				"east": {"uv": [5.25, 4, 2.75, 6.5], "texture": "#0"},
				"south": {"uv": [4.5, 6.75, 5, 9.25], "texture": "#0"},
				"west": {"uv": [2.75, 4, 5.25, 6.5], "texture": "#0"},
				"up": {"uv": [7.25, 7.5, 6.75, 5], "texture": "#0"},
				"down": {"uv": [8, 5, 7.5, 7.5], "texture": "#0"}
			}
		},
		{
			"from": [8, 7.89949, 11.72792],
			"to": [8, 22.89949, 19.72792],
			"rotation": {"angle": -45, "axis": "x", "origin": [8, 20.89949, 17.72792]},
			"faces": {
				"north": {"uv": [5.25, 6.75, 5.25, 10.5], "texture": "#0"},
				"east": {"uv": [4.25, 0, 2.25, 3.75], "texture": "#0"},
				"south": {"uv": [5.5, 7.75, 5.5, 11.5], "texture": "#0"},
				"west": {"uv": [2.25, 0, 4.25, 3.75], "texture": "#0"},
				"up": {"uv": [7.25, 2, 7.25, 0], "texture": "#0"},
				"down": {"uv": [7.5, 0, 7.5, 2], "texture": "#0"}
			}
		}
	],
	"gui_light": "front",
	"display": {
		"thirdperson_righthand": {
			"rotation": [0, 180, 0],
			"translation": [0, 0, -0.75],
			"scale": [0.9, 0.9, 0.9]
		},
		"thirdperson_lefthand": {
			"rotation": [0, 180, 0],
			"translation": [0, 0, -0.75],
			"scale": [0.9, 0.9, 0.9]
		},
		"firstperson_righthand": {
			"rotation": [0, 180, 0],
			"translation": [7.25, -3.25, -5]
		},
		"firstperson_lefthand": {
			"rotation": [0, 180, 0],
			"translation": [7.25, -3.25, -5]
		},
		"ground": {
			"translation": [0, 3, 0],
			"scale": [0.9, 0.9, 0.9]
		},
		"gui": {
			"rotation": [0, 137, 0],
			"translation": [-4.5, -2.25, 0],
			"scale": [0.9, 0.9, 0.9]
		},
		"head": {
			"translation": [0, 6.25, 0],
			"scale": [1.6, 1.6, 1.6]
		},
		"fixed": {
			"rotation": [-90, 0, 0],
			"translation": [0, -4, -12],
			"scale": [2, 2, 2]
		}
	},
	"groups": [
		{
			"name": "shark_fin_hat",
			"origin": [8, 20.89949, 17.72792],
			"color": 0,
			"children": [0, 1, 2]
		}
	]
}