{
	"credit": "Made with Blockbench",
	"texture_size": [64, 64],
	"textures": {
		"0": "block/top_hat_tint",
		"particle": "block/top_hat_tint"
	},
	"elements": [
		{
			"from": [1, 0, 1],
			"to": [15, 0, 15],
			"faces": {
				"north": {"uv": [0, 0, 4, 0], "texture": "#0", "tintindex": 0},
				"east": {"uv": [0, 0, 4, 0], "texture": "#0", "tintindex": 0},
				"south": {"uv": [0, 0, 4, 0], "texture": "#0", "tintindex": 0},
				"west": {"uv": [0, 0, 4, 0], "texture": "#0", "tintindex": 0},
				"up": {"uv": [3.75, 3.75, 0.25, 0.25], "texture": "#0", "tintindex": 0},
				"down": {"uv": [3.75, 3.75, 0.25, 0.25], "texture": "#0", "tintindex": 0}
			}
		},
		{
			"from": [2, 1.33947, -0.26604],
			"to": [14, 1.33947, 0.73396],
			"rotation": {"angle": -22.5, "axis": "x", "origin": [9, 1.33947, 4.23396]},
			"faces": {
				"north": {"uv": [0, 0, 4, 0], "texture": "#0", "tintindex": 0},
				"east": {"uv": [0, 0, 4, 0], "texture": "#0", "tintindex": 0},
				"south": {"uv": [0, 0, 4, 0], "texture": "#0", "tintindex": 0},
				"west": {"uv": [0, 0, 4, 0], "texture": "#0", "tintindex": 0},
				"up": {"uv": [3.5, 0.25, 0.5, 0], "texture": "#0", "tintindex": 0},
				"down": {"uv": [3.5, 0.25, 0.5, 0], "texture": "#0", "tintindex": 0}
			}
		},
		{
			"from": [2, 1.33947, 15.26604],
			"to": [14, 1.33947, 16.26604],
			"rotation": {"angle": 22.5, "axis": "x", "origin": [9, 1.33947, 11.76604]},
			"faces": {
				"north": {"uv": [4, 0, 0, 0], "texture": "#0", "tintindex": 0},
				"east": {"uv": [4, 0, 0, 0], "texture": "#0", "tintindex": 0},
				"south": {"uv": [4, 0, 0, 0], "texture": "#0", "tintindex": 0},
				"west": {"uv": [4, 0, 0, 0], "texture": "#0", "tintindex": 0},
				"up": {"uv": [3.5, 0, 0.5, 0.25], "texture": "#0", "tintindex": 0},
				"down": {"uv": [3.5, 0.25, 0.5, 0], "texture": "#0", "tintindex": 0}
			}
		},
		{
			"from": [-0.57052, 2.8702, 2],
			"to": [0.42948, 2.8702, 14],
			"rotation": {"angle": 22.5, "axis": "z", "origin": [7.92948, 2.8702, 10]},
			"faces": {
				"north": {"uv": [4, 0, 0, 0], "texture": "#0", "tintindex": 0},
				"east": {"uv": [4, 0, 0, 0], "texture": "#0", "tintindex": 0},
				"south": {"uv": [4, 0, 0, 0], "texture": "#0", "tintindex": 0},
				"west": {"uv": [4, 0, 0, 0], "texture": "#0", "tintindex": 0},
				"up": {"uv": [3.5, 0, 0.5, 0.25], "rotation": 90, "texture": "#0", "tintindex": 0},
				"down": {"uv": [3.5, 0, 0.5, 0.25], "rotation": 90, "texture": "#0", "tintindex": 0}
			}
		},
		{
			"from": [15.57052, 2.8702, 2],
			"to": [16.57052, 2.8702, 14],
			"rotation": {"angle": -22.5, "axis": "z", "origin": [8.07052, 2.8702, 10]},
			"faces": {
				"north": {"uv": [0, 0, 4, 0], "texture": "#0", "tintindex": 0},
				"east": {"uv": [0, 0, 4, 0], "texture": "#0", "tintindex": 0},
				"south": {"uv": [0, 0, 4, 0], "texture": "#0", "tintindex": 0},
				"west": {"uv": [0, 0, 4, 0], "texture": "#0", "tintindex": 0},
				"up": {"uv": [3.5, 0.25, 0.5, 0], "rotation": 90, "texture": "#0", "tintindex": 0},
				"down": {"uv": [3.5, 0.25, 0.5, 0], "rotation": 90, "texture": "#0", "tintindex": 0}
			}
		},
		{
			"from": [4, 0, 4],
			"to": [12, 10, 12],
			"faces": {
				"north": {"uv": [6, 0, 8, 2.5], "texture": "#0", "tintindex": 0},
				"east": {"uv": [6, 0, 8, 2.5], "texture": "#0", "tintindex": 0},
				"south": {"uv": [6, 0, 8, 2.5], "texture": "#0", "tintindex": 0},
				"west": {"uv": [6, 0, 8, 2.5], "texture": "#0", "tintindex": 0},
				"up": {"uv": [8, 8.5, 6, 6.5], "texture": "#0", "tintindex": 0},
				"down": {"uv": [12.5, 0, 10.5, 2], "texture": "#0", "tintindex": 0}
			}
		},
		{
			"from": [3.9, 0, 3.9],
			"to": [12.1, 4, 12.1],
			"faces": {
				"north": {"uv": [0, 8, 2, 9], "texture": "#0"},
				"east": {"uv": [2, 8, 4, 9], "texture": "#0"},
				"south": {"uv": [2, 8, 4, 9], "texture": "#0"},
				"west": {"uv": [2, 8, 4, 9], "texture": "#0"},
				"up": {"uv": [12.75, 2, 10.75, 0], "texture": "#0"},
				"down": {"uv": [12.75, 2, 10.75, 0], "texture": "#0"}
			}
		}
	],
	"display": {
		"thirdperson_righthand": {
			"rotation": [75, 45, 0],
			"translation": [0, 2.5, 1.5],
			"scale": [0.375, 0.375, 0.375]
		},
		"thirdperson_lefthand": {
			"rotation": [75, 45, 0],
			"translation": [0, 2.5, 1.5],
			"scale": [0.375, 0.375, 0.375]
		},
		"firstperson_righthand": {
			"rotation": [180, 67.75, 180],
			"translation": [1.25, 3.75, 0],
			"scale": [0.4, 0.4, 0.4]
		},
		"firstperson_lefthand": {
			"rotation": [180, 67.75, 180],
			"translation": [1.25, 3.75, 0],
			"scale": [0.4, 0.4, 0.4]
		},
		"ground": {
			"translation": [0, 5.75, 0],
			"scale": [0.81641, 0.81641, 0.81641]
		},
		"gui": {
			"rotation": [30, 225, 0],
			"translation": [0, 2.5, 0],
			"scale": [0.76367, 0.76367, 0.76367]
		},
		"head": {
			"translation": [0, 16.25, 0],
			"scale": [1.6, 1.6, 1.6]
		},
		"fixed": {
			"rotation": [-90, 180, 0],
			"translation": [0, 0, -17],
			"scale": [2, 2, 2]
		}
	}
}