{
	"credit": "This is {{USER_NAME}} copy!",
	"texture_size": [128, 128],
	"textures": {
		"0": "block/tropical_hat_texture",
		"particle": "block/tropical_hat_texture"
	},
	"elements": [
		{
			"from": [-2.5, 6, -2.5],
			"to": [18.5, 6, 18.5],
			"rotation": {"angle": 0, "axis": "y", "origin": [4, 5, 3]},
			"faces": {
				"north": {"uv": [5.25, 1.25, 7.875, 1.25], "texture": "#0"},
				"east": {"uv": [5.25, 1.375, 7.875, 1.375], "texture": "#0"},
				"south": {"uv": [5.625, 4.625, 8.25, 4.625], "texture": "#0"},
				"west": {"uv": [4.5, 5.75, 7.125, 5.75], "texture": "#0"},
				"up": {"uv": [2.625, 2.625, 0, 0], "texture": "#0"},
				"down": {"uv": [2.625, 0, 0, 2.625], "texture": "#0"}
			}
		},
		{
			"from": [3.5, 6, 3.5],
			"to": [12.5, 11, 12.5],
			"rotation": {"angle": 0, "axis": "y", "origin": [4, 6, 3]},
			"faces": {
				"north": {"uv": [2.75, 2.5, 3.875, 3.125], "texture": "#0"},
				"east": {"uv": [2.75, 3.25, 3.875, 3.875], "texture": "#0"},
				"south": {"uv": [4, 0, 5.125, 0.625], "texture": "#0"},
				"west": {"uv": [4, 0.75, 5.125, 1.375], "texture": "#0"},
				"up": {"uv": [3.875, 1.125, 2.75, 0], "texture": "#0"},
				"down": {"uv": [3.875, 1.25, 2.75, 2.375], "texture": "#0"}
			}
		},
		{
			"from": [3, 6, 3],
			"to": [3, 8, 13],
			"rotation": {"angle": 0, "axis": "y", "origin": [3.5, 6, 3]},
			"faces": {
				"north": {"uv": [2.5, 5.5, 2.5, 5.75], "texture": "#0"},
				"east": {"uv": [4.75, 1.5, 6, 1.75], "texture": "#0"},
				"south": {"uv": [2.625, 5.5, 2.625, 5.75], "texture": "#0"},
				"west": {"uv": [4.75, 1.875, 6, 2.125], "texture": "#0"},
				"up": {"uv": [0, 7.125, 0, 5.875], "texture": "#0"},
				"down": {"uv": [0.125, 5.875, 0.125, 7.125], "texture": "#0"}
			}
		},
		{
			"from": [-4, 6, 13],
			"to": [3, 8, 13],
			"rotation": {"angle": 45, "axis": "y", "origin": [3, 7, 13]},
			"faces": {
				"north": {"uv": [5.375, 5.375, 6.25, 5.625], "texture": "#0"},
				"east": {"uv": [5.875, 0, 5.875, 0.25], "texture": "#0"},
				"south": {"uv": [0, 5.5, 0.875, 5.75], "texture": "#0"},
				"west": {"uv": [0.25, 5.875, 0.25, 6.125], "texture": "#0"},
				"up": {"uv": [1.25, 5.875, 0.375, 5.875], "texture": "#0"},
				"down": {"uv": [6.75, 0.375, 5.875, 0.375], "texture": "#0"}
			}
		},
		{
			"from": [3, 6, 13],
			"to": [3, 8, 18],
			"rotation": {"angle": -22.5, "axis": "y", "origin": [3, 7, 13]},
			"faces": {
				"north": {"uv": [5.875, 0.5, 5.875, 0.75], "texture": "#0"},
				"east": {"uv": [1, 5.5, 1.625, 5.75], "texture": "#0"},
				"south": {"uv": [5.875, 0.875, 5.875, 1.125], "texture": "#0"},
				"west": {"uv": [1.75, 5.5, 2.375, 5.75], "texture": "#0"},
				"up": {"uv": [1.375, 6.5, 1.375, 5.875], "texture": "#0"},
				"down": {"uv": [1.5, 5.875, 1.5, 6.5], "texture": "#0"}
			}
		},
		{
			"from": [13, 6, 3],
			"to": [13, 8, 13],
			"rotation": {"angle": 0, "axis": "y", "origin": [12.5, 6, 3]},
			"faces": {
				"north": {"uv": [1.625, 5.875, 1.625, 6.125], "texture": "#0"},
				"east": {"uv": [4.75, 2.25, 6, 2.5], "texture": "#0"},
				"south": {"uv": [1.75, 5.875, 1.75, 6.125], "texture": "#0"},
				"west": {"uv": [4.75, 2.625, 6, 2.875], "texture": "#0"},
				"up": {"uv": [1.875, 7.125, 1.875, 5.875], "texture": "#0"},
				"down": {"uv": [2, 5.875, 2, 7.125], "texture": "#0"}
			}
		},
		{
			"from": [3, 6, 3],
			"to": [13, 8, 3],
			"rotation": {"angle": 0, "axis": "y", "origin": [12.25, 6, 2.75]},
			"faces": {
				"north": {"uv": [4.75, 3, 6, 3.25], "texture": "#0"},
				"east": {"uv": [2.125, 5.875, 2.125, 6.125], "texture": "#0"},
				"south": {"uv": [4.75, 3.375, 6, 3.625], "texture": "#0"},
				"west": {"uv": [2.25, 5.875, 2.25, 6.125], "texture": "#0"},
				"up": {"uv": [5.75, 5.875, 4.5, 5.875], "texture": "#0"},
				"down": {"uv": [7.125, 5.875, 5.875, 5.875], "texture": "#0"}
			}
		},
		{
			"from": [3, 6, 13],
			"to": [13, 8, 13],
			"rotation": {"angle": 0, "axis": "y", "origin": [12.25, 6, 13.25]},
			"faces": {
				"north": {"uv": [4.75, 3.75, 6, 4], "texture": "#0"},
				"east": {"uv": [5.75, 6, 5.75, 6.25], "texture": "#0"},
				"south": {"uv": [2.75, 5, 4, 5.25], "texture": "#0"},
				"west": {"uv": [5.875, 6, 5.875, 6.25], "texture": "#0"},
				"up": {"uv": [7.25, 6, 6, 6], "texture": "#0"},
				"down": {"uv": [7.375, 0.5, 6.125, 0.5], "texture": "#0"}
			}
		},
		{
			"from": [5.75, 6.2, 3.35],
			"to": [10.75, 12.2, 3.35],
			"rotation": {"angle": -22.5, "axis": "z", "origin": [10.25, 6.2, 3.1]},
			"faces": {
				"north": {"uv": [4, 1.5, 4.625, 2.25], "texture": "#0"},
				"east": {"uv": [2.375, 5.875, 2.375, 6.625], "texture": "#0"},
				"south": {"uv": [4, 1.5, 4.625, 2.25], "texture": "#0"},
				"west": {"uv": [2.5, 5.875, 2.5, 6.625], "texture": "#0"},
				"up": {"uv": [3.375, 4.875, 2.75, 4.875], "texture": "#0"},
				"down": {"uv": [5.125, 5.625, 4.5, 5.625], "texture": "#0"}
			}
		},
		{
			"from": [3.25, 7.23701, 3.94971],
			"to": [3.25, 13.23701, 8.94971],
			"rotation": {"angle": 0, "axis": "y", "origin": [3.25, 10.23701, 6.44971]},
			"faces": {
				"north": {"uv": [2.625, 5.875, 2.625, 6.625], "texture": "#0"},
				"east": {"uv": [4, 1.5, 4.625, 2.25], "texture": "#0"},
				"south": {"uv": [0.375, 6, 0.375, 6.75], "texture": "#0"},
				"west": {"uv": [4, 1.5, 4.625, 2.25], "texture": "#0"},
				"up": {"uv": [0.5, 6.625, 0.5, 6], "texture": "#0"},
				"down": {"uv": [6, 0.5, 6, 1.125], "texture": "#0"}
			}
		},
		{
			"from": [3.25, 7.45, 3.15],
			"to": [7.25, 11.45, 3.15],
			"rotation": {"angle": -22.5, "axis": "z", "origin": [5.25, 9.45, 3.15]},
			"faces": {
				"north": {"uv": [4.125, 5, 4.625, 5.5], "texture": "#0"},
				"east": {"uv": [0.625, 6, 0.625, 6.5], "texture": "#0"},
				"south": {"uv": [4.625, 5, 4.125, 5.5], "texture": "#0"},
				"west": {"uv": [0.75, 6, 0.75, 6.5], "texture": "#0"},
				"up": {"uv": [6.5, 0, 6, 0], "texture": "#0"},
				"down": {"uv": [6.5, 0.125, 6, 0.125], "texture": "#0"}
			}
		},
		{
			"from": [3.35, 7.7, 9.1],
			"to": [3.35, 11.7, 13.1],
			"rotation": {"angle": 22.5, "axis": "x", "origin": [3.35, 9.7, 11.1]},
			"faces": {
				"north": {"uv": [0.875, 6, 0.875, 6.5], "texture": "#0"},
				"east": {"uv": [5.75, 0, 5.25, 0.5], "texture": "#0"},
				"south": {"uv": [1, 6, 1, 6.5], "texture": "#0"},
				"west": {"uv": [5.25, 0, 5.75, 0.5], "texture": "#0"},
				"up": {"uv": [1.125, 6.5, 1.125, 6], "texture": "#0"},
				"down": {"uv": [1.25, 6, 1.25, 6.5], "texture": "#0"}
			}
		},
		{
			"from": [4.35, 7.45, 12.7],
			"to": [8.35, 11.45, 12.7],
			"rotation": {"angle": 22.5, "axis": "z", "origin": [6.35, 9.45, 12.7]},
			"faces": {
				"north": {"uv": [4.125, 5, 4.625, 5.5], "texture": "#0"},
				"east": {"uv": [2.75, 6, 2.75, 6.5], "texture": "#0"},
				"south": {"uv": [4.625, 5, 4.125, 5.5], "texture": "#0"},
				"west": {"uv": [2.875, 6, 2.875, 6.5], "texture": "#0"},
				"up": {"uv": [6.5, 0.25, 6, 0.25], "texture": "#0"},
				"down": {"uv": [3.5, 6, 3, 6], "texture": "#0"}
			}
		},
		{
			"from": [8.85, 6.7, 12.7],
			"to": [11.85, 9.7, 12.7],
			"rotation": {"angle": 45, "axis": "z", "origin": [9.85, 8.7, 12.7]},
			"faces": {
				"north": {"uv": [5.625, 4.125, 6, 4.5], "texture": "#0"},
				"east": {"uv": [3.625, 6, 3.625, 6.375], "texture": "#0"},
				"south": {"uv": [5.625, 4.125, 6, 4.5], "texture": "#0"},
				"west": {"uv": [3.75, 6, 3.75, 6.375], "texture": "#0"},
				"up": {"uv": [3.875, 4, 3.5, 4], "texture": "#0"},
				"down": {"uv": [4.875, 6, 4.5, 6], "texture": "#0"}
			}
		},
		{
			"from": [12.65, 7.7, 3.9],
			"to": [12.65, 11.7, 7.9],
			"rotation": {"angle": 22.5, "axis": "x", "origin": [12.65, 9.7, 5.9]},
			"faces": {
				"north": {"uv": [5, 6.5, 5, 6], "rotation": 180, "texture": "#0"},
				"east": {"uv": [3.375, 5.375, 3.875, 5.875], "rotation": 90, "texture": "#0"},
				"south": {"uv": [5.125, 6, 5.125, 6.5], "texture": "#0"},
				"west": {"uv": [3.875, 5.375, 3.375, 5.875], "rotation": 270, "texture": "#0"},
				"up": {"uv": [6, 4.75, 6, 5.25], "texture": "#0"},
				"down": {"uv": [3.875, 6, 3.875, 6.5], "rotation": 180, "texture": "#0"}
			}
		},
		{
			"from": [12.75, 6.2, 7.25],
			"to": [12.75, 12.2, 12.25],
			"rotation": {"angle": 22.5, "axis": "x", "origin": [12.5, 6.2, 11.75]},
			"faces": {
				"north": {"uv": [5.25, 6, 5.25, 6.75], "texture": "#0"},
				"east": {"uv": [4, 1.5, 4.625, 2.25], "texture": "#0"},
				"south": {"uv": [5.375, 6, 5.375, 6.75], "texture": "#0"},
				"west": {"uv": [4, 1.5, 4.625, 2.25], "texture": "#0"},
				"up": {"uv": [5.5, 6.625, 5.5, 6], "texture": "#0"},
				"down": {"uv": [5.625, 6, 5.625, 6.625], "texture": "#0"}
			}
		}
	],
	"gui_light": "front",
	"display": {
		"thirdperson_righthand": {
			"rotation": [22.5, 45, 0],
			"translation": [0, 2.25, -5.75],
			"scale": [0.8, 0.8, 0.8]
		},
		"thirdperson_lefthand": {
			"rotation": [22.5, -45, 0],
			"translation": [0, 2.25, -5.75],
			"scale": [0.8, 0.8, 0.8]
		},
		"firstperson_righthand": {
			"rotation": [11.75, 45, 0],
			"translation": [4, 0, -10]
		},
		"firstperson_lefthand": {
			"rotation": [11.75, -45, 0],
			"translation": [4, 0, -10]
		},
		"ground": {
			"scale": [0.9, 0.9, 0.9]
		},
		"gui": {
			"rotation": [45, 180, 0],
			"translation": [0, 0.5, 0],
			"scale": [0.8, 0.8, 0.8]
		},
		"head": {
			"translation": [0, 6.5, 0],
			"scale": [1.7, 1.7, 1.7]
		},
		"fixed": {
			"rotation": [-90, 0, 0],
			"translation": [0, 0, -4],
			"scale": [2, 2, 2]
		}
	},
	"groups": [
		{
			"name": "tropical_hat",
			"origin": [12.5, 8, 4.91421],
			"color": 0,
			"children": [
				{
					"name": "hat",
					"origin": [4, 6, 3],
					"color": 0,
					"children": [0, 1]
				},
				{
					"name": "strap",
					"origin": [12.25, 6, 2.75],
					"color": 0,
					"children": [2, 3, 4, 5, 6, 7]
				},
				{
					"name": "flowers",
					"origin": [12.5, 6.2, 11.75],
					"color": 0,
					"children": [8, 9, 10, 11, 12, 13, 14, 15]
				}
			]
		}
	]
}