{
	"format_version": "1.21.6",
	"credit": "Made with Blockbench",
	"texture_size": [64, 64],
	"textures": {
		"0": "block/yeti_hat_texture",
		"particle": "block/yeti_hat_texture"
	},
	"elements": [
		{
			"from": [3, 8, 3],
			"to": [7, 11, 3],
			"rotation": {"angle": -22.5, "axis": "x", "origin": [5.5, 8, 3]},
			"faces": {
				"north": {"uv": [11, 2.25, 12, 3], "texture": "#0"},
				"east": {"uv": [0, 0, 0, 0.75], "texture": "#0"},
				"south": {"uv": [11, 3, 12, 3.75], "texture": "#0"},
				"west": {"uv": [0, 0, 0, 0.75], "texture": "#0"},
				"up": {"uv": [1, 0, 0, 0], "texture": "#0"},
				"down": {"uv": [1, 0, 0, 0], "texture": "#0"}
			}
		},
		{
			"from": [5, 9, 5],
			"to": [11, 9, 8],
			"rotation": {"angle": -45, "axis": "x", "origin": [8, 9, 5]},
			"faces": {
				"north": {"uv": [0, 0, 1.5, 0], "texture": "#0"},
				"east": {"uv": [0, 0, 0.75, 0], "texture": "#0"},
				"south": {"uv": [0, 0, 1.5, 0], "texture": "#0"},
				"west": {"uv": [0, 0, 0.75, 0], "texture": "#0"},
				"up": {"uv": [11, 9.25, 9.5, 8.5], "texture": "#0"},
				"down": {"uv": [11, 9.25, 9.5, 10], "texture": "#0"}
			}
		},
		{
			"from": [5, 9, 8],
			"to": [11, 9, 11],
			"rotation": {"angle": -45, "axis": "x", "origin": [8, 9, 8]},
			"faces": {
				"north": {"uv": [0, 0, 1.5, 0], "texture": "#0"},
				"east": {"uv": [0, 0, 0.75, 0], "texture": "#0"},
				"south": {"uv": [0, 0, 1.5, 0], "texture": "#0"},
				"west": {"uv": [0, 0, 0.75, 0], "texture": "#0"},
				"up": {"uv": [7.5, 10.5, 6, 9.75], "texture": "#0"},
				"down": {"uv": [9, 9.75, 7.5, 10.5], "texture": "#0"}
			}
		},
		{
			"from": [5, 9, 11],
			"to": [11, 9, 14],
			"rotation": {"angle": -45, "axis": "x", "origin": [8, 9, 11]},
			"faces": {
				"north": {"uv": [0, 0, 1.5, 0], "texture": "#0"},
				"east": {"uv": [0, 0, 0.75, 0], "texture": "#0"},
				"south": {"uv": [0, 0, 1.5, 0], "texture": "#0"},
				"west": {"uv": [0, 0, 0.75, 0], "texture": "#0"},
				"up": {"uv": [10.5, 10.75, 9, 10], "texture": "#0"},
				"down": {"uv": [1.5, 10.5, 0, 11.25], "texture": "#0"}
			}
		},
		{
			"from": [9, 8, 3],
			"to": [13, 11, 3],
			"rotation": {"angle": -22.5, "axis": "x", "origin": [10.5, 8, 3]},
			"faces": {
				"north": {"uv": [9, 10.75, 10, 11.5], "texture": "#0"},
				"east": {"uv": [0, 0, 0, 0.75], "texture": "#0"},
				"south": {"uv": [11, 1.5, 12, 2.25], "texture": "#0"},
				"west": {"uv": [0, 0, 0, 0.75], "texture": "#0"},
				"up": {"uv": [1, 0, 0, 0], "texture": "#0"},
				"down": {"uv": [1, 0, 0, 0], "texture": "#0"}
			}
		},
		{
			"from": [2.00071, -4.00071, 1],
			"to": [2.00071, 0.99929, 13],
			"rotation": {"angle": -22.5, "axis": "z", "origin": [2.00071, 0.99929, 11]},
			"faces": {
				"north": {"uv": [0, 0, 0, 1.25], "texture": "#0"},
				"east": {"uv": [8, 0, 11, 1.25], "texture": "#0"},
				"south": {"uv": [0, 0, 0, 1.25], "texture": "#0"},
				"west": {"uv": [8, 1.25, 11, 2.5], "texture": "#0"},
				"up": {"uv": [0, 3, 0, 0], "texture": "#0"},
				"down": {"uv": [0, 0, 0, 3], "texture": "#0"}
			}
		},
		{
			"from": [2, -5, 1],
			"to": [14, 0, 1],
			"rotation": {"angle": 22.5, "axis": "x", "origin": [12, 0, 1]},
			"faces": {
				"north": {"uv": [5.5, 5.25, 8.5, 6.5], "texture": "#0"},
				"east": {"uv": [0, 0, 0, 1.25], "texture": "#0"},
				"south": {"uv": [0, 6, 3, 7.25], "texture": "#0"},
				"west": {"uv": [0, 0, 0, 1.25], "texture": "#0"},
				"up": {"uv": [3, 0, 0, 0], "texture": "#0"},
				"down": {"uv": [3, 0, 0, 0], "texture": "#0"}
			}
		},
		{
			"from": [6, -4, 1],
			"to": [10, 1, 1],
			"rotation": {"angle": 45, "axis": "x", "origin": [8, 1, 1]},
			"faces": {
				"north": {"uv": [0, 9.25, 1, 10.5], "texture": "#0"},
				"east": {"uv": [0, 0, 0, 1.25], "texture": "#0"},
				"south": {"uv": [1, 9.25, 2, 10.5], "texture": "#0"},
				"west": {"uv": [0, 0, 0, 1.25], "texture": "#0"},
				"up": {"uv": [1, 0, 0, 0], "texture": "#0"},
				"down": {"uv": [1, 0, 0, 0], "texture": "#0"}
			}
		},
		{
			"from": [13.99929, -4.00071, 1],
			"to": [13.99929, 0.99929, 13],
			"rotation": {"angle": 22.5, "axis": "z", "origin": [13.99929, 0.99929, 11]},
			"faces": {
				"north": {"uv": [0, 0, 0, 1.25], "texture": "#0"},
				"east": {"uv": [3, 7.75, 6, 9], "texture": "#0"},
				"south": {"uv": [0, 0, 0, 1.25], "texture": "#0"},
				"west": {"uv": [6, 7.75, 9, 9], "texture": "#0"},
				"up": {"uv": [0, 3, 0, 0], "texture": "#0"},
				"down": {"uv": [0, 0, 0, 3], "texture": "#0"}
			}
		},
		{
			"from": [2, -4, 13],
			"to": [14, 1, 13],
			"rotation": {"angle": -22.5, "axis": "x", "origin": [12, 1, 13]},
			"faces": {
				"north": {"uv": [5.5, 6.5, 8.5, 7.75], "texture": "#0"},
				"east": {"uv": [0, 0, 0, 1.25], "texture": "#0"},
				"south": {"uv": [0, 7.25, 3, 8.5], "texture": "#0"},
				"west": {"uv": [0, 0, 0, 1.25], "texture": "#0"},
				"up": {"uv": [3, 0, 0, 0], "texture": "#0"},
				"down": {"uv": [3, 0, 0, 0], "texture": "#0"}
			}
		},
		{
			"from": [13, 4, 6],
			"to": [13, 7, 13],
			"rotation": {"angle": 22.5, "axis": "z", "origin": [13, 7, 9.5]},
			"faces": {
				"north": {"uv": [0, 0, 0, 0.75], "texture": "#0"},
				"east": {"uv": [3, 6.75, 4.75, 7.5], "texture": "#0"},
				"south": {"uv": [0, 0, 0, 0.75], "texture": "#0"},
				"west": {"uv": [6, 9, 7.75, 9.75], "texture": "#0"},
				"up": {"uv": [0, 1.75, 0, 0], "texture": "#0"},
				"down": {"uv": [0, 0, 0, 1.75], "texture": "#0"}
			}
		},
		{
			"from": [13, 2, 6],
			"to": [13, 4, 13],
			"rotation": {"angle": 22.5, "axis": "z", "origin": [13, 4, 9.5]},
			"faces": {
				"north": {"uv": [0, 0, 0, 0.5], "texture": "#0"},
				"east": {"uv": [10.75, 7.75, 12.5, 8.25], "texture": "#0"},
				"south": {"uv": [0, 0, 0, 0.5], "texture": "#0"},
				"west": {"uv": [11, 0, 12.75, 0.5], "texture": "#0"},
				"up": {"uv": [0, 1.75, 0, 0], "texture": "#0"},
				"down": {"uv": [0, 0, 0, 1.75], "texture": "#0"}
			}
		},
		{
			"from": [3, 2, 6],
			"to": [3, 4, 13],
			"rotation": {"angle": -22.5, "axis": "z", "origin": [3, 4, 9.5]},
			"faces": {
				"north": {"uv": [0, 0, 0, 0.5], "texture": "#0"},
				"east": {"uv": [11, 0.5, 12.75, 1], "texture": "#0"},
				"south": {"uv": [0, 0, 0, 0.5], "texture": "#0"},
				"west": {"uv": [11, 1, 12.75, 1.5], "texture": "#0"},
				"up": {"uv": [0, 1.75, 0, 0], "texture": "#0"},
				"down": {"uv": [0, 0, 0, 1.75], "texture": "#0"}
			}
		},
		{
			"from": [3, 4, 6],
			"to": [3, 7, 13],
			"rotation": {"angle": -22.5, "axis": "z", "origin": [3, 7, 9.5]},
			"faces": {
				"north": {"uv": [0, 0, 0, 0.75], "texture": "#0"},
				"east": {"uv": [7.75, 9, 9.5, 9.75], "texture": "#0"},
				"south": {"uv": [0, 0, 0, 0.75], "texture": "#0"},
				"west": {"uv": [9, 7.75, 10.75, 8.5], "texture": "#0"},
				"up": {"uv": [0, 1.75, 0, 0], "texture": "#0"},
				"down": {"uv": [0, 0, 0, 1.75], "texture": "#0"}
			}
		},
		{
			"from": [10.80551, 5.04956, 5],
			"to": [13.80551, 8.04956, 8],
			"rotation": {"angle": -22.5, "axis": "z", "origin": [18.30551, 8.04956, 3]},
			"faces": {
				"north": {"uv": [12, 8.25, 12.75, 9], "texture": "#0"},
				"east": {"uv": [12, 9, 12.75, 9.75], "texture": "#0"},
				"south": {"uv": [9.75, 12, 10.5, 12.75], "texture": "#0"},
				"west": {"uv": [12, 9.75, 12.75, 10.5], "texture": "#0"},
				"up": {"uv": [11.25, 12.75, 10.5, 12], "texture": "#0"},
				"down": {"uv": [12.75, 10.5, 12, 11.25], "texture": "#0"}
			}
		},
		{
			"from": [10.80551, 8.04956, 5],
			"to": [13.80551, 11.04956, 16],
			"rotation": {"angle": -22.5, "axis": "z", "origin": [18.30551, 8.04956, 3]},
			"faces": {
				"north": {"uv": [12, 6, 12.75, 6.75], "texture": "#0"},
				"east": {"uv": [8.5, 6.25, 11.25, 7], "texture": "#0"},
				"south": {"uv": [12, 6.75, 12.75, 7.5], "texture": "#0"},
				"west": {"uv": [8.5, 7, 11.25, 7.75], "texture": "#0"},
				"up": {"uv": [5.25, 11.75, 4.5, 9], "texture": "#0"},
				"down": {"uv": [6, 9, 5.25, 11.75], "texture": "#0"}
			}
		},
		{
			"from": [10.80551, 3.04956, 13],
			"to": [13.80551, 8.04956, 16],
			"rotation": {"angle": -22.5, "axis": "z", "origin": [18.30551, 8.04956, 3]},
			"faces": {
				"north": {"uv": [6.75, 10.5, 7.5, 11.75], "texture": "#0"},
				"east": {"uv": [7.5, 10.5, 8.25, 11.75], "texture": "#0"},
				"south": {"uv": [8.25, 10.5, 9, 11.75], "texture": "#0"},
				"west": {"uv": [10.5, 10, 11.25, 11.25], "texture": "#0"},
				"up": {"uv": [12.75, 3.75, 12, 3], "texture": "#0"},
				"down": {"uv": [12.75, 3.75, 12, 4.5], "texture": "#0"}
			}
		},
		{
			"from": [10.80551, 3.04956, 16],
			"to": [13.80551, 6.04956, 19],
			"rotation": {"angle": -22.5, "axis": "z", "origin": [18.30551, 8.04956, 3]},
			"faces": {
				"north": {"uv": [6.25, 11.75, 7, 12.5], "texture": "#0"},
				"east": {"uv": [7, 11.75, 7.75, 12.5], "texture": "#0"},
				"south": {"uv": [7.75, 11.75, 8.5, 12.5], "texture": "#0"},
				"west": {"uv": [0, 12, 0.75, 12.75], "texture": "#0"},
				"up": {"uv": [12.75, 2.25, 12, 1.5], "texture": "#0"},
				"down": {"uv": [12.75, 2.25, 12, 3], "texture": "#0"}
			}
		},
		{
			"from": [2.19449, 3.04956, 16],
			"to": [5.19449, 6.04956, 19],
			"rotation": {"angle": 22.5, "axis": "z", "origin": [-2.30551, 8.04956, 3]},
			"faces": {
				"north": {"uv": [1.75, 11.75, 2.5, 12.5], "texture": "#0"},
				"east": {"uv": [2.5, 11.75, 3.25, 12.5], "texture": "#0"},
				"south": {"uv": [3.25, 11.75, 4, 12.5], "texture": "#0"},
				"west": {"uv": [4, 11.75, 4.75, 12.5], "texture": "#0"},
				"up": {"uv": [5.5, 12.5, 4.75, 11.75], "texture": "#0"},
				"down": {"uv": [6.25, 11.75, 5.5, 12.5], "texture": "#0"}
			}
		},
		{
			"from": [2.19449, 3.04956, 13],
			"to": [5.19449, 8.04956, 16],
			"rotation": {"angle": 22.5, "axis": "z", "origin": [-2.30551, 8.04956, 3]},
			"faces": {
				"north": {"uv": [2, 9.25, 2.75, 10.5], "texture": "#0"},
				"east": {"uv": [1.5, 10.5, 2.25, 11.75], "texture": "#0"},
				"south": {"uv": [2.25, 10.5, 3, 11.75], "texture": "#0"},
				"west": {"uv": [6, 10.5, 6.75, 11.75], "texture": "#0"},
				"up": {"uv": [12.25, 12, 11.5, 11.25], "texture": "#0"},
				"down": {"uv": [1.75, 11.75, 1, 12.5], "texture": "#0"}
			}
		},
		{
			"from": [2.19449, 8.04956, 5],
			"to": [5.19449, 11.04956, 16],
			"rotation": {"angle": 22.5, "axis": "z", "origin": [-2.30551, 8.04956, 3]},
			"faces": {
				"north": {"uv": [10.75, 11.25, 11.5, 12], "texture": "#0"},
				"east": {"uv": [8.5, 4.75, 11.25, 5.5], "texture": "#0"},
				"south": {"uv": [9, 11.5, 9.75, 12.25], "texture": "#0"},
				"west": {"uv": [8.5, 5.5, 11.25, 6.25], "texture": "#0"},
				"up": {"uv": [3.75, 11.75, 3, 9], "texture": "#0"},
				"down": {"uv": [4.5, 9, 3.75, 11.75], "texture": "#0"}
			}
		},
		{
			"from": [2.19449, 5.04956, 5],
			"to": [5.19449, 8.04956, 8],
			"rotation": {"angle": 22.5, "axis": "z", "origin": [-2.30551, 8.04956, 3]},
			"faces": {
				"north": {"uv": [4.75, 6.75, 5.5, 7.5], "texture": "#0"},
				"east": {"uv": [11.25, 6, 12, 6.75], "texture": "#0"},
				"south": {"uv": [11.25, 6.75, 12, 7.5], "texture": "#0"},
				"west": {"uv": [11.25, 9.75, 12, 10.5], "texture": "#0"},
				"up": {"uv": [10.75, 12, 10, 11.25], "texture": "#0"},
				"down": {"uv": [12, 10.5, 11.25, 11.25], "texture": "#0"}
			}
		},
		{
			"from": [2.73673, 1.35089, 1.025],
			"to": [4.73673, 4.35089, 3],
			"rotation": {"angle": 22.5, "axis": "z", "origin": [3.73673, 4.85089, 2]},
			"faces": {
				"north": {"uv": [12.25, 5.25, 12.75, 6], "texture": "#0"},
				"east": {"uv": [9, 12.25, 9.5, 13], "texture": "#0"},
				"south": {"uv": [12.25, 11.25, 12.75, 12], "texture": "#0"},
				"west": {"uv": [12.25, 12, 12.75, 12.75], "texture": "#0"},
				"up": {"uv": [10.5, 11.25, 10, 10.75], "texture": "#0"},
				"down": {"uv": [1.5, 11.25, 1, 11.75], "texture": "#0"}
			}
		},
		{
			"from": [11.26327, 1.35089, 1.025],
			"to": [13.26327, 4.35089, 3],
			"rotation": {"angle": -22.5, "axis": "z", "origin": [12.26327, 4.85089, 2]},
			"faces": {
				"north": {"uv": [8.5, 11.75, 9, 12.5], "texture": "#0"},
				"east": {"uv": [11.25, 12, 11.75, 12.75], "texture": "#0"},
				"south": {"uv": [11.75, 12, 12.25, 12.75], "texture": "#0"},
				"west": {"uv": [12.25, 4.5, 12.75, 5.25], "texture": "#0"},
				"up": {"uv": [8.5, 5.25, 8, 4.75], "texture": "#0"},
				"down": {"uv": [9.5, 8.5, 9, 9], "texture": "#0"}
			}
		},
		{
			"from": [2, -1, 1],
			"to": [14, 2, 13],
			"rotation": {"angle": 0, "axis": "y", "origin": [3, 0, 3]},
			"faces": {
				"north": {"uv": [8, 2.5, 11, 3.25], "texture": "#0"},
				"east": {"uv": [8, 3.25, 11, 4], "texture": "#0"},
				"south": {"uv": [8, 4, 11, 4.75], "texture": "#0"},
				"west": {"uv": [0, 8.5, 3, 9.25], "texture": "#0"},
				"up": {"uv": [3, 3, 0, 0], "texture": "#0"},
				"down": {"uv": [3, 3, 0, 6], "texture": "#0"}
			}
		},
		{
			"from": [3, 2, 3],
			"to": [13, 9, 13],
			"rotation": {"angle": 0, "axis": "y", "origin": [3, 3, 3]},
			"faces": {
				"north": {"uv": [3, 5, 5.5, 6.75], "texture": "#0"},
				"east": {"uv": [5.5, 0, 8, 1.75], "texture": "#0"},
				"south": {"uv": [5.5, 1.75, 8, 3.5], "texture": "#0"},
				"west": {"uv": [5.5, 3.5, 8, 5.25], "texture": "#0"},
				"up": {"uv": [5.5, 2.5, 3, 0], "texture": "#0"},
				"down": {"uv": [5.5, 2.5, 3, 5], "texture": "#0"}
			}
		},
		{
			"from": [6, 2, 2],
			"to": [10, 5, 3],
			"rotation": {"angle": 0, "axis": "y", "origin": [3, 3, -7]},
			"faces": {
				"north": {"uv": [11, 3.75, 12, 4.5], "texture": "#0"},
				"east": {"uv": [2.75, 9.25, 3, 10], "texture": "#0"},
				"south": {"uv": [11, 8.25, 12, 9], "texture": "#0"},
				"west": {"uv": [9.5, 12.25, 9.75, 13], "texture": "#0"},
				"up": {"uv": [4, 7.75, 3, 7.5], "texture": "#0"},
				"down": {"uv": [5, 7.5, 4, 7.75], "texture": "#0"}
			}
		},
		{
			"from": [0, 4.5, 5],
			"to": [4, 7.5, 6],
			"rotation": {"angle": -22.5, "axis": "z", "origin": [1.5, 6, 5.5]},
			"faces": {
				"north": {"uv": [11, 9, 12, 9.75], "texture": "#0"},
				"east": {"uv": [2.75, 12.5, 3, 13.25], "texture": "#0"},
				"south": {"uv": [0, 11.25, 1, 12], "texture": "#0"},
				"west": {"uv": [3, 12.5, 3.25, 13.25], "texture": "#0"},
				"up": {"uv": [12.25, 7.75, 11.25, 7.5], "texture": "#0"},
				"down": {"uv": [13.25, 7.5, 12.25, 7.75], "texture": "#0"}
			}
		},
		{
			"from": [12, 4.5, 5],
			"to": [16, 7.5, 6],
			"rotation": {"angle": 22.5, "axis": "z", "origin": [14.5, 6, 5.5]},
			"faces": {
				"north": {"uv": [11.25, 4.5, 12.25, 5.25], "texture": "#0"},
				"east": {"uv": [3.25, 12.5, 3.5, 13.25], "texture": "#0"},
				"south": {"uv": [11.25, 5.25, 12.25, 6], "texture": "#0"},
				"west": {"uv": [3.5, 12.5, 3.75, 13.25], "texture": "#0"},
				"up": {"uv": [1.75, 12.75, 0.75, 12.5], "texture": "#0"},
				"down": {"uv": [2.75, 12.5, 1.75, 12.75], "texture": "#0"}
			}
		}
	],
	"gui_light": "front",
	"display": {
		"thirdperson_righthand": {
			"rotation": [45, 0, 0],
			"translation": [0, 2.75, -0.5],
			"scale": [0.9, 0.9, 0.9]
		},
		"thirdperson_lefthand": {
			"rotation": [45, 0, 0],
			"translation": [0, 2.75, -0.5],
			"scale": [0.9, 0.9, 0.9]
		},
		"firstperson_righthand": {
			"rotation": [0, 113, 0],
			"translation": [8, 3.75, -6],
			"scale": [0.75, 0.75, 0.75]
		},
		"firstperson_lefthand": {
			"rotation": [0, 113, 0],
			"translation": [8, 3.75, -6],
			"scale": [0.75, 0.75, 0.75]
		},
		"ground": {
			"translation": [0, 8, 0],
			"scale": [0.9, 0.9, 0.9]
		},
		"gui": {
			"rotation": [19, 157, 0],
			"translation": [0, 2.25, 0],
			"scale": [0.7, 0.7, 0.7]
		},
		"head": {
			"translation": [0, 6.5, 0],
			"scale": [1.6, 1.6, 1.6]
		},
		"fixed": {
			"rotation": [-90, 0, 0],
			"translation": [0, 2, -21.25],
			"scale": [2, 2, 2]
		}
	},
	"groups": [
		{
			"name": "yeti_hat",
			"origin": [18.30551, 8.04956, 3],
			"color": 0,
			"children": [
				{
					"name": "hair",
					"origin": [12, 1, 13],
					"color": 0,
					"children": [0, 1, 2, 3, 4, 5, 6, 7, 8, 9, 10, 11, 12, 13]
				},
				{
					"name": "horns",
					"origin": [12.26327, 4.85089, 2],
					"color": 0,
					"children": [14, 15, 16, 17, 18, 19, 20, 21, 22, 23]
				},
				{
					"name": "head",
					"origin": [14.5, 6, 5.5],
					"color": 0,
					"children": [24, 25, 26, 27, 28]
				}
			]
		}
	]
}