{
  "parent": "mcpaint:item/pixel_canvas/parent",
  "elements": [
    {
      "from": [
        11,
        2,
        7.45
      ],
      "to": [
        12,
        3,
        8.55
      ],
      "faces": {
        "north": {
          "uv": [
            12,
            14,
            11,
            13
          ],
          "texture": "#0",
          "tintindex": 0
        },
        "south": {
          "uv": [
            11,
            14,
            12,
            13
          ],
          "texture": "#0",
          "tintindex": 0
        }
      }
    }
  ]
}