{
	"credit": "Made with Blockbench",
	"texture_size": [64, 64],
	"textures": {
		"1": "block/choclate_easter_egg",
		"particle": "block/choclate_easter_egg"
	},
	"elements": [
		{
			"from": [4, 2, 4],
			"to": [12, 7, 12],
			"rotation": {"angle": 45, "axis": "y", "origin": [8, 7, 8]},
			"faces": {
				"north": {"uv": [5, 5.25, 7, 6.5], "texture": "#1"},
				"east": {"uv": [5, 5.25, 7, 6.5], "texture": "#1"},
				"south": {"uv": [5, 5.25, 7, 6.5], "texture": "#1"},
				"west": {"uv": [5, 5.25, 7, 6.5], "texture": "#1"},
				"up": {"uv": [2, 2, 0, 0], "texture": "#1"},
				"down": {"uv": [2, 2, 0, 4], "texture": "#1"}
			}
		},
		{
			"from": [5, 1, 5],
			"to": [11, 9, 11],
			"rotation": {"angle": 45, "axis": "y", "origin": [8, 7, 8]},
			"faces": {
				"north": {"uv": [4, 0, 5.5, 2], "texture": "#1"},
				"east": {"uv": [4, 0, 5.5, 2], "texture": "#1"},
				"south": {"uv": [4, 0, 5.5, 2], "texture": "#1"},
				"west": {"uv": [4, 0, 5.5, 2], "texture": "#1"},
				"up": {"uv": [7, 1.5, 5.5, 0], "texture": "#1"},
				"down": {"uv": [7, 1.5, 5.5, 3], "texture": "#1"}
			}
		},
		{
			"from": [6, 8, 6],
			"to": [10, 11, 10],
			"rotation": {"angle": 45, "axis": "y", "origin": [8, 7, 8]},
			"faces": {
				"north": {"uv": [5, 6.5, 6, 7.25], "texture": "#1"},
				"east": {"uv": [5, 6.5, 6, 7.25], "texture": "#1"},
				"south": {"uv": [5, 6.5, 6, 7.25], "texture": "#1"},
				"west": {"uv": [5, 6.5, 6, 7.25], "texture": "#1"},
				"up": {"uv": [6.5, 4, 5.5, 3], "texture": "#1"},
				"down": {"uv": [1, 6, 0, 7], "texture": "#1"}
			}
		},
		{
			"from": [3.9, 4.2, 3.9],
			"to": [12.1, 6.4, 12.1],
			"rotation": {"angle": 45, "axis": "y", "origin": [8, 7, 8]},
			"faces": {
				"north": {"uv": [1, 6, 3, 6.5], "texture": "#1"},
				"east": {"uv": [1, 6.5, 3, 7], "texture": "#1"},
				"south": {"uv": [3, 6.5, 5, 7], "texture": "#1"},
				"west": {"uv": [6.5, 3, 8.5, 3.5], "texture": "#1"},
				"up": {"uv": [4, 2, 2, 0], "texture": "#1"},
				"down": {"uv": [4, 2, 2, 4], "texture": "#1"}
			}
		},
		{
			"from": [7, 4.1, 0.7],
			"to": [9, 6.1, 3.7],
			"rotation": {"angle": 0, "axis": "y", "origin": [0, 1.5, -1.3]},
			"faces": {
				"north": {"uv": [4.5, 7, 5, 7.5], "texture": "#1"},
				"east": {"uv": [2.5, 7, 3.25, 7.5], "texture": "#1"},
				"south": {"uv": [7, 5.5, 7.5, 6], "texture": "#1"},
				"west": {"uv": [3.25, 7, 4, 7.5], "texture": "#1"},
				"up": {"uv": [4.5, 7.75, 4, 7], "texture": "#1"},
				"down": {"uv": [7.5, 4, 7, 4.75], "texture": "#1"}
			}
		},
		{
			"from": [5.2, 0.1, 1.8],
			"to": [7.2, 4.1, 1.8],
			"rotation": {"angle": -22.5, "axis": "z", "origin": [8, 2.1, 0.7]},
			"faces": {
				"north": {"uv": [7.5, 0.75, 7, 1.75], "texture": "#1"},
				"east": {"uv": [0, 0, 0, 1], "texture": "#1"},
				"south": {"uv": [7, 0.75, 7.5, 1.75], "texture": "#1"},
				"west": {"uv": [0, 0, 0, 1], "texture": "#1"},
				"up": {"uv": [0.5, 0, 0, 0], "texture": "#1"},
				"down": {"uv": [0.5, 0, 0, 0], "texture": "#1"}
			}
		},
		{
			"from": [8.8, 0.1, 1.8],
			"to": [10.8, 4.1, 1.8],
			"rotation": {"angle": 22.5, "axis": "z", "origin": [8, 1.1, 0.7]},
			"faces": {
				"north": {"uv": [7, 0.75, 7.5, 1.75], "texture": "#1"},
				"east": {"uv": [0, 0, 0, 1], "texture": "#1"},
				"south": {"uv": [7.5, 0.75, 7, 1.75], "texture": "#1"},
				"west": {"uv": [0, 0, 0, 1], "texture": "#1"},
				"up": {"uv": [0, 0, 0.5, 0], "texture": "#1"},
				"down": {"uv": [0, 0, 0.5, 0], "texture": "#1"}
			}
		},
		{
			"from": [7.9, 4.7, 1.3],
			"to": [12.1, 6.9, 2.5],
			"rotation": {"angle": 22.5, "axis": "z", "origin": [10, 4.8, 2]},
			"faces": {
				"north": {"uv": [7.5, 3.5, 6.5, 4], "texture": "#1"},
				"east": {"uv": [7.25, 6.5, 7, 7], "texture": "#1"},
				"south": {"uv": [2.5, 7, 1.5, 7.5], "texture": "#1"},
				"west": {"uv": [7.25, 6, 7, 6.5], "texture": "#1"},
				"up": {"uv": [7, 3, 8, 2.75], "texture": "#1"},
				"down": {"uv": [7, 4.75, 8, 5], "texture": "#1"}
			}
		},
		{
			"name": "cube_outline",
			"from": [12.1, 6.9, 2.5],
			"to": [7.9, 4.7, 1.3],
			"rotation": {"angle": 22.5, "axis": "z", "origin": [10, 4.8, 2]},
			"faces": {
				"north": {"uv": [8, 1.75, 7, 2.25], "texture": "#1"},
				"east": {"uv": [5.25, 7.25, 5, 7.75], "texture": "#1"},
				"south": {"uv": [8, 2.25, 7, 2.75], "texture": "#1"},
				"west": {"uv": [7.25, 7, 7, 7.5], "texture": "#1"},
				"up": {"uv": [7, 5.25, 8, 5], "texture": "#1"},
				"down": {"uv": [7, 5.25, 8, 5.5], "texture": "#1"}
			}
		},
		{
			"from": [3.9, 4.7, 1.3],
			"to": [8.1, 6.9, 2.5],
			"rotation": {"angle": -22.5, "axis": "z", "origin": [6, 5.8, 2]},
			"faces": {
				"north": {"uv": [6.5, 3.5, 7.5, 4], "texture": "#1"},
				"east": {"uv": [7, 6, 7.25, 6.5], "texture": "#1"},
				"south": {"uv": [1.5, 7, 2.5, 7.5], "texture": "#1"},
				"west": {"uv": [7, 6.5, 7.25, 7], "texture": "#1"},
				"up": {"uv": [8, 3, 7, 2.75], "texture": "#1"},
				"down": {"uv": [8, 4.75, 7, 5], "texture": "#1"}
			}
		},
		{
			"name": "cube_outline",
			"from": [8.1, 6.9, 2.5],
			"to": [3.9, 4.7, 1.3],
			"rotation": {"angle": -22.5, "axis": "z", "origin": [6, 5.8, 2]},
			"faces": {
				"north": {"uv": [7, 1.75, 8, 2.25], "texture": "#1"},
				"east": {"uv": [7, 7, 7.25, 7.5], "texture": "#1"},
				"south": {"uv": [7, 2.25, 8, 2.75], "texture": "#1"},
				"west": {"uv": [5, 7.25, 5.25, 7.75], "texture": "#1"},
				"up": {"uv": [8, 5.25, 7, 5], "texture": "#1"},
				"down": {"uv": [8, 5.25, 7, 5.5], "texture": "#1"}
			}
		}
	],
	"display": {
		"thirdperson_righthand": {
			"rotation": [72.84, 5.21, 4.83],
			"translation": [-0.25, 2.5, 1.5],
			"scale": [0.51758, 0.51758, 0.51758]
		},
		"thirdperson_lefthand": {
			"rotation": [72.84, 5.21, 4.83],
			"translation": [-0.25, 2.5, 1.5],
			"scale": [0.51758, 0.51758, 0.51758]
		},
		"firstperson_righthand": {
			"rotation": [180, 67.75, 180],
			"translation": [1.25, 3.75, 0.75],
			"scale": [0.4, 0.4, 0.4]
		},
		"firstperson_lefthand": {
			"rotation": [180, 67.75, 180],
			"translation": [1.25, 3.75, 0.75],
			"scale": [0.4, 0.4, 0.4]
		},
		"ground": {
			"translation": [0, 5.75, 0],
			"scale": [0.81641, 0.81641, 0.81641]
		},
		"gui": {
			"rotation": [-153.49, -17.03, 178.75],
			"translation": [0, 2.5, 0],
			"scale": [0.98828, 0.98828, 0.98828]
		},
		"head": {
			"rotation": [-0.4, 45, 1.01],
			"translation": [0, 17.5, 0.25],
			"scale": [1.61718, 1.61718, 1.61718]
		},
		"fixed": {
			"rotation": [90, -18, -180],
			"translation": [0, 0, -17.25],
			"scale": [2.48242, 2.48242, 2.48242]
		}
	},
	"groups": [
		0,
		1,
		2,
		{
			"name": "group",
			"origin": [6, 4.3, 3.3],
			"color": 0,
			"children": []
		},
		{
			"name": "group",
			"origin": [6, 4.3, 3.3],
			"color": 0,
			"children": []
		},
		{
			"name": "group",
			"origin": [6, 4.3, 3.3],
			"color": 0,
			"children": [
				3,
				4,
				5,
				6,
				{
					"name": "group",
					"origin": [6, 4.3, 3.3],
					"color": 0,
					"children": [7, 8]
				},
				{
					"name": "group",
					"origin": [6, 4.3, 3.3],
					"color": 0,
					"children": [9, 10]
				}
			]
		}
	]
}