{
	"credit": "Made with Blockbench",
	"texture_size": [64, 64],
	"textures": {
		"0": "block/explorerhat",
		"particle": "block/explorerhat"
	},
	"elements": [
		{
			"from": [2, 0, 2],
			"to": [14, 1, 14],
			"faces": {
				"north": {"uv": [5, 3, 8, 3.25], "texture": "#0"},
				"east": {"uv": [5, 3.25, 8, 3.5], "texture": "#0"},
				"south": {"uv": [5, 3.5, 8, 3.75], "texture": "#0"},
				"west": {"uv": [5, 3.75, 8, 4], "texture": "#0"},
				"up": {"uv": [3, 3, 0, 0], "texture": "#0"},
				"down": {"uv": [3, 3, 0, 6], "texture": "#0"}
			}
		},
		{
			"from": [4, 1, 4],
			"to": [12, 4, 12],
			"faces": {
				"north": {"uv": [5, 0, 7, 0.75], "texture": "#0"},
				"east": {"uv": [5, 0.75, 7, 1.5], "texture": "#0"},
				"south": {"uv": [5, 1.5, 7, 2.25], "texture": "#0"},
				"west": {"uv": [5, 2.25, 7, 3], "texture": "#0"},
				"up": {"uv": [5, 2, 3, 0], "texture": "#0"},
				"down": {"uv": [5, 2, 3, 4], "texture": "#0"}
			}
		},
		{
			"from": [5, 3, 5],
			"to": [11, 5, 11],
			"faces": {
				"north": {"uv": [3, 5.5, 4.5, 6], "texture": "#0"},
				"east": {"uv": [4.5, 5.5, 6, 6], "texture": "#0"},
				"south": {"uv": [0, 6, 1.5, 6.5], "texture": "#0"},
				"west": {"uv": [1.5, 6, 3, 6.5], "texture": "#0"},
				"up": {"uv": [4.5, 5.5, 3, 4], "texture": "#0"},
				"down": {"uv": [6, 4, 4.5, 5.5], "texture": "#0"}
			}
		},
		{
			"from": [1.8, -0.2, 2.4],
			"to": [14.2, 1.2, 3.8],
			"faces": {
				"north": {"uv": [3, 6, 6, 6.25], "texture": "#0"},
				"east": {"uv": [6, 4.75, 6.25, 5], "texture": "#0"},
				"south": {"uv": [6, 4, 9, 4.25], "texture": "#0"},
				"west": {"uv": [6, 5, 6.25, 5.25], "texture": "#0"},
				"up": {"uv": [9, 4.5, 6, 4.25], "texture": "#0"},
				"down": {"uv": [9, 4.5, 6, 4.75], "texture": "#0"}
			}
		}
	],
	"gui_light": "front",
	"display": {
		"thirdperson_righthand": {
			"translation": [0, 5.75, -0.75],
			"scale": [0.7, 0.7, 0.7]
		},
		"thirdperson_lefthand": {
			"translation": [0, 5.75, -0.75],
			"scale": [0.7, 0.7, 0.7]
		},
		"firstperson_righthand": {
			"translation": [0.75, 3.75, 0],
			"scale": [0.7, 0.7, 0.7]
		},
		"firstperson_lefthand": {
			"translation": [0.75, 3.75, 0],
			"scale": [0.7, 0.7, 0.7]
		},
		"ground": {
			"translation": [0, 2.75, 0],
			"scale": [0.74, 0.74, 0.74]
		},
		"gui": {
			"rotation": [45, -135, 0],
			"translation": [0, 4.25, 0],
			"scale": [0.8, 0.8, 0.8]
		},
		"head": {
			"translation": [0, 17.75, 0],
			"scale": [1.5, 1.5, 1.5]
		},
		"fixed": {
			"rotation": [-90, 0, 0],
			"translation": [0, 0, -14.25],
			"scale": [1.75, 1.75, 1.75]
		}
	}
}