{
	"credit": "This is {{USER_NAME}} copy!",
	"texture_size": [64, 64],
	"textures": {
		"0": "block/ice_cream_cone_hat_texture",
		"particle": "block/ice_cream_cone_hat_texture"
	},
	"elements": [
		{
			"from": [6, 0, 6],
			"to": [10, 5, 10],
			"rotation": {"angle": 0, "axis": "y", "origin": [5, 0, 5]},
			"faces": {
				"north": {"uv": [8.75, 3, 9.75, 4.25], "texture": "#0"},
				"east": {"uv": [8.75, 4.5, 9.75, 5.75], "texture": "#0"},
				"south": {"uv": [9, 6, 10, 7.25], "texture": "#0"},
				"west": {"uv": [7.5, 9, 8.5, 10.25], "texture": "#0"},
				"up": {"uv": [7, 10.5, 6, 9.5], "texture": "#0"},
				"down": {"uv": [4, 10, 3, 11], "texture": "#0"}
			}
		},
		{
			"from": [3.5, 9, 3.5],
			"to": [12.5, 13, 12.5],
			"rotation": {"angle": 0, "axis": "y", "origin": [5, 9, 5]},
			"faces": {
				"north": {"uv": [2.5, 4.5, 4.75, 5.5], "texture": "#0"},
				"east": {"uv": [4.75, 0, 7, 1], "texture": "#0"},
				"south": {"uv": [4.75, 1.25, 7, 2.25], "texture": "#0"},
				"west": {"uv": [4.75, 2.5, 7, 3.5], "texture": "#0"},
				"up": {"uv": [2.25, 2.25, 0, 0], "texture": "#0"},
				"down": {"uv": [2.25, 2.5, 0, 4.75], "texture": "#0"}
			}
		},
		{
			"from": [3.5, 13, 3.5],
			"to": [3.5, 19, 8.5],
			"rotation": {"angle": 22.5, "axis": "z", "origin": [3.5, 13, 7]},
			"faces": {
				"north": {"uv": [7.25, 9.5, 7.25, 11], "texture": "#0"},
				"east": {"uv": [5.75, 6.25, 4.5, 7.75], "texture": "#0"},
				"south": {"uv": [10, 3, 10, 4.5], "texture": "#0"},
				"west": {"uv": [4.5, 6.25, 5.75, 7.75], "texture": "#0"},
				"up": {"uv": [4.25, 11.25, 4.25, 10], "texture": "#0"},
				"down": {"uv": [10.25, 0, 10.25, 1.25], "texture": "#0"}
			}
		},
		{
			"from": [2.5, 9, 8.5],
			"to": [7.5, 14, 13.5],
			"rotation": {"angle": 0, "axis": "y", "origin": [4, 9, 6]},
			"faces": {
				"north": {"uv": [3, 7, 4.25, 8.25], "texture": "#0"},
				"east": {"uv": [7.25, 0, 8.5, 1.25], "texture": "#0"},
				"south": {"uv": [7.25, 1.5, 8.5, 2.75], "texture": "#0"},
				"west": {"uv": [7.25, 3, 8.5, 4.25], "texture": "#0"},
				"up": {"uv": [8.5, 5.75, 7.25, 4.5], "texture": "#0"},
				"down": {"uv": [8.75, 6, 7.5, 7.25], "texture": "#0"}
			}
		},
		{
			"from": [2.20762, 13.06717, 13.524],
			"to": [7.20762, 19.06717, 13.524],
			"rotation": {"angle": 22.5, "axis": "z", "origin": [4.70762, 14.06717, 13.524]},
			"faces": {
				"north": {"uv": [2.75, 7, 1.5, 8.5], "texture": "#0"},
				"east": {"uv": [1.5, 10.25, 1.5, 11.75], "texture": "#0"},
				"south": {"uv": [1.5, 7, 2.75, 8.5], "texture": "#0"},
				"west": {"uv": [10.25, 1.5, 10.25, 3], "texture": "#0"},
				"up": {"uv": [10.25, 8.75, 9, 8.75], "texture": "#0"},
				"down": {"uv": [11.25, 4.75, 10, 4.75], "texture": "#0"}
			}
		},
		{
			"from": [8.44238, 13.56717, 2.476],
			"to": [13.44238, 19.56717, 2.476],
			"rotation": {"angle": 22.5, "axis": "z", "origin": [10.94238, 14.56717, 2.476]},
			"faces": {
				"north": {"uv": [1.5, 7, 2.75, 8.5], "texture": "#0"},
				"east": {"uv": [10.25, 1.5, 10.25, 3], "texture": "#0"},
				"south": {"uv": [2.75, 7, 1.5, 8.5], "texture": "#0"},
				"west": {"uv": [1.5, 10.25, 1.5, 11.75], "texture": "#0"},
				"up": {"uv": [9, 8.75, 10.25, 8.75], "texture": "#0"},
				"down": {"uv": [10, 4.75, 11.25, 4.75], "texture": "#0"}
			}
		},
		{
			"from": [8.5, 9, 2.5],
			"to": [13.5, 14, 7.5],
			"rotation": {"angle": 0, "axis": "y", "origin": [12, 9, 10]},
			"faces": {
				"north": {"uv": [7.5, 7.5, 8.75, 8.75], "texture": "#0"},
				"east": {"uv": [0, 8, 1.25, 9.25], "texture": "#0"},
				"south": {"uv": [4.5, 8, 5.75, 9.25], "texture": "#0"},
				"west": {"uv": [6, 8, 7.25, 9.25], "texture": "#0"},
				"up": {"uv": [4.25, 9.75, 3, 8.5], "texture": "#0"},
				"down": {"uv": [10, 0, 8.75, 1.25], "texture": "#0"}
			}
		},
		{
			"from": [5.5, 13, 5.5],
			"to": [10.5, 17, 10.5],
			"rotation": {"angle": 0, "axis": "y", "origin": [5, 13, 5]},
			"faces": {
				"north": {"uv": [9, 7.5, 10.25, 8.5], "texture": "#0"},
				"east": {"uv": [8.75, 9, 10, 10], "texture": "#0"},
				"south": {"uv": [0, 9.5, 1.25, 10.5], "texture": "#0"},
				"west": {"uv": [4.5, 9.5, 5.75, 10.5], "texture": "#0"},
				"up": {"uv": [2.75, 10, 1.5, 8.75], "texture": "#0"},
				"down": {"uv": [10, 1.5, 8.75, 2.75], "texture": "#0"}
			}
		},
		{
			"from": [4, 5, 4],
			"to": [12, 9, 12],
			"rotation": {"angle": 0, "axis": "y", "origin": [5, 7, 5]},
			"faces": {
				"north": {"uv": [0, 5, 2, 6], "texture": "#0"},
				"east": {"uv": [5, 3.75, 7, 4.75], "texture": "#0"},
				"south": {"uv": [5, 5, 7, 6], "texture": "#0"},
				"west": {"uv": [2.25, 5.75, 4.25, 6.75], "texture": "#0"},
				"up": {"uv": [4.5, 2, 2.5, 0], "texture": "#0"},
				"down": {"uv": [4.5, 2.25, 2.5, 4.25], "texture": "#0"}
			}
		}
	],
	"gui_light": "front",
	"display": {
		"thirdperson_righthand": {
			"rotation": [0, -90, 0],
			"translation": [0, 3, 0],
			"scale": [0.8, 0.8, 0.8]
		},
		"thirdperson_lefthand": {
			"rotation": [0, 90, 0],
			"translation": [0, 3, 0],
			"scale": [0.8, 0.8, 0.8]
		},
		"firstperson_righthand": {
			"rotation": [-30, -90, 0],
			"translation": [5.25, 0.75, -7]
		},
		"firstperson_lefthand": {
			"rotation": [-30, 90, 0],
			"translation": [5.25, 0.75, -7]
		},
		"ground": {
			"translation": [0, 5, 0],
			"scale": [0.9, 0.9, 0.9]
		},
		"gui": {
			"rotation": [25, 150, 0],
			"translation": [0, -0.75, 0],
			"scale": [0.87, 0.87, 0.87]
		},
		"head": {
			"rotation": [180, 0, -22.5],
			"translation": [-4.25, 14, 0],
			"scale": [1.7, 1.7, 1.7]
		},
		"fixed": {
			"rotation": [-11.75, 0, 0],
			"translation": [0, 0, -9.75],
			"scale": [2, 2, 2]
		}
	},
	"groups": [
		{
			"name": "ice_cream_cone_hat",
			"origin": [5, 7, 5],
			"color": 0,
			"children": [0, 1, 2, 3, 4, 5, 6, 7, 8]
		}
	]
}