{
	"credit": "This is {{USER_NAME}} copy!",
	"texture_size": [128, 128],
	"textures": {
		"0": "block/octopus_hat_texture",
		"particle": "block/octopus_hat_texture"
	},
	"elements": [
		{
			"from": [3, 6, 3],
			"to": [13, 9, 13],
			"rotation": {"angle": 0, "axis": "y", "origin": [3, 6, 3]},
			"faces": {
				"north": {"uv": [4.375, 3.25, 5.625, 3.625], "texture": "#0"},
				"east": {"uv": [4.375, 3.75, 5.625, 4.125], "texture": "#0"},
				"south": {"uv": [4.375, 4.25, 5.625, 4.625], "texture": "#0"},
				"west": {"uv": [4.625, 0, 5.875, 0.375], "texture": "#0"},
				"up": {"uv": [2.875, 1.25, 1.625, 0], "texture": "#0"},
				"down": {"uv": [2.875, 1.375, 1.625, 2.625], "texture": "#0"}
			}
		},
		{
			"from": [4.25, 1.5, 14],
			"to": [7.25, 9.5, 16],
			"rotation": {"angle": -22.5, "axis": "x", "origin": [3.25, 6.5, 14]},
			"faces": {
				"north": {"uv": [3.25, 4.5, 3.625, 5.5], "texture": "#0"},
				"east": {"uv": [1.5, 5.75, 1.75, 6.75], "texture": "#0"},
				"south": {"uv": [3.75, 4.5, 4.125, 5.5], "texture": "#0"},
				"west": {"uv": [1.875, 5.75, 2.125, 6.75], "texture": "#0"},
				"up": {"uv": [6.875, 6.75, 6.5, 6.5], "texture": "#0"},
				"down": {"uv": [3.375, 6.625, 3, 6.875], "texture": "#0"}
			}
		},
		{
			"from": [4.25, 1.5, 16],
			"to": [7.25, 3.5, 18],
			"rotation": {"angle": -22.5, "axis": "x", "origin": [3.25, 6.5, 14]},
			"faces": {
				"north": {"uv": [3.5, 6.625, 3.875, 6.875], "texture": "#0"},
				"east": {"uv": [2.375, 7.25, 2.625, 7.5], "texture": "#0"},
				"south": {"uv": [5.625, 6.625, 6, 6.875], "texture": "#0"},
				"west": {"uv": [6, 7.25, 6.25, 7.5], "texture": "#0"},
				"up": {"uv": [7.125, 1, 6.75, 0.75], "texture": "#0"},
				"down": {"uv": [7.125, 3, 6.75, 3.25], "texture": "#0"}
			}
		},
		{
			"from": [8.75, 1.5, 14],
			"to": [11.75, 9.5, 16],
			"rotation": {"angle": -22.5, "axis": "x", "origin": [12.75, 6.5, 14]},
			"faces": {
				"north": {"uv": [4.625, 0.5, 5, 1.5], "texture": "#0"},
				"east": {"uv": [2.25, 5.75, 2.5, 6.75], "texture": "#0"},
				"south": {"uv": [1.625, 4.625, 2, 5.625], "texture": "#0"},
				"west": {"uv": [2.625, 5.75, 2.875, 6.75], "texture": "#0"},
				"up": {"uv": [7.125, 3.625, 6.75, 3.375], "texture": "#0"},
				"down": {"uv": [7.125, 3.75, 6.75, 4], "texture": "#0"}
			}
		},
		{
			"from": [8.75, 1.5, 16],
			"to": [11.75, 3.5, 18],
			"rotation": {"angle": -22.5, "axis": "x", "origin": [12.75, 6.5, 14]},
			"faces": {
				"north": {"uv": [6.75, 4.125, 7.125, 4.375], "texture": "#0"},
				"east": {"uv": [7.375, 1.875, 7.625, 2.125], "texture": "#0"},
				"south": {"uv": [6.75, 4.5, 7.125, 4.75], "texture": "#0"},
				"west": {"uv": [3.875, 7.375, 4.125, 7.625], "texture": "#0"},
				"up": {"uv": [1.125, 7.125, 0.75, 6.875], "texture": "#0"},
				"down": {"uv": [1.625, 6.875, 1.25, 7.125], "texture": "#0"}
			}
		},
		{
			"from": [0.75, 2, 12.75],
			"to": [3.75, 9, 14.75],
			"rotation": {"angle": -45, "axis": "y", "origin": [2.75, 7.5, 13.75]},
			"faces": {
				"north": {"uv": [5.25, 4.75, 5.625, 5.625], "texture": "#0"},
				"east": {"uv": [6.125, 4.875, 6.375, 5.75], "texture": "#0"},
				"south": {"uv": [5.625, 0.5, 6, 1.375], "texture": "#0"},
				"west": {"uv": [6.125, 5.875, 6.375, 6.75], "texture": "#0"},
				"up": {"uv": [2.125, 7.125, 1.75, 6.875], "texture": "#0"},
				"down": {"uv": [2.625, 6.875, 2.25, 7.125], "texture": "#0"}
			}
		},
		{
			"from": [0.75, 2, 14.75],
			"to": [3.75, 4, 16.75],
			"rotation": {"angle": -45, "axis": "y", "origin": [2.75, 7.5, 13.75]},
			"faces": {
				"north": {"uv": [6.875, 4.875, 7.25, 5.125], "texture": "#0"},
				"east": {"uv": [4.25, 7.375, 4.5, 7.625], "texture": "#0"},
				"south": {"uv": [6.875, 5.25, 7.25, 5.5], "texture": "#0"},
				"west": {"uv": [7.375, 4.625, 7.625, 4.875], "texture": "#0"},
				"up": {"uv": [7.25, 5.875, 6.875, 5.625], "texture": "#0"},
				"down": {"uv": [6.5, 6.875, 6.125, 7.125], "texture": "#0"}
			}
		},
		{
			"from": [2, 4, 4.025],
			"to": [4, 12, 7.025],
			"rotation": {"angle": -22.5, "axis": "z", "origin": [3, 10.5, 5.525]},
			"faces": {
				"north": {"uv": [5.75, 3.25, 6, 4.25], "texture": "#0"},
				"east": {"uv": [2.125, 4.625, 2.5, 5.625], "texture": "#0"},
				"south": {"uv": [5.75, 4.375, 6, 5.375], "texture": "#0"},
				"west": {"uv": [2.625, 4.625, 3, 5.625], "texture": "#0"},
				"up": {"uv": [5.5, 7.25, 5.25, 6.875], "texture": "#0"},
				"down": {"uv": [6.875, 6.875, 6.625, 7.25], "texture": "#0"}
			}
		},
		{
			"from": [-1.65012, 8.7043, 4.025],
			"to": [0.34988, 10.7043, 7.025],
			"rotation": {"angle": -22.5, "axis": "z", "origin": [-9.65012, 8.7043, 1.025]},
			"faces": {
				"north": {"uv": [7.375, 5, 7.625, 5.25], "texture": "#0"},
				"east": {"uv": [7, 1.125, 7.375, 1.375], "texture": "#0"},
				"south": {"uv": [5.25, 7.375, 5.5, 7.625], "texture": "#0"},
				"west": {"uv": [7, 1.5, 7.375, 1.75], "texture": "#0"},
				"up": {"uv": [7.25, 2.25, 7, 1.875], "texture": "#0"},
				"down": {"uv": [3, 7, 2.75, 7.375], "texture": "#0"}
			}
		},
		{
			"from": [0.54539, 3.68717, 8.025],
			"to": [2.54539, 11.68717, 11.025],
			"rotation": {"angle": -45, "axis": "z", "origin": [0.54539, 8.18717, 9.525]},
			"faces": {
				"north": {"uv": [5.25, 5.75, 5.5, 6.75], "texture": "#0"},
				"east": {"uv": [4.25, 4.75, 4.625, 5.75], "texture": "#0"},
				"south": {"uv": [5.75, 5.5, 6, 6.5], "texture": "#0"},
				"west": {"uv": [4.75, 4.75, 5.125, 5.75], "texture": "#0"},
				"up": {"uv": [3.375, 7.375, 3.125, 7], "texture": "#0"},
				"down": {"uv": [3.75, 7, 3.5, 7.375], "texture": "#0"}
			}
		},
		{
			"from": [-1.45461, 3.68717, 8.025],
			"to": [0.54539, 5.68717, 11.025],
			"rotation": {"angle": -45, "axis": "z", "origin": [0.54539, 8.18717, 9.525]},
			"faces": {
				"north": {"uv": [7.375, 5.375, 7.625, 5.625], "texture": "#0"},
				"east": {"uv": [3.875, 7, 4.25, 7.25], "texture": "#0"},
				"south": {"uv": [6.375, 7.375, 6.625, 7.625], "texture": "#0"},
				"west": {"uv": [4.375, 7, 4.75, 7.25], "texture": "#0"},
				"up": {"uv": [5.125, 7.375, 4.875, 7], "texture": "#0"},
				"down": {"uv": [5.875, 7, 5.625, 7.375], "texture": "#0"}
			}
		},
		{
			"from": [12, 4, 4.025],
			"to": [14, 12, 7.025],
			"rotation": {"angle": 22.5, "axis": "z", "origin": [13, 10.5, 5.525]},
			"faces": {
				"north": {"uv": [4.125, 5.875, 4.375, 6.875], "texture": "#0"},
				"east": {"uv": [0, 5.125, 0.375, 6.125], "texture": "#0"},
				"south": {"uv": [4.5, 5.875, 4.75, 6.875], "texture": "#0"},
				"west": {"uv": [0.5, 5.125, 0.875, 6.125], "texture": "#0"},
				"up": {"uv": [7.25, 6.875, 7, 6.5], "texture": "#0"},
				"down": {"uv": [7.25, 7, 7, 7.375], "texture": "#0"}
			}
		},
		{
			"from": [15.65012, 8.7043, 4.025],
			"to": [17.65012, 10.7043, 7.025],
			"rotation": {"angle": 22.5, "axis": "z", "origin": [25.65012, 8.7043, 1.025]},
			"faces": {
				"north": {"uv": [7.375, 6.5, 7.625, 6.75], "texture": "#0"},
				"east": {"uv": [7.125, 0, 7.5, 0.25], "texture": "#0"},
				"south": {"uv": [7.375, 6.875, 7.625, 7.125], "texture": "#0"},
				"west": {"uv": [7.125, 2.375, 7.5, 2.625], "texture": "#0"},
				"up": {"uv": [7.375, 6.375, 7.125, 6], "texture": "#0"},
				"down": {"uv": [0.25, 7.25, 0, 7.625], "texture": "#0"}
			}
		},
		{
			"from": [15.45461, 3.68717, 8.025],
			"to": [17.45461, 5.68717, 11.025],
			"rotation": {"angle": 45, "axis": "z", "origin": [15.45461, 8.18717, 9.525]},
			"faces": {
				"north": {"uv": [7.375, 7.25, 7.625, 7.5], "texture": "#0"},
				"east": {"uv": [0.375, 7.25, 0.75, 7.5], "texture": "#0"},
				"south": {"uv": [7.5, 1.125, 7.75, 1.375], "texture": "#0"},
				"west": {"uv": [7.25, 0.375, 7.625, 0.625], "texture": "#0"},
				"up": {"uv": [1.125, 7.625, 0.875, 7.25], "texture": "#0"},
				"down": {"uv": [1.5, 7.25, 1.25, 7.625], "texture": "#0"}
			}
		},
		{
			"from": [13.45461, 3.68717, 8.025],
			"to": [15.45461, 11.68717, 11.025],
			"rotation": {"angle": 45, "axis": "z", "origin": [15.45461, 8.18717, 9.525]},
			"faces": {
				"north": {"uv": [4.875, 5.875, 5.125, 6.875], "texture": "#0"},
				"east": {"uv": [5.125, 0.5, 5.5, 1.5], "texture": "#0"},
				"south": {"uv": [6, 1.5, 6.25, 2.5], "texture": "#0"},
				"west": {"uv": [1, 5.125, 1.375, 6.125], "texture": "#0"},
				"up": {"uv": [1.875, 7.625, 1.625, 7.25], "texture": "#0"},
				"down": {"uv": [2.25, 7.25, 2, 7.625], "texture": "#0"}
			}
		},
		{
			"from": [12.25, 2, 12.75],
			"to": [15.25, 9, 14.75],
			"rotation": {"angle": 45, "axis": "y", "origin": [13.25, 7.5, 13.75]},
			"faces": {
				"north": {"uv": [3.125, 5.625, 3.5, 6.5], "texture": "#0"},
				"east": {"uv": [0, 6.25, 0.25, 7.125], "texture": "#0"},
				"south": {"uv": [3.625, 5.625, 4, 6.5], "texture": "#0"},
				"west": {"uv": [0.375, 6.25, 0.625, 7.125], "texture": "#0"},
				"up": {"uv": [7.625, 1, 7.25, 0.75], "texture": "#0"},
				"down": {"uv": [7.625, 2.75, 7.25, 3], "texture": "#0"}
			}
		},
		{
			"from": [12.25, 2, 14.75],
			"to": [15.25, 4, 16.75],
			"rotation": {"angle": 45, "axis": "y", "origin": [13.25, 7.5, 13.75]},
			"faces": {
				"north": {"uv": [7.25, 3.125, 7.625, 3.375], "texture": "#0"},
				"east": {"uv": [7.5, 1.5, 7.75, 1.75], "texture": "#0"},
				"south": {"uv": [7.25, 3.5, 7.625, 3.75], "texture": "#0"},
				"west": {"uv": [2.75, 7.5, 3, 7.75], "texture": "#0"},
				"up": {"uv": [7.625, 4.125, 7.25, 3.875], "texture": "#0"},
				"down": {"uv": [7.625, 4.25, 7.25, 4.5], "texture": "#0"}
			}
		},
		{
			"from": [4, 9, 4],
			"to": [12, 11, 12],
			"rotation": {"angle": 0, "axis": "y", "origin": [3, 9, 3]},
			"faces": {
				"north": {"uv": [4.625, 1.625, 5.625, 1.875], "texture": "#0"},
				"east": {"uv": [6, 0, 7, 0.25], "texture": "#0"},
				"south": {"uv": [6, 2.625, 7, 2.875], "texture": "#0"},
				"west": {"uv": [6.125, 0.375, 7.125, 0.625], "texture": "#0"},
				"up": {"uv": [4.25, 3.25, 3.25, 2.25], "texture": "#0"},
				"down": {"uv": [4.25, 3.375, 3.25, 4.375], "texture": "#0"}
			}
		},
		{
			"from": [11.75, 13, 2],
			"to": [15.75, 17, 4],
			"rotation": {"angle": -45, "axis": "y", "origin": [12.75, 14.5, 3]},
			"faces": {
				"north": {"uv": [6.125, 0.75, 6.625, 1.25], "texture": "#0"},
				"east": {"uv": [0.75, 6.25, 1, 6.75], "texture": "#0"},
				"south": {"uv": [6.125, 3, 6.625, 3.5], "texture": "#0"},
				"west": {"uv": [1.125, 6.25, 1.375, 6.75], "texture": "#0"},
				"up": {"uv": [6.875, 1.625, 6.375, 1.375], "texture": "#0"},
				"down": {"uv": [6.875, 1.75, 6.375, 2], "texture": "#0"}
			}
		},
		{
			"from": [0.25, 13, 2],
			"to": [4.25, 17, 4],
			"rotation": {"angle": 45, "axis": "y", "origin": [3.25, 14.5, 3]},
			"faces": {
				"north": {"uv": [6.125, 3.625, 6.625, 4.125], "texture": "#0"},
				"east": {"uv": [6.5, 4.875, 6.75, 5.375], "texture": "#0"},
				"south": {"uv": [6.125, 4.25, 6.625, 4.75], "texture": "#0"},
				"west": {"uv": [6.5, 5.5, 6.75, 6], "texture": "#0"},
				"up": {"uv": [6.875, 2.375, 6.375, 2.125], "texture": "#0"},
				"down": {"uv": [7, 6.125, 6.5, 6.375], "texture": "#0"}
			}
		},
		{
			"from": [2, 9, 3.5],
			"to": [14, 17, 15.5],
			"rotation": {"angle": 22.5, "axis": "x", "origin": [8, 13, 9.5]},
			"faces": {
				"north": {"uv": [1.625, 2.75, 3.125, 3.75], "texture": "#0"},
				"east": {"uv": [3, 0, 4.5, 1], "texture": "#0"},
				"south": {"uv": [3, 1.125, 4.5, 2.125], "texture": "#0"},
				"west": {"uv": [0, 3.25, 1.5, 4.25], "texture": "#0"},
				"up": {"uv": [1.5, 1.5, 0, 0], "texture": "#0"},
				"down": {"uv": [1.5, 1.625, 0, 3.125], "texture": "#0"}
			}
		},
		{
			"from": [2, 8.60058, 2.42599],
			"to": [14, 11.60058, 2.42599],
			"rotation": {"angle": 22.5, "axis": "x", "origin": [8, 11.60058, 2.42599]},
			"faces": {
				"north": {"uv": [4.375, 2.25, 5.875, 2.625], "texture": "#0"},
				"east": {"uv": [3, 2.25, 3, 2.625], "texture": "#0"},
				"south": {"uv": [4.375, 2.75, 5.875, 3.125], "texture": "#0"},
				"west": {"uv": [3.125, 2.25, 3.125, 2.625], "texture": "#0"},
				"up": {"uv": [8.875, 2.25, 7.375, 2.25], "texture": "#0"},
				"down": {"uv": [8.875, 5.75, 7.375, 5.75], "texture": "#0"}
			}
		},
		{
			"from": [2, 3.82894, 1.27794],
			"to": [14, 8.82894, 1.27794],
			"rotation": {"angle": 0, "axis": "y", "origin": [8, 8.82894, 1.27794]},
			"faces": {
				"north": {"uv": [1.625, 3.875, 3.125, 4.5], "texture": "#0"},
				"east": {"uv": [3.125, 4.625, 3.125, 5.25], "texture": "#0"},
				"south": {"uv": [0, 4.375, 1.5, 5], "texture": "#0"},
				"west": {"uv": [5.75, 1.5, 5.75, 2.125], "texture": "#0"},
				"up": {"uv": [8.875, 5.875, 7.375, 5.875], "texture": "#0"},
				"down": {"uv": [9, 6, 7.5, 6], "texture": "#0"}
			}
		}
	],
	"gui_light": "front",
	"display": {
		"thirdperson_righthand": {
			"translation": [0, -3, -3.25],
			"scale": [0.8, 0.8, 0.8]
		},
		"thirdperson_lefthand": {
			"translation": [0, -3, -3.25],
			"scale": [0.8, 0.8, 0.8]
		},
		"firstperson_righthand": {
			"rotation": [0, 140, 0],
			"translation": [8.25, -3.25, -14]
		},
		"firstperson_lefthand": {
			"rotation": [0, 140, 0],
			"translation": [8.25, -3.25, -14]
		},
		"ground": {
			"translation": [0, 3, 0],
			"scale": [0.8, 0.8, 0.8]
		},
		"gui": {
			"rotation": [31, 167, 0],
			"translation": [-0.25, -1.5, 0],
			"scale": [0.75, 0.75, 0.75]
		},
		"head": {
			"translation": [0, 6.5, 0],
			"scale": [1.6, 1.6, 1.6]
		},
		"fixed": {
			"rotation": [-105, 0, 0],
			"translation": [0, -4.25, -9.75],
			"scale": [2, 2, 2]
		}
	},
	"groups": [
		{
			"name": "octopus_hat",
			"origin": [8, 8.82894, 1.27794],
			"color": 0,
			"children": [0, 1, 2, 3, 4, 5, 6, 7, 8, 9, 10, 11, 12, 13, 14, 15, 16, 17, 18, 19, 20, 21, 22]
		}
	]
}