{
	"credit": "Made with Blockbench",
	"textures": {
		"2": "block/rainbow_crown",
		"particle": "block/rainbow_crown"
	},
	"elements": [
		{
			"from": [0, 0, 7],
			"to": [9, 3, 7],
			"faces": {
				"north": {"uv": [0, 3, 9, 6], "texture": "#2"},
				"east": {"uv": [0, 3, 9, 6], "texture": "#2"},
				"south": {"uv": [0, 3, 9, 6], "texture": "#2"},
				"west": {"uv": [0, 3, 9, 6], "texture": "#2"},
				"up": {"uv": [0, 3, 9, 6], "texture": "#2"},
				"down": {"uv": [0, 3, 9, 6], "texture": "#2"}
			}
		},
		{
			"from": [9, 0, 7],
			"to": [9, 3, 16],
			"faces": {
				"north": {"uv": [0, 3, 9, 6], "texture": "#2"},
				"east": {"uv": [0, 3, 9, 6], "texture": "#2"},
				"south": {"uv": [0, 3, 9, 6], "texture": "#2"},
				"west": {"uv": [0, 3, 9, 6], "texture": "#2"},
				"up": {"uv": [0, 3, 9, 6], "texture": "#2"},
				"down": {"uv": [0, 3, 9, 6], "texture": "#2"}
			}
		},
		{
			"from": [0, 0, 16],
			"to": [9, 3, 16],
			"faces": {
				"north": {"uv": [0, 3, 9, 6], "texture": "#2"},
				"east": {"uv": [0, 3, 9, 6], "texture": "#2"},
				"south": {"uv": [0, 3, 9, 6], "texture": "#2"},
				"west": {"uv": [0, 3, 9, 6], "texture": "#2"},
				"up": {"uv": [0, 3, 9, 6], "texture": "#2"},
				"down": {"uv": [0, 3, 9, 6], "texture": "#2"}
			}
		},
		{
			"from": [0, 0, 7],
			"to": [0, 3, 16],
			"faces": {
				"north": {"uv": [0, 3, 9, 6], "texture": "#2"},
				"east": {"uv": [0, 3, 9, 6], "texture": "#2"},
				"south": {"uv": [0, 3, 9, 6], "texture": "#2"},
				"west": {"uv": [0, 3, 9, 6], "texture": "#2"},
				"up": {"uv": [0, 3, 9, 6], "texture": "#2"},
				"down": {"uv": [0, 3, 9, 6], "texture": "#2"}
			}
		},
		{
			"from": [0, 3, 7],
			"to": [0, 5, 8],
			"faces": {
				"north": {"uv": [0, 0, 1, 2], "texture": "#2"},
				"east": {"uv": [8, 0, 9, 2], "texture": "#2"},
				"south": {"uv": [0, 0, 1, 2], "texture": "#2"},
				"west": {"uv": [1, 0, 2, 2], "texture": "#2"},
				"up": {"uv": [0, 0, 1, 2], "texture": "#2"},
				"down": {"uv": [0, 0, 1, 2], "texture": "#2"}
			}
		},
		{
			"from": [0, 3, 8],
			"to": [0, 4, 9],
			"faces": {
				"north": {"uv": [0, 0, 1, 1], "texture": "#2"},
				"east": {"uv": [7, 1, 8, 2], "texture": "#2"},
				"south": {"uv": [0, 0, 1, 1], "texture": "#2"},
				"west": {"uv": [0, 0, 1, 1], "texture": "#2"},
				"up": {"uv": [0, 0, 1, 1], "texture": "#2"},
				"down": {"uv": [0, 0, 1, 1], "texture": "#2"}
			}
		},
		{
			"from": [0, 3, 11],
			"to": [0, 4, 12],
			"faces": {
				"north": {"uv": [0, 0, 1, 2], "texture": "#2"},
				"east": {"uv": [4, 0, 5, 1], "texture": "#2"},
				"south": {"uv": [0, 0, 1, 2], "texture": "#2"},
				"west": {"uv": [4, 0, 5, 1], "texture": "#2"},
				"up": {"uv": [0, 0, 1, 2], "texture": "#2"},
				"down": {"uv": [0, 0, 1, 2], "texture": "#2"}
			}
		},
		{
			"from": [0, 3, 12],
			"to": [0, 4, 13],
			"faces": {
				"north": {"uv": [0, 0, 1, 1], "texture": "#2"},
				"east": {"uv": [3, 2, 4, 3], "texture": "#2"},
				"south": {"uv": [0, 0, 1, 1], "texture": "#2"},
				"west": {"uv": [5, 2, 6, 3], "texture": "#2"},
				"up": {"uv": [0, 0, 1, 1], "texture": "#2"},
				"down": {"uv": [0, 0, 1, 1], "texture": "#2"}
			}
		},
		{
			"from": [9, 3, 11],
			"to": [9, 4, 12],
			"faces": {
				"north": {"uv": [0, 0, 1, 2], "texture": "#2"},
				"east": {"uv": [4, 0, 5, 1], "texture": "#2"},
				"south": {"uv": [0, 0, 1, 2], "texture": "#2"},
				"west": {"uv": [4, 0, 5, 1], "texture": "#2"},
				"up": {"uv": [0, 0, 1, 2], "texture": "#2"},
				"down": {"uv": [0, 0, 1, 2], "texture": "#2"}
			}
		},
		{
			"from": [9, 3, 12],
			"to": [9, 4, 13],
			"faces": {
				"north": {"uv": [0, 0, 1, 1], "texture": "#2"},
				"east": {"uv": [3, 2, 4, 3], "texture": "#2"},
				"south": {"uv": [0, 0, 1, 1], "texture": "#2"},
				"west": {"uv": [5, 2, 6, 3], "texture": "#2"},
				"up": {"uv": [0, 0, 1, 1], "texture": "#2"},
				"down": {"uv": [0, 0, 1, 1], "texture": "#2"}
			}
		},
		{
			"from": [4, 3, 16],
			"to": [5, 4, 16],
			"faces": {
				"north": {"uv": [4, 0, 5, 1], "texture": "#2"},
				"east": {"uv": [0, 0, 1, 2], "texture": "#2"},
				"south": {"uv": [4, 0, 5, 1], "texture": "#2"},
				"west": {"uv": [0, 0, 1, 2], "texture": "#2"},
				"up": {"uv": [0, 0, 1, 2], "texture": "#2"},
				"down": {"uv": [0, 0, 1, 2], "texture": "#2"}
			}
		},
		{
			"from": [5, 3, 16],
			"to": [6, 4, 16],
			"faces": {
				"north": {"uv": [3, 2, 4, 3], "texture": "#2"},
				"east": {"uv": [0, 0, 1, 1], "texture": "#2"},
				"south": {"uv": [5, 2, 6, 3], "texture": "#2"},
				"west": {"uv": [0, 0, 1, 1], "texture": "#2"},
				"up": {"uv": [0, 0, 1, 1], "texture": "#2"},
				"down": {"uv": [0, 0, 1, 1], "texture": "#2"}
			}
		},
		{
			"from": [4, 3, 7],
			"to": [5, 4, 7],
			"faces": {
				"north": {"uv": [4, 0, 5, 1], "texture": "#2"},
				"east": {"uv": [0, 0, 1, 2], "texture": "#2"},
				"south": {"uv": [4, 0, 5, 1], "texture": "#2"},
				"west": {"uv": [0, 0, 1, 2], "texture": "#2"},
				"up": {"uv": [0, 0, 1, 2], "texture": "#2"},
				"down": {"uv": [0, 0, 1, 2], "texture": "#2"}
			}
		},
		{
			"from": [5, 3, 7],
			"to": [6, 4, 7],
			"faces": {
				"north": {"uv": [3, 2, 4, 3], "texture": "#2"},
				"east": {"uv": [0, 0, 1, 1], "texture": "#2"},
				"south": {"uv": [5, 2, 6, 3], "texture": "#2"},
				"west": {"uv": [0, 0, 1, 1], "texture": "#2"},
				"up": {"uv": [0, 0, 1, 1], "texture": "#2"},
				"down": {"uv": [0, 0, 1, 1], "texture": "#2"}
			}
		},
		{
			"from": [9, 3, 7],
			"to": [9, 5, 8],
			"faces": {
				"north": {"uv": [0, 0, 1, 2], "texture": "#2"},
				"east": {"uv": [8, 0, 9, 2], "texture": "#2"},
				"south": {"uv": [0, 0, 1, 2], "texture": "#2"},
				"west": {"uv": [1, 0, 2, 2], "texture": "#2"},
				"up": {"uv": [0, 0, 1, 2], "texture": "#2"},
				"down": {"uv": [0, 0, 1, 2], "texture": "#2"}
			}
		},
		{
			"from": [9, 3, 8],
			"to": [9, 4, 9],
			"faces": {
				"north": {"uv": [0, 0, 1, 1], "texture": "#2"},
				"east": {"uv": [7, 1, 8, 2], "texture": "#2"},
				"south": {"uv": [0, 0, 1, 1], "texture": "#2"},
				"west": {"uv": [0, 0, 1, 1], "texture": "#2"},
				"up": {"uv": [0, 0, 1, 1], "texture": "#2"},
				"down": {"uv": [0, 0, 1, 1], "texture": "#2"}
			}
		},
		{
			"from": [8, 3, 7],
			"to": [9, 5, 7],
			"faces": {
				"north": {"uv": [1, 0, 2, 2], "texture": "#2"},
				"east": {"uv": [0, 0, 1, 2], "texture": "#2"},
				"south": {"uv": [8, 0, 9, 2], "texture": "#2"},
				"west": {"uv": [0, 0, 1, 2], "texture": "#2"},
				"up": {"uv": [0, 0, 1, 2], "texture": "#2"},
				"down": {"uv": [0, 0, 1, 2], "texture": "#2"}
			}
		},
		{
			"from": [7, 3, 7],
			"to": [8, 4, 7],
			"faces": {
				"north": {"uv": [0, 0, 1, 1], "texture": "#2"},
				"east": {"uv": [0, 0, 1, 1], "texture": "#2"},
				"south": {"uv": [7, 1, 8, 2], "texture": "#2"},
				"west": {"uv": [0, 0, 1, 1], "texture": "#2"},
				"up": {"uv": [0, 0, 1, 1], "texture": "#2"},
				"down": {"uv": [0, 0, 1, 1], "texture": "#2"}
			}
		},
		{
			"from": [7, 3, 16],
			"to": [8, 4, 16],
			"faces": {
				"north": {"uv": [0, 0, 1, 1], "texture": "#2"},
				"east": {"uv": [0, 0, 1, 1], "texture": "#2"},
				"south": {"uv": [7, 1, 8, 2], "texture": "#2"},
				"west": {"uv": [0, 0, 1, 1], "texture": "#2"},
				"up": {"uv": [0, 0, 1, 1], "texture": "#2"},
				"down": {"uv": [0, 0, 1, 1], "texture": "#2"}
			}
		},
		{
			"from": [8, 3, 16],
			"to": [9, 5, 16],
			"faces": {
				"north": {"uv": [1, 0, 2, 2], "texture": "#2"},
				"east": {"uv": [0, 0, 1, 2], "texture": "#2"},
				"south": {"uv": [8, 0, 9, 2], "texture": "#2"},
				"west": {"uv": [0, 0, 1, 2], "texture": "#2"},
				"up": {"uv": [0, 0, 1, 2], "texture": "#2"},
				"down": {"uv": [0, 0, 1, 2], "texture": "#2"}
			}
		},
		{
			"from": [4, 4, 7],
			"to": [5, 5, 7],
			"faces": {
				"north": {"uv": [4, 2, 5, 3], "texture": "#2"},
				"east": {"uv": [4, 2, 5, 3], "texture": "#2"},
				"south": {"uv": [4, 2, 5, 3], "texture": "#2"},
				"west": {"uv": [4, 2, 5, 3], "texture": "#2"},
				"up": {"uv": [4, 2, 5, 3], "texture": "#2"},
				"down": {"uv": [4, 2, 5, 3], "texture": "#2"}
			}
		},
		{
			"from": [4, 4, 16],
			"to": [5, 5, 16],
			"faces": {
				"north": {"uv": [4, 2, 5, 3], "texture": "#2"},
				"east": {"uv": [4, 2, 5, 3], "texture": "#2"},
				"south": {"uv": [4, 2, 5, 3], "texture": "#2"},
				"west": {"uv": [4, 2, 5, 3], "texture": "#2"},
				"up": {"uv": [4, 2, 5, 3], "texture": "#2"},
				"down": {"uv": [4, 2, 5, 3], "texture": "#2"}
			}
		},
		{
			"from": [9, 4, 11],
			"to": [9, 5, 12],
			"faces": {
				"north": {"uv": [4, 2, 5, 3], "texture": "#2"},
				"east": {"uv": [4, 2, 5, 3], "texture": "#2"},
				"south": {"uv": [4, 2, 5, 3], "texture": "#2"},
				"west": {"uv": [4, 2, 5, 3], "texture": "#2"},
				"up": {"uv": [4, 2, 5, 3], "texture": "#2"},
				"down": {"uv": [4, 2, 5, 3], "texture": "#2"}
			}
		},
		{
			"from": [0, 4, 11],
			"to": [0, 5, 12],
			"faces": {
				"north": {"uv": [4, 2, 5, 3], "texture": "#2"},
				"east": {"uv": [4, 2, 5, 3], "texture": "#2"},
				"south": {"uv": [4, 2, 5, 3], "texture": "#2"},
				"west": {"uv": [4, 2, 5, 3], "texture": "#2"},
				"up": {"uv": [4, 2, 5, 3], "texture": "#2"},
				"down": {"uv": [4, 2, 5, 3], "texture": "#2"}
			}
		},
		{
			"from": [0, 3, 15],
			"to": [0, 5, 16],
			"faces": {
				"north": {"uv": [0, 0, 1, 2], "texture": "#2"},
				"east": {"uv": [1, 0, 2, 2], "texture": "#2"},
				"south": {"uv": [0, 0, 1, 2], "texture": "#2"},
				"west": {"uv": [8, 0, 9, 2], "texture": "#2"},
				"up": {"uv": [0, 0, 1, 2], "texture": "#2"},
				"down": {"uv": [0, 0, 1, 2], "texture": "#2"}
			}
		},
		{
			"from": [0, 3, 14],
			"to": [0, 4, 15],
			"faces": {
				"north": {"uv": [0, 0, 1, 1], "texture": "#2"},
				"east": {"uv": [0, 0, 1, 1], "texture": "#2"},
				"south": {"uv": [0, 0, 1, 1], "texture": "#2"},
				"west": {"uv": [7, 1, 8, 2], "texture": "#2"},
				"up": {"uv": [0, 0, 1, 1], "texture": "#2"},
				"down": {"uv": [0, 0, 1, 1], "texture": "#2"}
			}
		},
		{
			"from": [9, 3, 15],
			"to": [9, 5, 16],
			"faces": {
				"north": {"uv": [0, 0, 1, 2], "texture": "#2"},
				"east": {"uv": [1, 0, 2, 2], "texture": "#2"},
				"south": {"uv": [0, 0, 1, 2], "texture": "#2"},
				"west": {"uv": [8, 0, 9, 2], "texture": "#2"},
				"up": {"uv": [0, 0, 1, 2], "texture": "#2"},
				"down": {"uv": [0, 0, 1, 2], "texture": "#2"}
			}
		},
		{
			"from": [9, 3, 14],
			"to": [9, 4, 15],
			"faces": {
				"north": {"uv": [0, 0, 1, 1], "texture": "#2"},
				"east": {"uv": [0, 0, 1, 1], "texture": "#2"},
				"south": {"uv": [0, 0, 1, 1], "texture": "#2"},
				"west": {"uv": [7, 1, 8, 2], "texture": "#2"},
				"up": {"uv": [0, 0, 1, 1], "texture": "#2"},
				"down": {"uv": [0, 0, 1, 1], "texture": "#2"}
			}
		},
		{
			"from": [0, 3, 7],
			"to": [1, 5, 7],
			"faces": {
				"north": {"uv": [8, 0, 9, 2], "texture": "#2"},
				"east": {"uv": [0, 0, 1, 2], "texture": "#2"},
				"south": {"uv": [1, 0, 2, 2], "texture": "#2"},
				"west": {"uv": [0, 0, 1, 2], "texture": "#2"},
				"up": {"uv": [0, 0, 1, 2], "texture": "#2"},
				"down": {"uv": [0, 0, 1, 2], "texture": "#2"}
			}
		},
		{
			"from": [1, 3, 7],
			"to": [2, 4, 7],
			"faces": {
				"north": {"uv": [7, 1, 8, 2], "texture": "#2"},
				"east": {"uv": [0, 0, 1, 1], "texture": "#2"},
				"south": {"uv": [0, 0, 1, 1], "texture": "#2"},
				"west": {"uv": [0, 0, 1, 1], "texture": "#2"},
				"up": {"uv": [0, 0, 1, 1], "texture": "#2"},
				"down": {"uv": [0, 0, 1, 1], "texture": "#2"}
			}
		},
		{
			"from": [1, 3, 16],
			"to": [2, 4, 16],
			"faces": {
				"north": {"uv": [7, 1, 8, 2], "texture": "#2"},
				"east": {"uv": [0, 0, 1, 1], "texture": "#2"},
				"south": {"uv": [0, 0, 1, 1], "texture": "#2"},
				"west": {"uv": [0, 0, 1, 1], "texture": "#2"},
				"up": {"uv": [0, 0, 1, 1], "texture": "#2"},
				"down": {"uv": [0, 0, 1, 1], "texture": "#2"}
			}
		},
		{
			"from": [0, 3, 16],
			"to": [1, 5, 16],
			"faces": {
				"north": {"uv": [8, 0, 9, 2], "texture": "#2"},
				"east": {"uv": [0, 0, 1, 2], "texture": "#2"},
				"south": {"uv": [1, 0, 2, 2], "texture": "#2"},
				"west": {"uv": [0, 0, 1, 2], "texture": "#2"},
				"up": {"uv": [0, 0, 1, 2], "texture": "#2"},
				"down": {"uv": [0, 0, 1, 2], "texture": "#2"}
			}
		},
		{
			"from": [0, 3, 10],
			"to": [0, 4, 11],
			"faces": {
				"north": {"uv": [0, 2, 1, 3], "texture": "#2"},
				"east": {"uv": [5, 2, 6, 3], "texture": "#2"},
				"south": {"uv": [0, 2, 1, 3], "texture": "#2"},
				"west": {"uv": [3, 2, 4, 3], "texture": "#2"},
				"up": {"uv": [0, 2, 1, 3], "texture": "#2"},
				"down": {"uv": [0, 2, 1, 3], "texture": "#2"}
			}
		},
		{
			"from": [9, 3, 10],
			"to": [9, 4, 11],
			"faces": {
				"north": {"uv": [0, 2, 1, 3], "texture": "#2"},
				"east": {"uv": [5, 2, 6, 3], "texture": "#2"},
				"south": {"uv": [0, 2, 1, 3], "texture": "#2"},
				"west": {"uv": [3, 2, 4, 3], "texture": "#2"},
				"up": {"uv": [0, 2, 1, 3], "texture": "#2"},
				"down": {"uv": [0, 2, 1, 3], "texture": "#2"}
			}
		},
		{
			"from": [3, 3, 16],
			"to": [4, 4, 16],
			"faces": {
				"north": {"uv": [5, 2, 6, 3], "texture": "#2"},
				"east": {"uv": [0, 2, 1, 3], "texture": "#2"},
				"south": {"uv": [3, 2, 4, 3], "texture": "#2"},
				"west": {"uv": [0, 2, 1, 3], "texture": "#2"},
				"up": {"uv": [0, 2, 1, 3], "texture": "#2"},
				"down": {"uv": [0, 2, 1, 3], "texture": "#2"}
			}
		},
		{
			"from": [3, 3, 7],
			"to": [4, 4, 7],
			"faces": {
				"north": {"uv": [5, 2, 6, 3], "texture": "#2"},
				"east": {"uv": [0, 2, 1, 3], "texture": "#2"},
				"south": {"uv": [3, 2, 4, 3], "texture": "#2"},
				"west": {"uv": [0, 2, 1, 3], "texture": "#2"},
				"up": {"uv": [0, 2, 1, 3], "texture": "#2"},
				"down": {"uv": [0, 2, 1, 3], "texture": "#2"}
			}
		}
	],
	"gui_light": "front",
	"display": {
		"thirdperson_righthand": {
			"translation": [2.5, 5.75, -1.75],
			"scale": [0.7, 0.7, 0.7]
		},
		"thirdperson_lefthand": {
			"translation": [-2.5, 5.75, -2.5],
			"scale": [0.7, 0.7, 0.7]
		},
		"firstperson_righthand": {
			"translation": [2, 7, 2.75],
			"scale": [0.7, 0.7, 0.7]
		},
		"firstperson_lefthand": {
			"translation": [-2.75, 7, 2.75],
			"scale": [0.7, 0.7, 0.7]
		},
		"ground": {
			"translation": [3.5, 4.75, -3.25]
		},
		"gui": {
			"translation": [5.25, 8, 0],
			"scale": [1.5, 1.5, 1.5]
		},
		"head": {
			"translation": [5.6, 15.6, -5.6],
			"scale": [1.61, 1.61, 1.61]
		},
		"fixed": {
			"rotation": [-90, 0, 0],
			"translation": [6.25, -6.25, -14.5],
			"scale": [1.8, 1.8, 1.8]
		}
	},
	"groups": [
		{
			"name": "group",
			"origin": [0, 0, 0],
			"color": 0,
			"children": [0, 1, 2, 3]
		},
		{
			"name": "group",
			"origin": [0, 0, 0],
			"color": 0,
			"children": [4, 5, 6, 7, 8, 9, 10, 11, 12, 13, 14, 15, 16, 17, 18, 19, 20, 21, 22, 23]
		},
		{
			"name": "group",
			"origin": [0, 0, 0],
			"color": 0,
			"children": [24, 25, 26, 27, 28, 29, 30, 31]
		},
		{
			"name": "group",
			"origin": [0, 0, 0],
			"color": 0,
			"children": [32, 33, 34, 35]
		}
	]
}