{
  "parent": "mcpaint:item/pixel_canvas/parent",
  "elements": [
    {
      "from": [
        5,
        9,
        7.45
      ],
      "to": [
        6,
        10,
        8.55
      ],
      "faces": {
        "north": {
          "uv": [
            6,
            7,
            5,
            6
          ],
          "texture": "#0",
          "tintindex": 0
        },
        "south": {
          "uv": [
            5,
            7,
            6,
            6
          ],
          "texture": "#0",
          "tintindex": 0
        }
      }
    }
  ]
}