{
  "parent": "mcpaint:item/pixel_canvas/parent",
  "elements": [
    {
      "from": [
        8,
        8,
        7.45
      ],
      "to": [
        9,
        9,
        8.55
      ],
      "faces": {
        "north": {
          "uv": [
            9,
            8,
            8,
            7
          ],
          "texture": "#0",
          "tintindex": 0
        },
        "south": {
          "uv": [
            8,
            8,
            9,
            7
          ],
          "texture": "#0",
          "tintindex": 0
        }
      }
    }
  ]
}