{
	"credit": "This is {{USER_NAME}} copy!",
	"texture_size": [64, 64],
	"textures": {
		"0": "block/cool_duck_hat_texture",
		"particle": "block/cool_duck_hat_texture"
	},
	"elements": [
		{
			"from": [2.5, 3, 2.5],
			"to": [13.5, 9, 2.5],
			"rotation": {"angle": 0, "axis": "y", "origin": [3, 0, 2.5]},
			"faces": {
				"north": {"uv": [5.5, 6, 8.25, 7.5], "texture": "#0"},
				"east": {"uv": [0.25, 11.75, 0.25, 13.25], "texture": "#0"},
				"south": {"uv": [5.5, 6, 8.25, 7.5], "texture": "#0"},
				"west": {"uv": [0.5, 11.75, 0.5, 13.25], "texture": "#0"},
				"up": {"uv": [14, 8.75, 11.25, 8.75], "texture": "#0"},
				"down": {"uv": [14, 9, 11.25, 9], "texture": "#0"}
			}
		},
		{
			"from": [13.5, 3, 2.5],
			"to": [13.5, 9, 12.5],
			"rotation": {"angle": 0, "axis": "y", "origin": [3, 0, 2.5]},
			"faces": {
				"north": {"uv": [0.75, 11.75, 0.75, 13.25], "texture": "#0"},
				"east": {"uv": [8.25, 2.75, 10.75, 4.25], "texture": "#0"},
				"south": {"uv": [1, 11.75, 1, 13.25], "texture": "#0"},
				"west": {"uv": [8.5, 8, 11, 9.5], "texture": "#0"},
				"up": {"uv": [1.25, 14.25, 1.25, 11.75], "texture": "#0"},
				"down": {"uv": [1.5, 11.75, 1.5, 14.25], "texture": "#0"}
			}
		},
		{
			"from": [2.5, 3, 2.5],
			"to": [2.5, 9, 12.5],
			"rotation": {"angle": 0, "axis": "y", "origin": [13, 0, 2.5]},
			"faces": {
				"north": {"uv": [1.75, 11.75, 1.75, 13.25], "texture": "#0"},
				"east": {"uv": [8.25, 2.75, 10.75, 4.25], "texture": "#0"},
				"south": {"uv": [11.75, 3.75, 11.75, 5.25], "texture": "#0"},
				"west": {"uv": [8.5, 8, 11, 9.5], "texture": "#0"},
				"up": {"uv": [11.75, 8, 11.75, 5.5], "texture": "#0"},
				"down": {"uv": [6.75, 11.75, 6.75, 14.25], "texture": "#0"}
			}
		},
		{
			"from": [8, 1, 6],
			"to": [8, 13, 17],
			"rotation": {"angle": 0, "axis": "y", "origin": [3, 10, 3]},
			"faces": {
				"north": {"uv": [2, 10.5, 2, 13.5], "texture": "#0"},
				"east": {"uv": [0, 0, 2.75, 3], "texture": "#0"},
				"south": {"uv": [5.5, 10.75, 5.5, 13.75], "texture": "#0"},
				"west": {"uv": [3, 0, 5.75, 3], "texture": "#0"},
				"up": {"uv": [5.75, 13.5, 5.75, 10.75], "texture": "#0"},
				"down": {"uv": [6, 10.75, 6, 13.5], "texture": "#0"}
			}
		},
		{
			"from": [8, 9, 6],
			"to": [8, 13, 13],
			"rotation": {"angle": 45, "axis": "z", "origin": [8, 9, 11.5]},
			"faces": {
				"north": {"uv": [11.25, 6.25, 11.25, 7.25], "texture": "#0"},
				"east": {"uv": [0, 10.5, 1.75, 11.5], "texture": "#0"},
				"south": {"uv": [11.25, 7.5, 11.25, 8.5], "texture": "#0"},
				"west": {"uv": [10.5, 9.75, 12.25, 10.75], "texture": "#0"},
				"up": {"uv": [11.25, 12.75, 11.25, 11], "texture": "#0"},
				"down": {"uv": [11.5, 3.75, 11.5, 5.5], "texture": "#0"}
			}
		},
		{
			"from": [8, 9, 6],
			"to": [8, 13, 13],
			"rotation": {"angle": -45, "axis": "z", "origin": [8, 9, 11.5]},
			"faces": {
				"north": {"uv": [11.5, 5.75, 11.5, 6.75], "texture": "#0"},
				"east": {"uv": [0, 10.5, 1.75, 11.5], "texture": "#0"},
				"south": {"uv": [11.5, 7, 11.5, 8], "texture": "#0"},
				"west": {"uv": [10.5, 9.75, 12.25, 10.75], "texture": "#0"},
				"up": {"uv": [11.5, 12.75, 11.5, 11], "texture": "#0"},
				"down": {"uv": [0, 11.75, 0, 13.5], "texture": "#0"}
			}
		},
		{
			"from": [8, 1, 13],
			"to": [8, 9, 17],
			"rotation": {"angle": -45, "axis": "y", "origin": [8, 8, 13]},
			"faces": {
				"north": {"uv": [6.25, 10.75, 6.25, 12.75], "texture": "#0"},
				"east": {"uv": [6.75, 9.5, 7.75, 11.5], "texture": "#0"},
				"south": {"uv": [6.5, 10.75, 6.5, 12.75], "texture": "#0"},
				"west": {"uv": [8, 9.75, 9, 11.75], "texture": "#0"},
				"up": {"uv": [8.25, 5.5, 8.25, 4.5], "texture": "#0"},
				"down": {"uv": [10.5, 11, 10.5, 12], "texture": "#0"}
			}
		},
		{
			"from": [8, 1, 13],
			"to": [8, 9, 17],
			"rotation": {"angle": 45, "axis": "y", "origin": [8, 8, 13]},
			"faces": {
				"north": {"uv": [10.75, 11, 10.75, 13], "texture": "#0"},
				"east": {"uv": [6.75, 9.5, 7.75, 11.5], "texture": "#0"},
				"south": {"uv": [11, 11, 11, 13], "texture": "#0"},
				"west": {"uv": [8, 9.75, 9, 11.75], "texture": "#0"},
				"up": {"uv": [11.25, 4.75, 11.25, 3.75], "texture": "#0"},
				"down": {"uv": [11.25, 5, 11.25, 6], "texture": "#0"}
			}
		},
		{
			"from": [4, 0, -3],
			"to": [12, 4, 3],
			"rotation": {"angle": 0, "axis": "y", "origin": [3, 0, -7]},
			"faces": {
				"north": {"uv": [2.25, 8.75, 4.25, 9.75], "texture": "#0"},
				"east": {"uv": [11, 1.25, 12.5, 2.25], "texture": "#0"},
				"south": {"uv": [4.5, 9.5, 6.5, 10.5], "texture": "#0"},
				"west": {"uv": [11, 2.5, 12.5, 3.5], "texture": "#0"},
				"up": {"uv": [2, 10.25, 0, 8.75], "texture": "#0"},
				"down": {"uv": [10.75, 0, 8.75, 1.5], "texture": "#0"}
			}
		},
		{
			"from": [3, -1, 3],
			"to": [13, 9, 13],
			"rotation": {"angle": 0, "axis": "y", "origin": [3, 0, 3]},
			"faces": {
				"north": {"uv": [0, 3.25, 2.5, 5.75], "texture": "#0"},
				"east": {"uv": [2.75, 3.25, 5.25, 5.75], "texture": "#0"},
				"south": {"uv": [5.5, 3.25, 8, 5.75], "texture": "#0"},
				"west": {"uv": [0, 6, 2.5, 8.5], "texture": "#0"},
				"up": {"uv": [8.5, 2.5, 6, 0], "texture": "#0"},
				"down": {"uv": [5.25, 6, 2.75, 8.5], "texture": "#0"}
			}
		}
	],
	"gui_light": "front",
	"display": {
		"thirdperson_righthand": {
			"translation": [0, 0.75, -2],
			"scale": [0.8, 0.8, 0.8]
		},
		"thirdperson_lefthand": {
			"translation": [0, 0.75, -2],
			"scale": [0.8, 0.8, 0.8]
		},
		"firstperson_righthand": {
			"rotation": [0, 127, 0],
			"translation": [12.75, 1, -15]
		},
		"firstperson_lefthand": {
			"rotation": [0, 127, 0],
			"translation": [12.75, 1, -15]
		},
		"ground": {
			"translation": [0, 5, 0],
			"scale": [0.8, 0.8, 0.8]
		},
		"gui": {
			"rotation": [22.5, 150, 0],
			"translation": [0.75, 2.75, 0],
			"scale": [0.9, 0.9, 0.9]
		},
		"head": {
			"translation": [0, 6.25, 0],
			"scale": [1.6, 1.6, 1.6]
		},
		"fixed": {
			"rotation": [-90, 0, 0],
			"translation": [0, 0, -18],
			"scale": [2, 2, 2]
		}
	},
	"groups": [
		{
			"name": "cool_duck_hat",
			"origin": [13, 0, 2.5],
			"color": 0,
			"children": [
				{
					"name": "sun_glasses",
					"origin": [13, 0, 2.5],
					"color": 0,
					"children": [0, 1, 2]
				},
				{
					"name": "hair",
					"origin": [8, 8, 13],
					"color": 0,
					"children": [3, 4, 5, 6, 7]
				},
				8,
				9
			]
		}
	]
}