{
	"credit": "Made with Blockbench",
	"texture_size": [64, 64],
	"textures": {
		"7": "block/easter_box_tinted"
	},
	"elements": [
		{
			"from": [1, 2, 1],
			"to": [15, 7, 15],
			"faces": {
				"north": {"uv": [6.5, 3.5, 10, 4.75], "texture": "#7"},
				"east": {"uv": [6.5, 4.75, 10, 6], "texture": "#7"},
				"south": {"uv": [0, 7, 3.5, 8.25], "texture": "#7"},
				"west": {"uv": [0, 8.25, 3.5, 9.5], "texture": "#7"},
				"up": {"uv": [3.5, 3.5, 0, 0], "texture": "#7"},
				"down": {"uv": [3.5, 3.5, 0, 7], "texture": "#7"}
			}
		},
		{
			"from": [2, 0, 2],
			"to": [14, 2, 14],
			"faces": {
				"north": {"uv": [0, 9.5, 3, 10], "texture": "#7"},
				"east": {"uv": [9.5, 0, 12.5, 0.5], "texture": "#7"},
				"south": {"uv": [9.5, 0.5, 12.5, 1], "texture": "#7"},
				"west": {"uv": [9.5, 1, 12.5, 1.5], "texture": "#7"},
				"up": {"uv": [6.5, 3, 3.5, 0], "texture": "#7"},
				"down": {"uv": [6.5, 3, 3.5, 6], "texture": "#7"}
			}
		},
		{
			"from": [7, 7, 2],
			"to": [9, 14, 14],
			"faces": {
				"north": {"uv": [5.5, 10, 6, 11.75], "texture": "#7"},
				"east": {"uv": [6.5, 0, 9.5, 1.75], "texture": "#7"},
				"south": {"uv": [6, 10, 6.5, 11.75], "texture": "#7"},
				"west": {"uv": [6.5, 1.75, 9.5, 3.5], "texture": "#7"},
				"up": {"uv": [9, 12, 8.5, 9], "texture": "#7"},
				"down": {"uv": [9.5, 9, 9, 12], "texture": "#7"}
			}
		},
		{
			"name": "cube_outline",
			"from": [13, 7, 13],
			"to": [3, 4, 3],
			"faces": {
				"north": {"uv": [8.5, 6, 11, 6.75], "texture": "#7"},
				"east": {"uv": [8.5, 6.75, 11, 7.5], "texture": "#7"},
				"south": {"uv": [8.5, 7.5, 11, 8.25], "texture": "#7"},
				"west": {"uv": [8.5, 8.25, 11, 9], "texture": "#7"},
				"up": {"uv": [6, 8.5, 3.5, 6], "texture": "#7"},
				"down": {"uv": [8.5, 6, 6, 8.5], "texture": "#7"}
			}
		},
		{
			"name": "cube_outline",
			"from": [9, 13, 13],
			"to": [7, 7, 3],
			"faces": {
				"north": {"uv": [10, 4.5, 10.5, 6], "texture": "#7"},
				"east": {"uv": [3.5, 8.5, 6, 10], "texture": "#7"},
				"south": {"uv": [6.5, 10, 7, 11.5], "texture": "#7"},
				"west": {"uv": [6, 8.5, 8.5, 10], "texture": "#7"},
				"up": {"uv": [3.5, 12, 3, 9.5], "texture": "#7"},
				"down": {"uv": [10, 9, 9.5, 11.5], "texture": "#7"}
			}
		},
		{
			"from": [7.1, 7.1, 0.2],
			"to": [8.9, 8.7, 1.9],
			"faces": {
				"north": {"uv": [6, 12.25, 6.5, 12.75], "texture": "#7", "tintindex": 0},
				"east": {"uv": [6.5, 12.25, 7, 12.75], "texture": "#7", "tintindex": 0},
				"south": {"uv": [7, 12.25, 7.5, 12.75], "texture": "#7", "tintindex": 0},
				"west": {"uv": [7.5, 12.25, 8, 12.75], "texture": "#7", "tintindex": 0},
				"up": {"uv": [8.5, 12.75, 8, 12.25], "texture": "#7", "tintindex": 0},
				"down": {"uv": [12.75, 8, 12.25, 8.5], "texture": "#7", "tintindex": 0}
			}
		},
		{
			"from": [5.2, 7, 0.5],
			"to": [7.8, 9, 1.4],
			"rotation": {"angle": -22.5, "axis": "z", "origin": [8, 8, 1.15]},
			"faces": {
				"north": {"uv": [3.5, 11.75, 4.25, 12.25], "texture": "#7", "tintindex": 0},
				"east": {"uv": [2.25, 12.75, 2.5, 13.25], "texture": "#7", "tintindex": 0},
				"south": {"uv": [4.25, 11.75, 5, 12.25], "texture": "#7", "tintindex": 0},
				"west": {"uv": [2.5, 12.75, 2.75, 13.25], "texture": "#7", "tintindex": 0},
				"up": {"uv": [13, 12.25, 12.25, 12], "texture": "#7", "tintindex": 0},
				"down": {"uv": [13, 12.25, 12.25, 12.5], "texture": "#7", "tintindex": 0}
			}
		},
		{
			"from": [8.2, 7, 0.5],
			"to": [10.8, 9, 1.4],
			"rotation": {"angle": 22.5, "axis": "z", "origin": [8, 8, 1.15]},
			"faces": {
				"north": {"uv": [5, 11.75, 5.75, 12.25], "texture": "#7", "tintindex": 0},
				"east": {"uv": [2.75, 12.75, 3, 13.25], "texture": "#7", "tintindex": 0},
				"south": {"uv": [5.75, 11.75, 6.5, 12.25], "texture": "#7", "tintindex": 0},
				"west": {"uv": [3, 12.75, 3.25, 13.25], "texture": "#7", "tintindex": 0},
				"up": {"uv": [13.25, 0.25, 12.5, 0], "texture": "#7", "tintindex": 0},
				"down": {"uv": [13.25, 0.25, 12.5, 0.5], "texture": "#7", "tintindex": 0}
			}
		},
		{
			"from": [7.2, 4, 0.7],
			"to": [8.8, 7, 0.7],
			"rotation": {"angle": -22.5, "axis": "z", "origin": [8, 8, 1.15]},
			"faces": {
				"north": {"uv": [8, 10, 8.5, 10.75], "texture": "#7", "tintindex": 0},
				"east": {"uv": [0, 0, 0, 0.75], "texture": "#7", "tintindex": 0},
				"south": {"uv": [8, 10.75, 8.5, 11.5], "texture": "#7", "tintindex": 0},
				"west": {"uv": [0, 0, 0, 0.75], "texture": "#7", "tintindex": 0},
				"up": {"uv": [0.5, 0, 0, 0], "texture": "#7", "tintindex": 0},
				"down": {"uv": [0.5, 0, 0, 0], "texture": "#7", "tintindex": 0}
			}
		},
		{
			"from": [7.3, 4, 0.7],
			"to": [8.9, 7, 0.7],
			"rotation": {"angle": 22.5, "axis": "z", "origin": [8, 8, 1.15]},
			"faces": {
				"north": {"uv": [8, 11.5, 8.5, 12.25], "texture": "#7", "tintindex": 0},
				"east": {"uv": [0, 0, 0, 0.75], "texture": "#7", "tintindex": 0},
				"south": {"uv": [9.5, 11.5, 10, 12.25], "texture": "#7", "tintindex": 0},
				"west": {"uv": [0, 0, 0, 0.75], "texture": "#7", "tintindex": 0},
				"up": {"uv": [0.5, 0, 0, 0], "texture": "#7", "tintindex": 0},
				"down": {"uv": [0.5, 0, 0, 0], "texture": "#7", "tintindex": 0}
			}
		},
		{
			"from": [6.7, 7, 1.4],
			"to": [9.3, 9, 3.1],
			"faces": {
				"north": {"uv": [0, 11.75, 0.75, 12.25], "texture": "#7", "tintindex": 0},
				"east": {"uv": [10.5, 3, 11, 3.5], "texture": "#7", "tintindex": 0},
				"south": {"uv": [0.75, 11.75, 1.5, 12.25], "texture": "#7", "tintindex": 0},
				"west": {"uv": [12.25, 5.5, 12.75, 6], "texture": "#7", "tintindex": 0},
				"up": {"uv": [2.25, 12.25, 1.5, 11.75], "texture": "#7", "tintindex": 0},
				"down": {"uv": [3, 11.75, 2.25, 12.25], "texture": "#7", "tintindex": 0}
			}
		},
		{
			"from": [6.7, 7, 12.9],
			"to": [9.3, 9, 14.6],
			"rotation": {"angle": 0, "axis": "y", "origin": [0, 0, 16]},
			"faces": {
				"north": {"uv": [11.75, 6, 12.5, 6.5], "texture": "#7", "tintindex": 0},
				"east": {"uv": [12.25, 8.5, 12.75, 9], "texture": "#7", "tintindex": 0},
				"south": {"uv": [11.75, 6.5, 12.5, 7], "texture": "#7", "tintindex": 0},
				"west": {"uv": [12.25, 9, 12.75, 9.5], "texture": "#7", "tintindex": 0},
				"up": {"uv": [12.5, 7.5, 11.75, 7], "texture": "#7", "tintindex": 0},
				"down": {"uv": [12.5, 7.5, 11.75, 8], "texture": "#7", "tintindex": 0}
			}
		},
		{
			"from": [8.2, 7, 14.6],
			"to": [10.8, 9, 15.5],
			"rotation": {"angle": 22.5, "axis": "z", "origin": [8, 8, 14.85]},
			"faces": {
				"north": {"uv": [12, 3, 12.75, 3.5], "texture": "#7", "tintindex": 0},
				"east": {"uv": [12.75, 3, 13, 3.5], "texture": "#7", "tintindex": 0},
				"south": {"uv": [12, 3.5, 12.75, 4], "texture": "#7", "tintindex": 0},
				"west": {"uv": [3.25, 12.75, 3.5, 13.25], "texture": "#7", "tintindex": 0},
				"up": {"uv": [13.25, 0.75, 12.5, 0.5], "texture": "#7", "tintindex": 0},
				"down": {"uv": [13.25, 0.75, 12.5, 1], "texture": "#7", "tintindex": 0}
			}
		},
		{
			"from": [7.1, 7.1, 14.1],
			"to": [8.9, 8.7, 15.8],
			"rotation": {"angle": 0, "axis": "y", "origin": [0, 0, 16]},
			"faces": {
				"north": {"uv": [9.25, 12.25, 9.75, 12.75], "texture": "#7", "tintindex": 0},
				"east": {"uv": [12.25, 9.5, 12.75, 10], "texture": "#7", "tintindex": 0},
				"south": {"uv": [12.25, 10, 12.75, 10.5], "texture": "#7", "tintindex": 0},
				"west": {"uv": [12.25, 10.5, 12.75, 11], "texture": "#7", "tintindex": 0},
				"up": {"uv": [12.75, 11.5, 12.25, 11], "texture": "#7", "tintindex": 0},
				"down": {"uv": [12.75, 11.5, 12.25, 12], "texture": "#7", "tintindex": 0}
			}
		},
		{
			"from": [7.3, 4, 15.3],
			"to": [8.9, 7, 15.3],
			"rotation": {"angle": 22.5, "axis": "z", "origin": [8, 8, 14.85]},
			"faces": {
				"north": {"uv": [11.75, 9.5, 12.25, 10.25], "texture": "#7", "tintindex": 0},
				"east": {"uv": [0, 0, 0, 0.75], "texture": "#7", "tintindex": 0},
				"south": {"uv": [11.75, 10.25, 12.25, 11], "texture": "#7", "tintindex": 0},
				"west": {"uv": [0, 0, 0, 0.75], "texture": "#7", "tintindex": 0},
				"up": {"uv": [0.5, 0, 0, 0], "texture": "#7", "tintindex": 0},
				"down": {"uv": [0.5, 0, 0, 0], "texture": "#7", "tintindex": 0}
			}
		},
		{
			"from": [7.2, 4, 15.3],
			"to": [8.8, 7, 15.3],
			"rotation": {"angle": -22.5, "axis": "z", "origin": [8, 8, 14.85]},
			"faces": {
				"north": {"uv": [11.75, 8, 12.25, 8.75], "texture": "#7", "tintindex": 0},
				"east": {"uv": [0, 0, 0, 0.75], "texture": "#7", "tintindex": 0},
				"south": {"uv": [11.75, 8.75, 12.25, 9.5], "texture": "#7", "tintindex": 0},
				"west": {"uv": [0, 0, 0, 0.75], "texture": "#7", "tintindex": 0},
				"up": {"uv": [0.5, 0, 0, 0], "texture": "#7", "tintindex": 0},
				"down": {"uv": [0.5, 0, 0, 0], "texture": "#7", "tintindex": 0}
			}
		},
		{
			"from": [5.2, 7, 14.6],
			"to": [7.8, 9, 15.5],
			"rotation": {"angle": -22.5, "axis": "z", "origin": [8, 8, 14.85]},
			"faces": {
				"north": {"uv": [12, 4, 12.75, 4.5], "texture": "#7", "tintindex": 0},
				"east": {"uv": [3.5, 12.75, 3.75, 13.25], "texture": "#7", "tintindex": 0},
				"south": {"uv": [8.5, 12, 9.25, 12.5], "texture": "#7", "tintindex": 0},
				"west": {"uv": [12.75, 3.5, 13, 4], "texture": "#7", "tintindex": 0},
				"up": {"uv": [13.25, 1.25, 12.5, 1], "texture": "#7", "tintindex": 0},
				"down": {"uv": [13.25, 1.25, 12.5, 1.5], "texture": "#7", "tintindex": 0}
			}
		},
		{
			"from": [9, 5, 3],
			"to": [13, 8, 7],
			"faces": {
				"north": {"uv": [7, 10, 8, 10.75], "texture": "#7"},
				"east": {"uv": [10, 9, 11, 9.75], "texture": "#7"},
				"south": {"uv": [10, 9.75, 11, 10.5], "texture": "#7"},
				"west": {"uv": [10.5, 1.5, 11.5, 2.25], "texture": "#7"},
				"up": {"uv": [10.5, 2.5, 9.5, 1.5], "texture": "#7"},
				"down": {"uv": [10.5, 2.5, 9.5, 3.5], "texture": "#7"}
			}
		},
		{
			"from": [9.5, 8, 3.5],
			"to": [12.5, 10, 6.5],
			"faces": {
				"north": {"uv": [10, 12, 10.75, 12.5], "texture": "#7"},
				"east": {"uv": [10.75, 12, 11.5, 12.5], "texture": "#7"},
				"south": {"uv": [11.5, 12, 12.25, 12.5], "texture": "#7"},
				"west": {"uv": [0, 12.25, 0.75, 12.75], "texture": "#7"},
				"up": {"uv": [11.75, 6.75, 11, 6], "texture": "#7"},
				"down": {"uv": [11.75, 6.75, 11, 7.5], "texture": "#7"}
			}
		},
		{
			"from": [9.5, 4, 3.5],
			"to": [12.5, 5, 6.5],
			"faces": {
				"north": {"uv": [12.5, 6, 13.25, 6.25], "texture": "#7"},
				"east": {"uv": [12.5, 6.25, 13.25, 6.5], "texture": "#7"},
				"south": {"uv": [12.5, 6.5, 13.25, 6.75], "texture": "#7"},
				"west": {"uv": [12.5, 6.75, 13.25, 7], "texture": "#7"},
				"up": {"uv": [11.75, 8.25, 11, 7.5], "texture": "#7"},
				"down": {"uv": [11.75, 8.25, 11, 9], "texture": "#7"}
			}
		},
		{
			"from": [2.8, 4.8, 4.1],
			"to": [6.8, 7.8, 8.1],
			"rotation": {"angle": 22.5, "axis": "y", "origin": [5, 7.05, 5]},
			"faces": {
				"north": {"uv": [10.5, 2.25, 11.5, 3], "texture": "#7"},
				"east": {"uv": [10.5, 4.5, 11.5, 5.25], "texture": "#7"},
				"south": {"uv": [10.5, 5.25, 11.5, 6], "texture": "#7"},
				"west": {"uv": [10, 10.5, 11, 11.25], "texture": "#7"},
				"up": {"uv": [1, 11, 0, 10], "texture": "#7"},
				"down": {"uv": [2, 10, 1, 11], "texture": "#7"}
			}
		},
		{
			"from": [3.3, 7.8, 4.6],
			"to": [6.3, 9.8, 7.6],
			"rotation": {"angle": 22.5, "axis": "y", "origin": [5, 7.05, 5]},
			"faces": {
				"north": {"uv": [0.75, 12.25, 1.5, 12.75], "texture": "#7"},
				"east": {"uv": [1.5, 12.25, 2.25, 12.75], "texture": "#7"},
				"south": {"uv": [12.25, 1.5, 13, 2], "texture": "#7"},
				"west": {"uv": [12.25, 2, 13, 2.5], "texture": "#7"},
				"up": {"uv": [11.75, 9.75, 11, 9], "texture": "#7"},
				"down": {"uv": [11.75, 9.75, 11, 10.5], "texture": "#7"}
			}
		},
		{
			"from": [3.3, 3.8, 4.6],
			"to": [6.3, 4.8, 7.6],
			"rotation": {"angle": 22.5, "axis": "y", "origin": [5, 7.05, 5]},
			"faces": {
				"north": {"uv": [12.5, 7, 13.25, 7.25], "texture": "#7"},
				"east": {"uv": [12.5, 7.25, 13.25, 7.5], "texture": "#7"},
				"south": {"uv": [12.5, 7.5, 13.25, 7.75], "texture": "#7"},
				"west": {"uv": [12.5, 7.75, 13.25, 8], "texture": "#7"},
				"up": {"uv": [11.75, 11.25, 11, 10.5], "texture": "#7"},
				"down": {"uv": [10.75, 11.25, 10, 12], "texture": "#7"}
			}
		},
		{
			"from": [3.20735, 5.3, 8.87135],
			"to": [7.20735, 8.3, 12.87135],
			"rotation": {"angle": 0, "axis": "y", "origin": [-8.69265, 7.05, 1.47135]},
			"faces": {
				"north": {"uv": [7, 10.75, 8, 11.5], "texture": "#7"},
				"east": {"uv": [0, 11, 1, 11.75], "texture": "#7"},
				"south": {"uv": [1, 11, 2, 11.75], "texture": "#7"},
				"west": {"uv": [2, 11, 3, 11.75], "texture": "#7"},
				"up": {"uv": [3, 11, 2, 10], "texture": "#7"},
				"down": {"uv": [4.5, 10, 3.5, 11], "texture": "#7"}
			}
		},
		{
			"from": [3.70735, 8.3, 9.37135],
			"to": [6.70735, 10.3, 12.37135],
			"rotation": {"angle": 0, "axis": "y", "origin": [-8.69265, 7.05, 1.47135]},
			"faces": {
				"north": {"uv": [2.25, 12.25, 3, 12.75], "texture": "#7"},
				"east": {"uv": [12.25, 2.5, 13, 3], "texture": "#7"},
				"south": {"uv": [3, 12.25, 3.75, 12.75], "texture": "#7"},
				"west": {"uv": [3.75, 12.25, 4.5, 12.75], "texture": "#7"},
				"up": {"uv": [11.5, 12, 10.75, 11.25], "texture": "#7"},
				"down": {"uv": [12.25, 1.5, 11.5, 2.25], "texture": "#7"}
			}
		},
		{
			"from": [3.70735, 4.3, 9.37135],
			"to": [6.70735, 5.3, 12.37135],
			"rotation": {"angle": 0, "axis": "y", "origin": [-8.69265, 7.05, 1.47135]},
			"faces": {
				"north": {"uv": [8.5, 12.5, 9.25, 12.75], "texture": "#7"},
				"east": {"uv": [9.75, 12.5, 10.5, 12.75], "texture": "#7"},
				"south": {"uv": [10.5, 12.5, 11.25, 12.75], "texture": "#7"},
				"west": {"uv": [11.25, 12.5, 12, 12.75], "texture": "#7"},
				"up": {"uv": [12.25, 3, 11.5, 2.25], "texture": "#7"},
				"down": {"uv": [12.25, 4.5, 11.5, 5.25], "texture": "#7"}
			}
		},
		{
			"from": [2.66882, 5.3, 18.86238],
			"to": [6.66882, 8.3, 22.86238],
			"rotation": {"angle": 45, "axis": "y", "origin": [-5.63118, 7.05, 8.86238]},
			"faces": {
				"north": {"uv": [11, 3, 12, 3.75], "texture": "#7"},
				"east": {"uv": [3.5, 11, 4.5, 11.75], "texture": "#7"},
				"south": {"uv": [11, 3.75, 12, 4.5], "texture": "#7"},
				"west": {"uv": [4.5, 11, 5.5, 11.75], "texture": "#7"},
				"up": {"uv": [11, 4.5, 10, 3.5], "texture": "#7"},
				"down": {"uv": [5.5, 10, 4.5, 11], "texture": "#7"}
			}
		},
		{
			"from": [3.16882, 8.3, 19.36238],
			"to": [6.16882, 10.3, 22.36238],
			"rotation": {"angle": 45, "axis": "y", "origin": [-5.63118, 7.05, 8.86238]},
			"faces": {
				"north": {"uv": [4.5, 12.25, 5.25, 12.75], "texture": "#7"},
				"east": {"uv": [12.25, 4.5, 13, 5], "texture": "#7"},
				"south": {"uv": [12.25, 5, 13, 5.5], "texture": "#7"},
				"west": {"uv": [5.25, 12.25, 6, 12.75], "texture": "#7"},
				"up": {"uv": [12.25, 6, 11.5, 5.25], "texture": "#7"},
				"down": {"uv": [7.25, 11.5, 6.5, 12.25], "texture": "#7"}
			}
		},
		{
			"from": [3.16882, 4.3, 19.36238],
			"to": [6.16882, 5.3, 22.36238],
			"rotation": {"angle": 45, "axis": "y", "origin": [-5.63118, 7.05, 8.86238]},
			"faces": {
				"north": {"uv": [12, 12.5, 12.75, 12.75], "texture": "#7"},
				"east": {"uv": [0, 12.75, 0.75, 13], "texture": "#7"},
				"south": {"uv": [0.75, 12.75, 1.5, 13], "texture": "#7"},
				"west": {"uv": [1.5, 12.75, 2.25, 13], "texture": "#7"},
				"up": {"uv": [8, 12.25, 7.25, 11.5], "texture": "#7"},
				"down": {"uv": [12.25, 11.25, 11.5, 12], "texture": "#7"}
			}
		}
	],
	"display": {
		"thirdperson_righthand": {
			"rotation": [72.84, 5.21, 4.83],
			"translation": [0.75, -2.75, -2.5],
			"scale": [0.46484, 0.46484, 0.46484]
		},
		"thirdperson_lefthand": {
			"rotation": [72.84, 5.21, 4.83],
			"translation": [0.75, -2.75, -2.5],
			"scale": [0.46484, 0.46484, 0.46484]
		},
		"firstperson_righthand": {
			"rotation": [180, 67.75, 180],
			"translation": [1.25, 3.25, 0.75],
			"scale": [0.3082, 0.3082, 0.3082]
		},
		"firstperson_lefthand": {
			"rotation": [180, 67.75, 180],
			"translation": [1.25, 3.25, 0.75],
			"scale": [0.3082, 0.3082, 0.3082]
		},
		"ground": {
			"translation": [0, 5, 0],
			"scale": [0.80079, 0.80079, 0.80079]
		},
		"gui": {
			"rotation": [30, 225, 0],
			"translation": [0, 1.5, 0],
			"scale": [0.71094, 0.71094, 0.71094]
		},
		"head": {
			"rotation": [-180, -49.25, -180],
			"translation": [0, 15.25, 0.25],
			"scale": [1.06054, 1.06054, 1.06054]
		},
		"fixed": {
			"rotation": [-90, 180, 0],
			"translation": [0, 0, -16],
			"scale": [2, 2, 2]
		}
	},
	"groups": [
		0,
		1,
		2,
		3,
		4,
		{
			"name": "group",
			"origin": [8, 8, 14.85],
			"color": 0,
			"children": [5, 6, 7, 8, 9, 10, 11, 12, 13, 14, 15, 16]
		},
		{
			"name": "group",
			"origin": [0, 0, 0],
			"color": 0,
			"children": [17, 18, 19]
		},
		{
			"name": "group",
			"origin": [0, 0, 0],
			"color": 0,
			"children": [20, 21, 22]
		},
		{
			"name": "group",
			"origin": [0, 0, 0],
			"color": 0,
			"children": [23, 24, 25]
		},
		{
			"name": "group",
			"origin": [0, 0, 0],
			"color": 0,
			"children": [26, 27, 28]
		}
	]
}