{
	"credit": "Made with Blockbench",
	"texture_size": [32, 32],
	"textures": {
		"3": "block/fig1_1",
		"particle": "block/fig1_1"
	},
	"elements": [
		{
			"name": "base",
			"from": [4, 0, 4],
			"to": [12, 1, 12],
			"faces": {
				"north": {"uv": [4.5, 0, 8.5, 0.5], "texture": "#3"},
				"east": {"uv": [4.5, 0.5, 8.5, 1], "texture": "#3"},
				"south": {"uv": [4.5, 1, 8.5, 1.5], "texture": "#3"},
				"west": {"uv": [4.5, 1.5, 8.5, 2], "texture": "#3"},
				"up": {"uv": [4.5, 4, 0.5, 0], "texture": "#3"},
				"down": {"uv": [4, 4, 0, 8], "texture": "#3"}
			}
		},
		{
			"from": [5, 1, 5],
			"to": [7, 3, 7],
			"faces": {
				"north": {"uv": [0, 12, 1, 13], "texture": "#3"},
				"east": {"uv": [1, 12, 2, 13], "texture": "#3"},
				"south": {"uv": [2, 12, 3, 13], "texture": "#3"},
				"west": {"uv": [3, 12, 4, 13], "texture": "#3"},
				"up": {"uv": [5, 13, 4, 12], "texture": "#3"},
				"down": {"uv": [13, 4, 12, 5], "texture": "#3"}
			}
		},
		{
			"from": [9, 1, 5],
			"to": [11, 3, 7],
			"faces": {
				"north": {"uv": [5, 12, 6, 13], "texture": "#3"},
				"east": {"uv": [12, 5, 13, 6], "texture": "#3"},
				"south": {"uv": [6, 12, 7, 13], "texture": "#3"},
				"west": {"uv": [12, 6, 13, 7], "texture": "#3"},
				"up": {"uv": [8, 13, 7, 12], "texture": "#3"},
				"down": {"uv": [13, 7, 12, 8], "texture": "#3"}
			}
		},
		{
			"from": [5, 1, 9],
			"to": [7, 3, 11],
			"faces": {
				"north": {"uv": [12, 8, 13, 9], "texture": "#3"},
				"east": {"uv": [12, 9, 13, 10], "texture": "#3"},
				"south": {"uv": [12, 10, 13, 11], "texture": "#3"},
				"west": {"uv": [12, 11, 13, 12], "texture": "#3"},
				"up": {"uv": [13, 13, 12, 12], "texture": "#3"},
				"down": {"uv": [13.5, 0, 12.5, 1], "texture": "#3"}
			}
		},
		{
			"from": [9, 1, 9],
			"to": [11, 3, 11],
			"faces": {
				"north": {"uv": [12.5, 1, 13.5, 2], "texture": "#3"},
				"east": {"uv": [12.5, 2, 13.5, 3], "texture": "#3"},
				"south": {"uv": [12.5, 3, 13.5, 4], "texture": "#3"},
				"west": {"uv": [8, 12.5, 9, 13.5], "texture": "#3"},
				"up": {"uv": [10, 13.5, 9, 12.5], "texture": "#3"},
				"down": {"uv": [11, 12.5, 10, 13.5], "texture": "#3"}
			}
		},
		{
			"name": "nose",
			"from": [6, 4, 12],
			"to": [10, 7, 13],
			"faces": {
				"north": {"uv": [8, 11, 10, 12.5], "texture": "#3"},
				"east": {"uv": [0, 0.5, 0.5, 2], "texture": "#3"},
				"south": {"uv": [10, 11, 12, 12.5], "texture": "#3"},
				"west": {"uv": [0, 2, 0.5, 3.5], "texture": "#3"},
				"up": {"uv": [6.5, 4.5, 4.5, 4], "texture": "#3"},
				"down": {"uv": [2, 13, 0, 13.5], "texture": "#3"}
			}
		},
		{
			"name": "head/body",
			"from": [4, 3, 4],
			"to": [12, 9, 12],
			"faces": {
				"north": {"uv": [8, 8, 12, 11], "texture": "#3"},
				"east": {"uv": [0, 8.5, 4, 11.5], "texture": "#3"},
				"south": {"uv": [8.5, 0, 12.5, 3], "texture": "#3"},
				"west": {"uv": [4, 8.5, 8, 11.5], "texture": "#3"},
				"up": {"uv": [8, 8.5, 4, 4.5], "texture": "#3"},
				"down": {"uv": [12, 4, 8, 8], "texture": "#3"}
			}
		}
	],
	"gui_light": "front",
	"display": {
		"thirdperson_righthand": {
			"rotation": [0, 180, 0],
			"translation": [0, 0, -2],
			"scale": [0.5, 0.5, 0.5]
		},
		"thirdperson_lefthand": {
			"rotation": [0, 180, 0],
			"translation": [0, 0, -2],
			"scale": [0.5, 0.5, 0.5]
		},
		"firstperson_righthand": {
			"rotation": [0, -180, 0],
			"scale": [0.5, 0.5, 0.5]
		},
		"firstperson_lefthand": {
			"rotation": [0, -180, 0],
			"scale": [0.5, 0.5, 0.5]
		},
		"ground": {
			"translation": [0, 2, 0],
			"scale": [0.5, 0.5, 0.5]
		},
		"gui": {
			"translation": [0, 2.25, 0]
		},
		"head": {
			"rotation": [0, -180, 0],
			"translation": [0, 12.5, 0],
			"scale": [0.75, 0.75, 0.75]
		},
		"fixed": {
			"rotation": [-90, 0, 0],
			"translation": [0, 0, -9.5],
			"scale": [1.2, 1.2, 1.2]
		}
	},
	"groups": [
		0,
		{
			"name": "legs",
			"origin": [0, 0, 0],
			"color": 0,
			"children": [1, 2, 3, 4]
		},
		5,
		6
	]
}