{
	"credit": "Made with Blockbench",
	"texture_size": [32, 32],
	"textures": {
		"2": "block/fig7",
		"particle": "block/fig7"
	},
	"elements": [
		{
			"name": "base",
			"from": [4, 0, 4],
			"to": [12, 1, 12],
			"faces": {
				"north": {"uv": [0, 9.5, 4, 10], "texture": "#2"},
				"east": {"uv": [4, 9.5, 8, 10], "texture": "#2"},
				"south": {"uv": [0, 10, 4, 10.5], "texture": "#2"},
				"west": {"uv": [10, 0, 14, 0.5], "texture": "#2"},
				"up": {"uv": [13, 8, 9, 4], "texture": "#2"},
				"down": {"uv": [13, 8, 9, 12], "texture": "#2"}
			}
		},
		{
			"from": [6, 1, 7],
			"to": [7, 4, 9],
			"faces": {
				"north": {"uv": [1, 8, 1.5, 9.5], "texture": "#2"},
				"east": {"uv": [7, 5, 8, 6.5], "texture": "#2"},
				"south": {"uv": [1.5, 8, 2, 9.5], "texture": "#2"},
				"west": {"uv": [7, 6.5, 8, 8], "texture": "#2"},
				"up": {"uv": [3.5, 9, 3, 8], "texture": "#2"},
				"down": {"uv": [4, 8, 3.5, 9], "texture": "#2"}
			}
		},
		{
			"from": [9, 1, 7],
			"to": [10, 4, 9],
			"faces": {
				"north": {"uv": [0, 8, 0.5, 9.5], "texture": "#2"},
				"east": {"uv": [7, 2, 8, 3.5], "texture": "#2"},
				"south": {"uv": [0.5, 8, 1, 9.5], "texture": "#2"},
				"west": {"uv": [7, 3.5, 8, 5], "texture": "#2"},
				"up": {"uv": [2.5, 9, 2, 8], "texture": "#2"},
				"down": {"uv": [3, 8, 2.5, 9], "texture": "#2"}
			}
		},
		{
			"name": "body",
			"from": [5, 4, 6],
			"to": [11, 12, 10],
			"faces": {
				"north": {"uv": [0, 0, 3, 4], "texture": "#2"},
				"east": {"uv": [0, 4, 2, 8], "texture": "#2"},
				"south": {"uv": [3, 0, 6, 4], "texture": "#2"},
				"west": {"uv": [2, 4, 4, 8], "texture": "#2"},
				"up": {"uv": [7, 6, 4, 4], "texture": "#2"},
				"down": {"uv": [9, 0, 6, 2], "texture": "#2"}
			}
		},
		{
			"from": [4, 4, 7],
			"to": [5, 8, 9],
			"faces": {
				"north": {"uv": [8, 2, 8.5, 4], "texture": "#2"},
				"east": {"uv": [6, 2, 7, 4], "texture": "#2"},
				"south": {"uv": [8, 4, 8.5, 6], "texture": "#2"},
				"west": {"uv": [4, 6, 5, 8], "texture": "#2"},
				"up": {"uv": [4.5, 9, 4, 8], "texture": "#2"},
				"down": {"uv": [5, 8, 4.5, 9], "texture": "#2"}
			}
		},
		{
			"from": [11, 4, 7],
			"to": [12, 8, 9],
			"faces": {
				"north": {"uv": [8, 6, 8.5, 8], "texture": "#2"},
				"east": {"uv": [5, 6, 6, 8], "texture": "#2"},
				"south": {"uv": [8, 8, 8.5, 10], "texture": "#2"},
				"west": {"uv": [6, 6, 7, 8], "texture": "#2"},
				"up": {"uv": [5.5, 9, 5, 8], "texture": "#2"},
				"down": {"uv": [6, 8, 5.5, 9], "texture": "#2"}
			}
		},
		{
			"from": [4, 3, 6],
			"to": [5, 4, 10],
			"faces": {
				"north": {"uv": [6, 8.5, 6.5, 9], "texture": "#2"},
				"east": {"uv": [6, 8, 8, 8.5], "texture": "#2"},
				"south": {"uv": [6.5, 8.5, 7, 9], "texture": "#2"},
				"west": {"uv": [8.5, 2, 10.5, 2.5], "texture": "#2"},
				"up": {"uv": [9, 4.5, 8.5, 2.5], "texture": "#2"},
				"down": {"uv": [9, 4.5, 8.5, 6.5], "texture": "#2"}
			}
		},
		{
			"from": [4, 4, 5],
			"to": [5, 5, 6],
			"faces": {
				"north": {"uv": [8.5, 6.5, 9, 7], "texture": "#2"},
				"east": {"uv": [7, 8.5, 7.5, 9], "texture": "#2"},
				"south": {"uv": [8.5, 7, 9, 7.5], "texture": "#2"},
				"west": {"uv": [7.5, 8.5, 8, 9], "texture": "#2"},
				"up": {"uv": [9, 8, 8.5, 7.5], "texture": "#2"},
				"down": {"uv": [9, 8, 8.5, 8.5], "texture": "#2"}
			}
		},
		{
			"from": [4, 4, 10],
			"to": [5, 5, 11],
			"faces": {
				"north": {"uv": [8.5, 8.5, 9, 9], "texture": "#2"},
				"east": {"uv": [9, 0, 9.5, 0.5], "texture": "#2"},
				"south": {"uv": [9, 0.5, 9.5, 1], "texture": "#2"},
				"west": {"uv": [9, 1, 9.5, 1.5], "texture": "#2"},
				"up": {"uv": [9.5, 2, 9, 1.5], "texture": "#2"},
				"down": {"uv": [2.5, 9, 2, 9.5], "texture": "#2"}
			}
		}
	],
	"gui_light": "front",
	"display": {
		"thirdperson_righthand": {
			"translation": [0, 0, -2],
			"scale": [0.5, 0.5, 0.5]
		},
		"thirdperson_lefthand": {
			"translation": [0, 0, -2],
			"scale": [0.5, 0.5, 0.5]
		},
		"firstperson_righthand": {
			"scale": [0.5, 0.5, 0.5]
		},
		"firstperson_lefthand": {
			"scale": [0.5, 0.5, 0.5]
		},
		"ground": {
			"translation": [0, 2, 0],
			"scale": [0.5, 0.5, 0.5]
		},
		"gui": {
			"rotation": [0, -180, 0],
			"translation": [0, 2.25, 0]
		},
		"head": {
			"translation": [0, 12.5, 0],
			"scale": [0.75, 0.75, 0.75]
		},
		"fixed": {
			"rotation": [-90, -180, 0],
			"translation": [0, 0, -9.5],
			"scale": [1.2, 1.2, 1.2]
		}
	},
	"groups": [
		0,
		{
			"name": "legs",
			"origin": [0, 0, 0],
			"color": 0,
			"children": [1, 2]
		},
		3,
		{
			"name": "arms",
			"origin": [0, 0, 0],
			"color": 0,
			"children": [4, 5]
		},
		{
			"name": "bow",
			"origin": [0, 0, 0],
			"color": 0,
			"children": [6, 7, 8]
		}
	]
}