{
	"format_version": "1.21.6",
	"credit": "Made with Blockbench",
	"texture_size": [128, 128],
	"textures": {
		"0": "block/frosty_the_snowman_hat_texture",
		"particle": "block/frosty_the_snowman_hat_texture"
	},
	"elements": [
		{
			"from": [4, 4, 2.75],
			"to": [7, 8, 2.75],
			"rotation": {"angle": 0, "axis": "y", "origin": [11, 1, 0.75]},
			"faces": {
				"north": {"uv": [6.625, 6.625, 7, 7.125], "texture": "#0"},
				"east": {"uv": [2.875, 3.375, 2.875, 3.875], "texture": "#0"},
				"south": {"uv": [6.875, 6, 7.25, 6.5], "texture": "#0"},
				"west": {"uv": [2.75, 4.75, 2.75, 5.25], "texture": "#0"},
				"up": {"uv": [6, 5.375, 5.625, 5.375], "texture": "#0"},
				"down": {"uv": [6.5, 5.375, 6.125, 5.375], "texture": "#0"}
			}
		},
		{
			"from": [9, 4, 2.75],
			"to": [12, 8, 2.75],
			"rotation": {"angle": 0, "axis": "y", "origin": [5, 1, 0.75]},
			"faces": {
				"north": {"uv": [6.875, 6, 7.25, 6.5], "texture": "#0"},
				"east": {"uv": [7, 7.25, 7, 7.75], "texture": "#0"},
				"south": {"uv": [6.625, 6.625, 7, 7.125], "texture": "#0"},
				"west": {"uv": [7.375, 1.375, 7.375, 1.875], "texture": "#0"},
				"up": {"uv": [6.875, 4.625, 6.5, 4.625], "texture": "#0"},
				"down": {"uv": [6.875, 4.75, 6.5, 4.75], "texture": "#0"}
			}
		},
		{
			"from": [7, 2, 1],
			"to": [9, 4, 3],
			"rotation": {"angle": 0, "axis": "y", "origin": [3, -1, 1]},
			"faces": {
				"north": {"uv": [7.125, 4.625, 7.375, 4.875], "texture": "#0"},
				"east": {"uv": [7.125, 5, 7.375, 5.25], "texture": "#0"},
				"south": {"uv": [7.125, 6.625, 7.375, 6.875], "texture": "#0"},
				"west": {"uv": [7.125, 7, 7.375, 7.25], "texture": "#0"},
				"up": {"uv": [6.875, 7.5, 6.625, 7.25], "texture": "#0"},
				"down": {"uv": [7.625, 1, 7.375, 1.25], "texture": "#0"}
			}
		},
		{
			"from": [3.8, -0.5, -5],
			"to": [6.8, 3.5, -2],
			"rotation": {"angle": 45, "axis": "y", "origin": [5.3, 1, 3]},
			"faces": {
				"north": {"uv": [1.25, 7.125, 1.625, 7.625], "texture": "#0"},
				"east": {"uv": [1.75, 7.125, 2.125, 7.625], "texture": "#0"},
				"south": {"uv": [2.25, 7.125, 2.625, 7.625], "texture": "#0"},
				"west": {"uv": [2.75, 7.125, 3.125, 7.625], "texture": "#0"},
				"up": {"uv": [2.5, 6.5, 2.125, 6.125], "texture": "#0"},
				"down": {"uv": [4.5, 7.125, 4.125, 7.5], "texture": "#0"}
			}
		},
		{
			"from": [4.8, 0, -2],
			"to": [5.8, 2, 4],
			"rotation": {"angle": 45, "axis": "y", "origin": [5.3, 0.5, 3]},
			"faces": {
				"north": {"uv": [2.75, 1.375, 2.875, 1.625], "texture": "#0"},
				"east": {"uv": [7, 0.625, 7.75, 0.875], "texture": "#0"},
				"south": {"uv": [5.625, 4.125, 5.75, 4.375], "texture": "#0"},
				"west": {"uv": [3.25, 7.125, 4, 7.375], "texture": "#0"},
				"up": {"uv": [4.75, 7.875, 4.625, 7.125], "texture": "#0"},
				"down": {"uv": [5, 7.125, 4.875, 7.875], "texture": "#0"}
			}
		},
		{
			"name": "pipe_anim",
			"from": [5.3, 3.5, -6],
			"to": [5.3, 10.5, 0],
			"rotation": {"angle": 45, "axis": "y", "origin": [5.3, 1, 3]},
			"faces": {
				"north": {"uv": [5.125, 7.375, 5.125, 8.25], "texture": "#0"},
				"east": {"uv": [1.25, 6.125, 2, 7], "texture": "#0"},
				"south": {"uv": [5.25, 7.375, 5.25, 8.25], "texture": "#0"},
				"west": {"uv": [2, 6.125, 1.25, 7], "texture": "#0"},
				"up": {"uv": [5.375, 8.125, 5.375, 7.375], "texture": "#0"},
				"down": {"uv": [7.375, 5.375, 7.375, 6.125], "texture": "#0"}
			}
		},
		{
			"from": [3, -1, 3],
			"to": [13, 9, 13],
			"rotation": {"angle": 0, "axis": "y", "origin": [3, -1, 3]},
			"faces": {
				"north": {"uv": [1.5, 3.375, 2.75, 4.625], "texture": "#0"},
				"east": {"uv": [2.875, 4.125, 4.125, 5.375], "texture": "#0"},
				"south": {"uv": [4.25, 0, 5.5, 1.25], "texture": "#0"},
				"west": {"uv": [4.25, 4.125, 5.5, 5.375], "texture": "#0"},
				"up": {"uv": [5.75, 2.625, 4.5, 1.375], "texture": "#0"},
				"down": {"uv": [5.75, 2.75, 4.5, 4], "texture": "#0"}
			}
		},
		{
			"name": "head_outline",
			"from": [13.5, 9, 13.5],
			"to": [2.5, -1, 2.5],
			"rotation": {"angle": 0, "axis": "y", "origin": [3, -1, 3]},
			"faces": {
				"north": {"uv": [2.75, 0, 4.125, 1.25], "texture": "#0"},
				"east": {"uv": [3, 1.375, 4.375, 2.625], "texture": "#0"},
				"south": {"uv": [3, 2.75, 4.375, 4], "texture": "#0"},
				"west": {"uv": [0, 3.375, 1.375, 4.625], "texture": "#0"},
				"up": {"uv": [1.375, 3.25, 0, 1.875], "texture": "#0"},
				"down": {"uv": [2.875, 1.875, 1.5, 3.25], "texture": "#0"}
			}
		},
		{
			"from": [3, 9, 3],
			"to": [13, 17, 13],
			"rotation": {"angle": 0, "axis": "y", "origin": [4, 9, 4]},
			"faces": {
				"north": {"uv": [2.75, 5.5, 4, 6.5], "texture": "#0"},
				"east": {"uv": [4.125, 5.5, 5.375, 6.5], "texture": "#0"},
				"south": {"uv": [5.5, 5.5, 6.75, 6.5], "texture": "#0"},
				"west": {"uv": [5.625, 0, 6.875, 1], "texture": "#0"},
				"up": {"uv": [1.25, 6, 0, 4.75], "texture": "#0"},
				"down": {"uv": [2.625, 4.75, 1.375, 6], "texture": "#0"}
			}
		},
		{
			"from": [2.75, 9.25, 2.75],
			"to": [13.25, 12.25, 2.75],
			"rotation": {"angle": 0, "axis": "y", "origin": [4, 9.25, 3.75]},
			"faces": {
				"north": {"uv": [5.625, 4.875, 7, 5.25], "texture": "#0"},
				"east": {"uv": [2.625, 6.125, 2.625, 6.5], "texture": "#0"},
				"south": {"uv": [6.5, 2.125, 7.875, 2.5], "texture": "#0"},
				"west": {"uv": [5.5, 7.375, 5.5, 7.75], "texture": "#0"},
				"up": {"uv": [8.75, 2, 7.375, 2], "texture": "#0"},
				"down": {"uv": [8.75, 6.25, 7.375, 6.25], "texture": "#0"}
			}
		},
		{
			"from": [2.75, 9.25, 2.75],
			"to": [2.75, 12.25, 13.25],
			"rotation": {"angle": 0, "axis": "y", "origin": [4, 9.25, 3.75]},
			"faces": {
				"north": {"uv": [5.625, 7.375, 5.625, 7.75], "texture": "#0"},
				"east": {"uv": [6.5, 2.625, 7.875, 3], "texture": "#0"},
				"south": {"uv": [5.75, 7.375, 5.75, 7.75], "texture": "#0"},
				"west": {"uv": [6.5, 3.125, 7.875, 3.5], "texture": "#0"},
				"up": {"uv": [5.875, 8.75, 5.875, 7.375], "texture": "#0"},
				"down": {"uv": [6, 7.375, 6, 8.75], "texture": "#0"}
			}
		},
		{
			"from": [13.25, 9.25, 2.75],
			"to": [13.25, 12.25, 13.25],
			"rotation": {"angle": 0, "axis": "y", "origin": [12, 9.25, 3.75]},
			"faces": {
				"north": {"uv": [6.125, 7.375, 6.125, 7.75], "texture": "#0"},
				"east": {"uv": [6.5, 3.625, 7.875, 4], "texture": "#0"},
				"south": {"uv": [6.25, 7.375, 6.25, 7.75], "texture": "#0"},
				"west": {"uv": [6.5, 4.125, 7.875, 4.5], "texture": "#0"},
				"up": {"uv": [6.375, 8.75, 6.375, 7.375], "texture": "#0"},
				"down": {"uv": [6.5, 7.375, 6.5, 8.75], "texture": "#0"}
			}
		},
		{
			"from": [2.75, 9.25, 13.25],
			"to": [13.25, 12.25, 13.25],
			"rotation": {"angle": 0, "axis": "y", "origin": [4, 9.25, 12.25]},
			"faces": {
				"north": {"uv": [2.125, 6.625, 3.5, 7], "texture": "#0"},
				"east": {"uv": [7.125, 7.375, 7.125, 7.75], "texture": "#0"},
				"south": {"uv": [3.625, 6.625, 5, 7], "texture": "#0"},
				"west": {"uv": [7.25, 7.375, 7.25, 7.75], "texture": "#0"},
				"up": {"uv": [8.75, 6.375, 7.375, 6.375], "texture": "#0"},
				"down": {"uv": [8.75, 6.5, 7.375, 6.5], "texture": "#0"}
			}
		},
		{
			"from": [0.75, 9.75, 2.75],
			"to": [5.75, 14.75, 2.75],
			"rotation": {"angle": 22.5, "axis": "y", "origin": [2.75, 11.75, 2.75]},
			"faces": {
				"north": {"uv": [5.125, 6.625, 5.75, 7.25], "texture": "#0"},
				"east": {"uv": [7.375, 7.375, 7.375, 8], "texture": "#0"},
				"south": {"uv": [5.875, 6.625, 6.5, 7.25], "texture": "#0"},
				"west": {"uv": [3.25, 7.5, 3.25, 8.125], "texture": "#0"},
				"up": {"uv": [8.125, 0, 7.5, 0], "texture": "#0"},
				"down": {"uv": [8.125, 0.125, 7.5, 0.125], "texture": "#0"}
			}
		},
		{
			"from": [-1, 9, 1],
			"to": [3, 9, 15],
			"rotation": {"angle": -22.5, "axis": "z", "origin": [3, 9, 8]},
			"faces": {
				"north": {"uv": [7.5, 0.25, 8, 0.25], "texture": "#0"},
				"east": {"uv": [7.5, 0.375, 9.25, 0.375], "texture": "#0"},
				"south": {"uv": [7.5, 0.5, 8, 0.5], "texture": "#0"},
				"west": {"uv": [7.5, 1.375, 9.25, 1.375], "texture": "#0"},
				"up": {"uv": [6.375, 2.875, 5.875, 1.125], "texture": "#0"},
				"down": {"uv": [6.375, 3, 5.875, 4.75], "texture": "#0"}
			}
		},
		{
			"from": [3, 9, 1],
			"to": [13, 9, 15],
			"rotation": {"angle": 0, "axis": "y", "origin": [4, 8, 4]},
			"faces": {
				"north": {"uv": [7.5, 1.5, 8.75, 1.5], "texture": "#0"},
				"east": {"uv": [7.5, 1.625, 9.25, 1.625], "texture": "#0"},
				"south": {"uv": [7.5, 1.75, 8.75, 1.75], "texture": "#0"},
				"west": {"uv": [7.5, 1.875, 9.25, 1.875], "texture": "#0"},
				"up": {"uv": [1.25, 1.75, 0, 0], "texture": "#0"},
				"down": {"uv": [2.625, 0, 1.375, 1.75], "texture": "#0"}
			}
		},
		{
			"from": [13, 9, 1],
			"to": [17, 9, 15],
			"rotation": {"angle": 22.5, "axis": "z", "origin": [13, 9, 8]},
			"faces": {
				"north": {"uv": [3.375, 7.5, 3.875, 7.5], "texture": "#0"},
				"east": {"uv": [7.5, 4.625, 9.25, 4.625], "texture": "#0"},
				"south": {"uv": [7.5, 4.75, 8, 4.75], "texture": "#0"},
				"west": {"uv": [7.5, 4.875, 9.25, 4.875], "texture": "#0"},
				"up": {"uv": [0.5, 7.875, 0, 6.125], "texture": "#0"},
				"down": {"uv": [1.125, 6.125, 0.625, 7.875], "texture": "#0"}
			}
		}
	],
	"gui_light": "front",
	"display": {
		"thirdperson_righthand": {
			"translation": [0, 1, -2],
			"scale": [0.8, 0.8, 0.8]
		},
		"thirdperson_lefthand": {
			"translation": [0, 1, -2],
			"scale": [0.8, 0.8, 0.8]
		},
		"firstperson_righthand": {
			"rotation": [0, 145, 0],
			"translation": [3.25, 3.25, -6.25],
			"scale": [0.8, 0.8, 0.8]
		},
		"firstperson_lefthand": {
			"rotation": [0, 145, 0],
			"translation": [3.25, 3.25, -6.25],
			"scale": [0.8, 0.8, 0.8]
		},
		"ground": {
			"translation": [0, 6, 0],
			"scale": [0.9, 0.9, 0.9]
		},
		"gui": {
			"rotation": [22.5, -145, 0],
			"scale": [0.7, 0.7, 0.7]
		},
		"head": {
			"translation": [0, 6.25, 0],
			"scale": [1.6, 1.6, 1.6]
		},
		"fixed": {
			"rotation": [-90, 0, 0],
			"translation": [0, 0, -18],
			"scale": [2, 2, 2]
		}
	},
	"groups": [
		{
			"name": "frosty_the_snowman_hat",
			"origin": [12, 9.25, 3.75],
			"color": 0,
			"children": [
				{
					"name": "face",
					"origin": [3, -1, 1],
					"color": 0,
					"children": [0, 1, 2]
				},
				{
					"name": "pipe",
					"origin": [5.3, 1, 3],
					"color": 0,
					"children": [3, 4, 5]
				},
				{
					"name": "head",
					"origin": [3, -1, 3],
					"color": 0,
					"children": [6, 7]
				},
				{
					"name": "hat",
					"origin": [13, 9, 8],
					"color": 0,
					"children": [8, 9, 10, 11, 12, 13, 14, 15, 16]
				}
			]
		}
	]
}