{
	"format_version": "1.21.6",
	"credit": "Made with Blockbench",
	"texture_size": [128, 128],
	"textures": {
		"0": "block/grinch_hat_texture",
		"particle": "block/grinch_hat_texture"
	},
	"elements": [
		{
			"from": [3, 0, 3],
			"to": [13, 9, 13],
			"rotation": {"angle": 0, "axis": "y", "origin": [3, 0, -7]},
			"faces": {
				"north": {"uv": [1.875, 3.75, 3.125, 4.875], "texture": "#0"},
				"east": {"uv": [3.25, 3.75, 4.5, 4.875], "texture": "#0"},
				"south": {"uv": [4.125, 0, 5.375, 1.125], "texture": "#0"},
				"west": {"uv": [4.125, 1.25, 5.375, 2.375], "texture": "#0"},
				"up": {"uv": [4, 1.25, 2.75, 0], "texture": "#0"},
				"down": {"uv": [4, 1.375, 2.75, 2.625], "texture": "#0"}
			}
		},
		{
			"from": [3, -1, 12],
			"to": [13, 0, 13],
			"rotation": {"angle": 0, "axis": "y", "origin": [3, -9, -7]},
			"faces": {
				"north": {"uv": [6.625, 2.125, 7.875, 2.25], "texture": "#0"},
				"east": {"uv": [4.125, 2.5, 4.25, 2.625], "texture": "#0"},
				"south": {"uv": [6.75, 5, 8, 5.125], "texture": "#0"},
				"west": {"uv": [4.375, 2.5, 4.5, 2.625], "texture": "#0"},
				"up": {"uv": [8, 5.375, 6.75, 5.25], "texture": "#0"},
				"down": {"uv": [7.75, 6.875, 6.5, 7], "texture": "#0"}
			}
		},
		{
			"from": [1, -1, 5],
			"to": [15, 5, 12],
			"rotation": {"angle": 0, "axis": "y", "origin": [8, 2, 11]},
			"faces": {
				"north": {"uv": [4.625, 2.5, 6.375, 3.25], "texture": "#0"},
				"east": {"uv": [5.5, 0, 6.375, 0.75], "texture": "#0"},
				"south": {"uv": [4.625, 3.375, 6.375, 4.125], "texture": "#0"},
				"west": {"uv": [5.5, 0.875, 6.375, 1.625], "texture": "#0"},
				"up": {"uv": [4.5, 3.625, 2.75, 2.75], "texture": "#0"},
				"down": {"uv": [1.75, 3.75, 0, 4.625], "texture": "#0"}
			}
		},
		{
			"from": [2, -1, 1],
			"to": [14, 3, 5],
			"rotation": {"angle": 0, "axis": "y", "origin": [8, 2, 5]},
			"faces": {
				"north": {"uv": [1.875, 5, 3.375, 5.5], "texture": "#0"},
				"east": {"uv": [6.5, 3.25, 7, 3.75], "texture": "#0"},
				"south": {"uv": [3.5, 5, 5, 5.5], "texture": "#0"},
				"west": {"uv": [6.5, 3.875, 7, 4.375], "texture": "#0"},
				"up": {"uv": [6.625, 5.5, 5.125, 5], "texture": "#0"},
				"down": {"uv": [1.5, 5.5, 0, 6], "texture": "#0"}
			}
		},
		{
			"from": [6, 3, 1],
			"to": [10, 6, 3],
			"rotation": {"angle": 0, "axis": "y", "origin": [3, 3, 1]},
			"faces": {
				"north": {"uv": [6.5, 4.5, 7, 4.875], "texture": "#0"},
				"east": {"uv": [4.875, 6.75, 5.125, 7.125], "texture": "#0"},
				"south": {"uv": [2.5, 6.75, 3, 7.125], "texture": "#0"},
				"west": {"uv": [7.125, 0.625, 7.375, 1], "texture": "#0"},
				"up": {"uv": [2.25, 7.25, 1.75, 7], "texture": "#0"},
				"down": {"uv": [7.5, 6.125, 7, 6.375], "texture": "#0"}
			}
		},
		{
			"from": [2, 8, 2],
			"to": [14, 11, 14],
			"rotation": {"angle": 0, "axis": "y", "origin": [3, 10, 3]},
			"faces": {
				"north": {"uv": [0, 3.25, 1.5, 3.625], "texture": "#0"},
				"east": {"uv": [2.75, 5.625, 4.25, 6], "texture": "#0"},
				"south": {"uv": [4.375, 5.625, 5.875, 6], "texture": "#0"},
				"west": {"uv": [6, 5.625, 7.5, 6], "texture": "#0"},
				"up": {"uv": [1.5, 1.5, 0, 0], "texture": "#0"},
				"down": {"uv": [1.5, 1.625, 0, 3.125], "texture": "#0"}
			}
		},
		{
			"from": [4, 10, 4],
			"to": [12, 15, 18],
			"rotation": {"angle": 0, "axis": "y", "origin": [3, 13, 3]},
			"faces": {
				"north": {"uv": [5.5, 1.75, 6.5, 2.375], "texture": "#0"},
				"east": {"uv": [4.625, 4.25, 6.375, 4.875], "texture": "#0"},
				"south": {"uv": [1.625, 5.625, 2.625, 6.25], "texture": "#0"},
				"west": {"uv": [0, 4.75, 1.75, 5.375], "texture": "#0"},
				"up": {"uv": [2.625, 1.75, 1.625, 0], "texture": "#0"},
				"down": {"uv": [2.625, 1.875, 1.625, 3.625], "texture": "#0"}
			}
		},
		{
			"from": [6, 5, 15],
			"to": [10, 10, 18],
			"rotation": {"angle": 0, "axis": "y", "origin": [3, 8, 3]},
			"faces": {
				"north": {"uv": [6.5, 0.625, 7, 1.25], "texture": "#0"},
				"east": {"uv": [6.5, 6.125, 6.875, 6.75], "texture": "#0"},
				"south": {"uv": [6.5, 2.5, 7, 3.125], "texture": "#0"},
				"west": {"uv": [6.625, 1.375, 7, 2], "texture": "#0"},
				"up": {"uv": [3.625, 7.125, 3.125, 6.75], "texture": "#0"},
				"down": {"uv": [4.25, 6.75, 3.75, 7.125], "texture": "#0"}
			}
		},
		{
			"from": [7, 3, 16],
			"to": [9, 6, 19],
			"rotation": {"angle": 0, "axis": "y", "origin": [3, 4, 4]},
			"faces": {
				"north": {"uv": [7.125, 1.125, 7.375, 1.5], "texture": "#0"},
				"east": {"uv": [4.375, 6.75, 4.75, 7.125], "texture": "#0"},
				"south": {"uv": [7.125, 1.625, 7.375, 2], "texture": "#0"},
				"west": {"uv": [1.25, 7, 1.625, 7.375], "texture": "#0"},
				"up": {"uv": [7.375, 2.75, 7.125, 2.375], "texture": "#0"},
				"down": {"uv": [7.375, 2.875, 7.125, 3.25], "texture": "#0"}
			}
		},
		{
			"from": [13, 5, 4],
			"to": [17, 5, 13],
			"rotation": {"angle": 22.5, "axis": "z", "origin": [13, 5, 8]},
			"faces": {
				"north": {"uv": [6.75, 5.5, 7.25, 5.5], "texture": "#0"},
				"east": {"uv": [7, 6.5, 8.125, 6.5], "texture": "#0"},
				"south": {"uv": [7, 6.625, 7.5, 6.625], "texture": "#0"},
				"west": {"uv": [7, 6.75, 8.125, 6.75], "texture": "#0"},
				"up": {"uv": [0.5, 7.25, 0, 6.125], "texture": "#0"},
				"down": {"uv": [0.5, 6.125, 0, 7.25], "texture": "#0"}
			}
		},
		{
			"from": [14.99908, 0.99962, 4],
			"to": [14.99908, 4.99962, 13],
			"rotation": {"angle": 22.5, "axis": "z", "origin": [14.99908, 4.99962, 8]},
			"faces": {
				"north": {"uv": [2.375, 7, 2.375, 7.5], "texture": "#0"},
				"east": {"uv": [2.75, 6.125, 3.875, 6.625], "texture": "#0"},
				"south": {"uv": [7.125, 3.375, 7.125, 3.875], "texture": "#0"},
				"west": {"uv": [6.5, 0, 7.625, 0.5], "texture": "#0"},
				"up": {"uv": [6.5, 8.25, 6.5, 7.125], "texture": "#0"},
				"down": {"uv": [6.625, 7.125, 6.625, 8.25], "texture": "#0"}
			}
		},
		{
			"from": [-1, 5, 4],
			"to": [3, 5, 13],
			"rotation": {"angle": -22.5, "axis": "z", "origin": [3, 5, 8]},
			"faces": {
				"north": {"uv": [7.125, 4, 7.625, 4], "texture": "#0"},
				"east": {"uv": [7.125, 4.125, 8.25, 4.125], "texture": "#0"},
				"south": {"uv": [7.125, 4.25, 7.625, 4.25], "texture": "#0"},
				"west": {"uv": [7.125, 4.375, 8.25, 4.375], "texture": "#0"},
				"up": {"uv": [5.75, 7.25, 5.25, 6.125], "texture": "#0"},
				"down": {"uv": [5.75, 6.125, 5.25, 7.25], "texture": "#0"}
			}
		},
		{
			"from": [1.00092, 0.99962, 4],
			"to": [1.00092, 4.99962, 13],
			"rotation": {"angle": -22.5, "axis": "z", "origin": [1.00092, 4.99962, 8]},
			"faces": {
				"north": {"uv": [6.75, 7.125, 6.75, 7.625], "texture": "#0"},
				"east": {"uv": [2.75, 6.125, 3.875, 6.625], "texture": "#0"},
				"south": {"uv": [6.875, 7.125, 6.875, 7.625], "texture": "#0"},
				"west": {"uv": [6.5, 0, 7.625, 0.5], "texture": "#0"},
				"up": {"uv": [7, 8.25, 7, 7.125], "texture": "#0"},
				"down": {"uv": [7.125, 7.125, 7.125, 8.25], "texture": "#0"}
			}
		}
	],
	"gui_light": "front",
	"display": {
		"thirdperson_righthand": {
			"translation": [0, 1, -2],
			"scale": [0.8, 0.8, 0.8]
		},
		"thirdperson_lefthand": {
			"translation": [0, 1, -2],
			"scale": [0.8, 0.8, 0.8]
		},
		"firstperson_righthand": {
			"rotation": [0, 145, 0],
			"translation": [7.25, 3.25, -9.25],
			"scale": [0.9, 0.9, 0.9]
		},
		"firstperson_lefthand": {
			"rotation": [0, 145, 0],
			"translation": [7.25, 3.25, -9.25],
			"scale": [0.9, 0.9, 0.9]
		},
		"ground": {
			"translation": [0, 6, 0],
			"scale": [0.8, 0.8, 0.8]
		},
		"gui": {
			"rotation": [22.5, 145, 0],
			"translation": [0, 0.5, 0],
			"scale": [0.7, 0.7, 0.7]
		},
		"head": {
			"translation": [0, 6.5, 0],
			"scale": [1.6, 1.6, 1.6]
		},
		"fixed": {
			"rotation": [-90, 0, 0],
			"translation": [0, 2, -18],
			"scale": [2, 2, 2]
		}
	},
	"groups": [
		{
			"name": "grinch_hat",
			"origin": [8, 8, 8],
			"color": 0,
			"children": [
				{
					"name": "head",
					"origin": [3, 3, 1],
					"color": 0,
					"children": [0, 1, 2, 3, 4]
				},
				{
					"name": "hat",
					"origin": [3, 4, 4],
					"color": 0,
					"children": [5, 6, 7, 8]
				},
				{
					"name": "hair",
					"origin": [3, 3.5, 3],
					"color": 0,
					"children": [9, 10, 11, 12]
				}
			]
		}
	]
}