{
	"format_version": "1.9.0",
	"credit": "Made with Blockbench",
	"texture_size": [128, 128],
	"textures": {
		"1": "block/hay_bale_hat"
	},
	"elements": [
		{
			"from": [7.75, 14, 3],
			"to": [8.25, 20, 13],
			"rotation": {"angle": 45, "axis": "y", "origin": [8, 16, 8]},
			"faces": {
				"north": {"uv": [1, 7, 1.125, 7.75], "texture": "#1"},
				"east": {"uv": [6, 4.25, 7.25, 5], "texture": "#1"},
				"south": {"uv": [6, 7.375, 6.125, 8.125], "texture": "#1"},
				"west": {"uv": [0, 6.125, 1.25, 6.875], "texture": "#1"},
				"up": {"uv": [0.125, 8.25, 0, 7], "texture": "#1"},
				"down": {"uv": [0.375, 7, 0.25, 8.25], "texture": "#1"}
			}
		},
		{
			"from": [8, 13.5, 2.5],
			"to": [8, 20.5, 13.5],
			"rotation": {"angle": 45, "axis": "y", "origin": [8, 16, 8]},
			"faces": {
				"north": {"uv": [1.25, 7, 1.25, 7.875], "texture": "#1"},
				"east": {"uv": [4.125, 5.625, 5.5, 6.5], "texture": "#1"},
				"south": {"uv": [6.75, 7.375, 6.75, 8.25], "texture": "#1"},
				"west": {"uv": [5.625, 5.625, 7, 6.5], "texture": "#1"},
				"up": {"uv": [7.5, 1.375, 7.5, 0], "texture": "#1"},
				"down": {"uv": [1.375, 7.5, 1.375, 8.875], "texture": "#1"}
			}
		},
		{
			"from": [7.75, 14, 3],
			"to": [8.25, 20, 13],
			"rotation": {"angle": -45, "axis": "y", "origin": [8, 16, 8]},
			"faces": {
				"north": {"uv": [6.25, 7.375, 6.375, 8.125], "texture": "#1"},
				"east": {"uv": [6.125, 0, 7.375, 0.75], "texture": "#1"},
				"south": {"uv": [6.5, 7.375, 6.625, 8.125], "texture": "#1"},
				"west": {"uv": [6.125, 0.875, 7.375, 1.625], "texture": "#1"},
				"up": {"uv": [0.625, 8.25, 0.5, 7], "texture": "#1"},
				"down": {"uv": [0.875, 7, 0.75, 8.25], "texture": "#1"}
			}
		},
		{
			"from": [8, 13.5, 2.5],
			"to": [8, 20.5, 13.5],
			"rotation": {"angle": -45, "axis": "y", "origin": [8, 16, 8]},
			"faces": {
				"north": {"uv": [1.5, 7.5, 1.5, 8.375], "texture": "#1"},
				"east": {"uv": [6, 2.25, 7.375, 3.125], "texture": "#1"},
				"south": {"uv": [1.625, 7.5, 1.625, 8.375], "texture": "#1"},
				"west": {"uv": [6, 3.25, 7.375, 4.125], "texture": "#1"},
				"up": {"uv": [1.75, 8.875, 1.75, 7.5], "texture": "#1"},
				"down": {"uv": [1.875, 7.5, 1.875, 8.875], "texture": "#1"}
			}
		},
		{
			"from": [3, 9, 3],
			"to": [13, 14, 13],
			"rotation": {"angle": 0, "axis": "y", "origin": [3, 7, 0]},
			"faces": {
				"north": {"uv": [4.125, 6.625, 5.375, 7.25], "texture": "#1"},
				"east": {"uv": [5.5, 6.625, 6.75, 7.25], "texture": "#1"},
				"south": {"uv": [1.375, 6.75, 2.625, 7.375], "texture": "#1"},
				"west": {"uv": [2.75, 6.75, 4, 7.375], "texture": "#1"},
				"up": {"uv": [3.125, 4.25, 1.875, 3], "texture": "#1"},
				"down": {"uv": [4.5, 3, 3.25, 4.25], "texture": "#1"}
			}
		},
		{
			"from": [1, 7, 1],
			"to": [15, 9, 15],
			"rotation": {"angle": 0, "axis": "y", "origin": [3, 7, -10]},
			"faces": {
				"north": {"uv": [7.125, 6.125, 8.875, 6.375], "texture": "#1"},
				"east": {"uv": [6.875, 7.125, 8.625, 7.375], "texture": "#1"},
				"south": {"uv": [4.125, 7.375, 5.875, 7.625], "texture": "#1"},
				"west": {"uv": [7.375, 4.25, 9.125, 4.5], "texture": "#1"},
				"up": {"uv": [1.75, 1.75, 0, 0], "texture": "#1"},
				"down": {"uv": [1.75, 1.875, 0, 3.625], "texture": "#1"}
			}
		},
		{
			"from": [3, -1, 3],
			"to": [13, 7, 13],
			"rotation": {"angle": 0, "axis": "y", "origin": [3, 5, -10]},
			"faces": {
				"north": {"uv": [4.625, 2.75, 5.875, 3.75], "texture": "#1"},
				"east": {"uv": [4.75, 0, 6, 1], "texture": "#1"},
				"south": {"uv": [4.75, 1.125, 6, 2.125], "texture": "#1"},
				"west": {"uv": [0, 5, 1.25, 6], "texture": "#1"},
				"up": {"uv": [4.625, 1.25, 3.375, 0], "texture": "#1"},
				"down": {"uv": [4.625, 1.375, 3.375, 2.625], "texture": "#1"}
			}
		},
		{
			"name": "face",
			"from": [3, -1, 2.75],
			"to": [13, 7, 2.75],
			"rotation": {"angle": 0, "axis": "y", "origin": [3, 5, -10.25]},
			"faces": {
				"north": {"uv": [1.375, 5.625, 2.625, 6.625], "texture": "#1"},
				"east": {"uv": [2, 7.5, 2, 8.5], "texture": "#1"},
				"south": {"uv": [2.75, 5.625, 4, 6.625], "texture": "#1"},
				"west": {"uv": [2.125, 7.5, 2.125, 8.5], "texture": "#1"},
				"up": {"uv": [5.875, 3.875, 4.625, 3.875], "texture": "#1"},
				"down": {"uv": [5.875, 4, 4.625, 4], "texture": "#1"}
			}
		},
		{
			"from": [13.5, 7.5, 13.5],
			"to": [2.5, -1.5, 2.5],
			"rotation": {"angle": 0, "axis": "y", "origin": [3, 5, -10]},
			"faces": {
				"north": {"uv": [0, 3.75, 1.375, 4.875], "texture": "#1"},
				"east": {"uv": [1.5, 4.375, 2.875, 5.5], "texture": "#1"},
				"south": {"uv": [3, 4.375, 4.375, 5.5], "texture": "#1"},
				"west": {"uv": [4.5, 4.375, 5.875, 5.5], "texture": "#1"},
				"up": {"uv": [3.25, 1.375, 1.875, 0], "texture": "#1"},
				"down": {"uv": [3.25, 1.5, 1.875, 2.875], "texture": "#1"}
			}
		},
		{
			"from": [1, 5, 1],
			"to": [15, 8, 1],
			"rotation": {"angle": 45, "axis": "x", "origin": [8, 8, 1]},
			"faces": {
				"north": {"uv": [6, 5.125, 7.75, 5.5], "texture": "#1"},
				"east": {"uv": [1.5, 3.75, 1.5, 4.125], "texture": "#1"},
				"south": {"uv": [6, 5.125, 7.75, 5.5], "texture": "#1"},
				"west": {"uv": [1.625, 3.75, 1.625, 4.125], "texture": "#1"},
				"up": {"uv": [8.875, 6.5, 7.125, 6.5], "texture": "#1"},
				"down": {"uv": [9.125, 4.625, 7.375, 4.625], "texture": "#1"}
			}
		},
		{
			"from": [1, 5, 15],
			"to": [15, 8, 15],
			"rotation": {"angle": -45, "axis": "x", "origin": [8, 8, 15]},
			"faces": {
				"north": {"uv": [6.125, 1.75, 7.875, 2.125], "texture": "#1"},
				"east": {"uv": [1.75, 3.75, 1.75, 4.125], "texture": "#1"},
				"south": {"uv": [6.125, 1.75, 7.875, 2.125], "texture": "#1"},
				"west": {"uv": [4.75, 2.25, 4.75, 2.625], "texture": "#1"},
				"up": {"uv": [9.125, 4.75, 7.375, 4.75], "texture": "#1"},
				"down": {"uv": [9.125, 4.875, 7.375, 4.875], "texture": "#1"}
			}
		},
		{
			"from": [1, 5.00071, 1.00071],
			"to": [1, 8.00071, 15.00071],
			"rotation": {"angle": -45, "axis": "z", "origin": [1, 8.00071, 8.00071]},
			"faces": {
				"north": {"uv": [4.875, 2.25, 4.875, 2.625], "texture": "#1"},
				"east": {"uv": [6.875, 6.625, 8.625, 7], "texture": "#1"},
				"south": {"uv": [1.375, 5, 1.375, 5.375], "texture": "#1"},
				"west": {"uv": [6.875, 6.625, 8.625, 7], "texture": "#1"},
				"up": {"uv": [2.25, 9.25, 2.25, 7.5], "texture": "#1"},
				"down": {"uv": [7.5, 2.25, 7.5, 4], "texture": "#1"}
			}
		},
		{
			"from": [15, 5.00071, 1.00071],
			"to": [15, 8.00071, 15.00071],
			"rotation": {"angle": 45, "axis": "z", "origin": [15, 8.00071, 8.00071]},
			"faces": {
				"north": {"uv": [5, 2.25, 5, 2.625], "texture": "#1"},
				"east": {"uv": [7.125, 5.625, 8.875, 6], "texture": "#1"},
				"south": {"uv": [5.125, 2.25, 5.125, 2.625], "texture": "#1"},
				"west": {"uv": [7.125, 5.625, 8.875, 6], "texture": "#1"},
				"up": {"uv": [2.375, 9.25, 2.375, 7.5], "texture": "#1"},
				"down": {"uv": [2.5, 7.5, 2.5, 9.25], "texture": "#1"}
			}
		}
	],
	"gui_light": "front",
	"display": {
		"thirdperson_righthand": {
			"rotation": [45, 0, 0],
			"translation": [0, 3.25, 0],
			"scale": [0.8, 0.8, 0.8]
		},
		"thirdperson_lefthand": {
			"rotation": [45, 0, 0],
			"translation": [0, 3.25, 0],
			"scale": [0.8, 0.8, 0.8]
		},
		"firstperson_righthand": {
			"rotation": [-11.75, 0, 0],
			"translation": [8, 0, -9]
		},
		"firstperson_lefthand": {
			"rotation": [-11.75, 0, 0],
			"translation": [8, 0, -9]
		},
		"ground": {
			"translation": [0, 5, 0],
			"scale": [0.8, 0.8, 0.8]
		},
		"gui": {
			"rotation": [0, -157, 0],
			"translation": [0, -1, 0],
			"scale": [0.73, 0.73, 0.73]
		},
		"head": {
			"translation": [0, 7, 0],
			"scale": [1.6, 1.6, 1.6]
		},
		"fixed": {
			"rotation": [-90, 0, 0],
			"translation": [0, 0, -18],
			"scale": [2, 2, 2]
		}
	},
	"groups": [
		{
			"name": "hay_bale_hat_texture",
			"origin": [8, 16, 8],
			"color": 0,
			"children": [0, 1, 2, 3, 4, 5, 6, 7, 8, 9, 10, 11, 12]
		}
	]
}