{
	"credit": "This is {{USER_NAME}} copy!",
	"texture_size": [64, 64],
	"textures": {
		"0": "block/life_buoy_hat_texture",
		"particle": "block/life_buoy_hat_texture"
	},
	"elements": [
		{
			"from": [1, 0, 1],
			"to": [4, 3, 15],
			"rotation": {"angle": 0, "axis": "y", "origin": [2.5, 1.5, 6.5]},
			"faces": {
				"north": {"uv": [9.5, 0, 10.25, 0.75], "texture": "#0"},
				"east": {"uv": [5.75, 0, 9.25, 0.75], "texture": "#0"},
				"south": {"uv": [9.5, 1, 10.25, 1.75], "texture": "#0"},
				"west": {"uv": [5.75, 1, 9.25, 1.75], "texture": "#0"},
				"up": {"uv": [6.5, 5.5, 5.75, 2], "texture": "#0"},
				"down": {"uv": [6.5, 5.75, 5.75, 9.25], "texture": "#0"}
			}
		},
		{
			"from": [4, 0, 12],
			"to": [12, 3, 15],
			"rotation": {"angle": 0, "axis": "y", "origin": [5.5, 1.5, 17.5]},
			"faces": {
				"north": {"uv": [6.75, 7.75, 8.75, 8.5], "texture": "#0"},
				"east": {"uv": [5.75, 9.5, 6.5, 10.25], "texture": "#0"},
				"south": {"uv": [8.75, 4, 10.75, 4.75], "texture": "#0"},
				"west": {"uv": [6.75, 9.75, 7.5, 10.5], "texture": "#0"},
				"up": {"uv": [10.75, 5.75, 8.75, 5], "texture": "#0"},
				"down": {"uv": [10.75, 6, 8.75, 6.75], "texture": "#0"}
			}
		},
		{
			"from": [12, 0, 1],
			"to": [15, 3, 15],
			"rotation": {"angle": 0, "axis": "y", "origin": [13.5, 1.5, 6.5]},
			"faces": {
				"north": {"uv": [7.75, 9.75, 8.5, 10.5], "texture": "#0"},
				"east": {"uv": [6.75, 2, 10.25, 2.75], "texture": "#0"},
				"south": {"uv": [8.75, 10, 9.5, 10.75], "texture": "#0"},
				"west": {"uv": [6.75, 3, 10.25, 3.75], "texture": "#0"},
				"up": {"uv": [7.5, 7.5, 6.75, 4], "texture": "#0"},
				"down": {"uv": [8.5, 4, 7.75, 7.5], "texture": "#0"}
			}
		},
		{
			"from": [4, 0, 1],
			"to": [12, 3, 4],
			"rotation": {"angle": 0, "axis": "y", "origin": [5.5, 1.5, 6.5]},
			"faces": {
				"north": {"uv": [6.75, 8.75, 8.75, 9.5], "texture": "#0"},
				"east": {"uv": [9.75, 10, 10.5, 10.75], "texture": "#0"},
				"south": {"uv": [9, 7, 11, 7.75], "texture": "#0"},
				"west": {"uv": [10.5, 0, 11.25, 0.75], "texture": "#0"},
				"up": {"uv": [11, 8.75, 9, 8], "texture": "#0"},
				"down": {"uv": [11, 9, 9, 9.75], "texture": "#0"}
			}
		},
		{
			"from": [-3, 1.5, -3],
			"to": [19, 1.5, 19],
			"rotation": {"angle": 0, "axis": "y", "origin": [13.5, 1.5, 6.5]},
			"faces": {
				"north": {"uv": [10.5, 1, 16, 1], "texture": "#0"},
				"east": {"uv": [10.5, 1.25, 16, 1.25], "texture": "#0"},
				"south": {"uv": [10.5, 1.5, 16, 1.5], "texture": "#0"},
				"west": {"uv": [10.5, 1.75, 16, 1.75], "texture": "#0"},
				"up": {"uv": [5.5, 5.5, 0, 0], "texture": "#0"},
				"down": {"uv": [5.5, 0, 0, 5.5], "texture": "#0"}
			}
		}
	],
	"gui_light": "front",
	"display": {
		"thirdperson_righthand": {
			"rotation": [0, -45, 0],
			"translation": [0, 3.25, -4.75],
			"scale": [0.75, 0.75, 0.75]
		},
		"thirdperson_lefthand": {
			"rotation": [0, -45, 0],
			"translation": [0, 3.25, -4.75],
			"scale": [0.75, 0.75, 0.75]
		},
		"firstperson_righthand": {
			"rotation": [22.5, 45, 0],
			"translation": [9.25, 1, -11.25]
		},
		"firstperson_lefthand": {
			"rotation": [22.5, 45, 0],
			"translation": [9.25, 1, -11.25]
		},
		"ground": {
			"translation": [0, 4.5, 0],
			"scale": [0.8, 0.8, 0.8]
		},
		"gui": {
			"rotation": [45, 45, 0],
			"translation": [0, 2.75, 0],
			"scale": [0.65, 0.65, 0.65]
		},
		"head": {
			"rotation": [-22.5, 0, 0],
			"translation": [0, 5.75, -3.25],
			"scale": [1.8, 1.8, 1.8]
		},
		"fixed": {
			"rotation": [-90, 0, 0],
			"translation": [0, 0, -16],
			"scale": [2, 2, 2]
		}
	},
	"groups": [
		{
			"name": "life_buoy_hat",
			"origin": [13.5, 1.5, 6.5],
			"color": 0,
			"children": [0, 1, 2, 3, 4]
		}
	]
}