{
	"credit": "Made with Blockbench",
	"texture_size": [64, 64],
	"textures": {
		"0": "block/netherhub1",
		"1": "block/netherhub1animated"
	},
	"elements": [
		{
			"from": [4, 0, 4],
			"to": [12, 1, 12],
			"rotation": {"angle": 0, "axis": "y", "origin": [4, 0, 4]},
			"faces": {
				"north": {"uv": [3, 5.5, 5, 5.75], "texture": "#0"},
				"east": {"uv": [5.5, 3, 7.5, 3.25], "texture": "#0"},
				"south": {"uv": [5.5, 3.25, 7.5, 3.5], "texture": "#0"},
				"west": {"uv": [5.5, 3.5, 7.5, 3.75], "texture": "#0"},
				"up": {"uv": [2, 2, 0, 0], "texture": "#0"},
				"down": {"uv": [2, 2, 0, 4], "texture": "#0"}
			}
		},
		{
			"from": [4, 5, 4],
			"to": [12, 6, 12],
			"rotation": {"angle": 0, "axis": "y", "origin": [4, 5, 4]},
			"faces": {
				"north": {"uv": [5.5, 3.75, 7.5, 4], "texture": "#0"},
				"east": {"uv": [5.5, 4, 7.5, 4.25], "texture": "#0"},
				"south": {"uv": [5.5, 4.25, 7.5, 4.5], "texture": "#0"},
				"west": {"uv": [5.5, 4.5, 7.5, 4.75], "texture": "#0"},
				"up": {"uv": [4, 2, 2, 0], "texture": "#0"},
				"down": {"uv": [4, 2, 2, 4], "texture": "#0"}
			}
		},
		{
			"from": [5, 1, 5],
			"to": [11, 5, 11],
			"rotation": {"angle": 0, "axis": "y", "origin": [5, 1, 5]},
			"faces": {
				"north": {"uv": [2.5, 4, 4, 5], "texture": "#0"},
				"east": {"uv": [4, 3, 5.5, 4], "texture": "#0"},
				"south": {"uv": [4, 4, 5.5, 5], "texture": "#0"},
				"west": {"uv": [5, 1.5, 6.5, 2.5], "texture": "#0"},
				"up": {"uv": [1.5, 5.5, 0, 4], "texture": "#0"},
				"down": {"uv": [5.5, 0, 4, 1.5], "texture": "#0"}
			}
		},
		{
			"from": [5, 8, 7],
			"to": [11, 9, 9],
			"rotation": {"angle": 0, "axis": "y", "origin": [5, 8, 7]},
			"faces": {
				"north": {"uv": [5.5, 4.75, 7, 5], "texture": "#0"},
				"east": {"uv": [6.5, 5.5, 7, 5.75], "texture": "#0"},
				"south": {"uv": [5, 5.5, 6.5, 5.75], "texture": "#0"},
				"west": {"uv": [4, 7, 4.5, 7.25], "texture": "#0"},
				"up": {"uv": [4, 5.5, 2.5, 5], "texture": "#0"},
				"down": {"uv": [6.5, 2.5, 5, 3], "texture": "#0"}
			}
		},
		{
			"from": [5, 15, 7],
			"to": [11, 16, 9],
			"rotation": {"angle": 0, "axis": "y", "origin": [5, 15, 7]},
			"faces": {
				"north": {"uv": [5.5, 5, 7, 5.25], "texture": "#0"},
				"east": {"uv": [4.5, 7, 5, 7.25], "texture": "#0"},
				"south": {"uv": [5.5, 5.25, 7, 5.5], "texture": "#0"},
				"west": {"uv": [7, 4.75, 7.5, 5], "texture": "#0"},
				"up": {"uv": [5.5, 5.5, 4, 5], "texture": "#0"},
				"down": {"uv": [1.5, 5.5, 0, 6], "texture": "#0"}
			}
		},
		{
			"from": [5, 9, 7],
			"to": [6, 15, 9],
			"rotation": {"angle": 0, "axis": "y", "origin": [5, 9, 7]},
			"faces": {
				"north": {"uv": [3, 5.75, 3.25, 7.25], "texture": "#0"},
				"east": {"uv": [5.5, 0, 6, 1.5], "texture": "#0"},
				"south": {"uv": [3.25, 5.75, 3.5, 7.25], "texture": "#0"},
				"west": {"uv": [1.5, 5.5, 2, 7], "texture": "#0"},
				"up": {"uv": [5.25, 7.5, 5, 7], "texture": "#0"},
				"down": {"uv": [7.25, 5, 7, 5.5], "texture": "#0"}
			}
		},
		{
			"from": [10, 9, 7],
			"to": [11, 15, 9],
			"rotation": {"angle": 0, "axis": "y", "origin": [10, 9, 7]},
			"faces": {
				"north": {"uv": [3.5, 5.75, 3.75, 7.25], "texture": "#0"},
				"east": {"uv": [2, 5.5, 2.5, 7], "texture": "#0"},
				"south": {"uv": [3.75, 5.75, 4, 7.25], "texture": "#0"},
				"west": {"uv": [2.5, 5.5, 3, 7], "texture": "#0"},
				"up": {"uv": [5.5, 7.5, 5.25, 7], "texture": "#0"},
				"down": {"uv": [5.75, 7, 5.5, 7.5], "texture": "#0"}
			}
		},
		{
			"from": [6, 9, 8],
			"to": [10, 15, 8],
			"rotation": {"angle": 0, "axis": "y", "origin": [6, 9, 8]},
			"faces": {
				"north": {"uv": [1.5, 4, 2.5, 5.5], "texture": "#0"},
				"east": {"uv": [0, 0, 0, 1.5], "texture": "#0"},
				"south": {"uv": [4, 1.5, 5, 3], "texture": "#0"},
				"west": {"uv": [0, 0, 0, 1.5], "texture": "#0"},
				"up": {"uv": [1, 0, 0, 0], "texture": "#0"},
				"down": {"uv": [1, 0, 0, 0], "texture": "#0"}
			}
		},
		{
			"from": [6, 7, 6],
			"to": [10, 8, 7],
			"rotation": {"angle": 0, "axis": "y", "origin": [6, 7, 6]},
			"faces": {
				"north": {"uv": [4, 5.75, 5, 6], "texture": "#0"},
				"east": {"uv": [7, 5.5, 7.25, 5.75], "texture": "#0"},
				"south": {"uv": [5, 5.75, 6, 6], "texture": "#0"},
				"west": {"uv": [5.75, 7, 6, 7.25], "texture": "#0"},
				"up": {"uv": [1, 6.25, 0, 6], "texture": "#0"},
				"down": {"uv": [7, 0, 6, 0.25], "texture": "#0"}
			}
		},
		{
			"from": [6, 6, 5],
			"to": [10, 7, 6],
			"rotation": {"angle": 0, "axis": "y", "origin": [6, 6, 5]},
			"faces": {
				"north": {"uv": [6, 0.25, 7, 0.5], "texture": "#0"},
				"east": {"uv": [7, 5.75, 7.25, 6], "texture": "#0"},
				"south": {"uv": [6, 0.5, 7, 0.75], "texture": "#0"},
				"west": {"uv": [7, 6, 7.25, 6.25], "texture": "#0"},
				"up": {"uv": [7, 1, 6, 0.75], "texture": "#0"},
				"down": {"uv": [7, 1, 6, 1.25], "texture": "#0"}
			}
		},
		{
			"from": [6, 7, 9],
			"to": [10, 8, 10],
			"rotation": {"angle": 0, "axis": "y", "origin": [6, 7, 9]},
			"faces": {
				"north": {"uv": [6, 1.25, 7, 1.5], "texture": "#0"},
				"east": {"uv": [7, 6.25, 7.25, 6.5], "texture": "#0"},
				"south": {"uv": [4, 6, 5, 6.25], "texture": "#0"},
				"west": {"uv": [7, 6.5, 7.25, 6.75], "texture": "#0"},
				"up": {"uv": [6, 6.25, 5, 6], "texture": "#0"},
				"down": {"uv": [7, 5.75, 6, 6], "texture": "#0"}
			}
		},
		{
			"from": [6, 6, 10],
			"to": [10, 7, 11],
			"rotation": {"angle": 0, "axis": "y", "origin": [6, 6, 10]},
			"faces": {
				"north": {"uv": [6, 6, 7, 6.25], "texture": "#0"},
				"east": {"uv": [7, 6.75, 7.25, 7], "texture": "#0"},
				"south": {"uv": [0, 6.25, 1, 6.5], "texture": "#0"},
				"west": {"uv": [7, 7, 7.25, 7.25], "texture": "#0"},
				"up": {"uv": [5, 6.5, 4, 6.25], "texture": "#0"},
				"down": {"uv": [6, 6.25, 5, 6.5], "texture": "#0"}
			}
		},
		{
			"from": [5, 6, 5],
			"to": [6, 8, 7],
			"rotation": {"angle": 0, "axis": "y", "origin": [5, 6, 5]},
			"faces": {
				"north": {"uv": [6.5, 6.25, 6.75, 6.75], "texture": "#0"},
				"east": {"uv": [1, 6, 1.5, 6.5], "texture": "#0"},
				"south": {"uv": [6, 6.75, 6.25, 7.25], "texture": "#0"},
				"west": {"uv": [6, 6.25, 6.5, 6.75], "texture": "#0"},
				"up": {"uv": [6.5, 7.25, 6.25, 6.75], "texture": "#0"},
				"down": {"uv": [7, 6.25, 6.75, 6.75], "texture": "#0"}
			}
		},
		{
			"from": [10, 6, 9],
			"to": [11, 8, 11],
			"rotation": {"angle": 0, "axis": "y", "origin": [10, 6, 9]},
			"faces": {
				"north": {"uv": [6.5, 6.75, 6.75, 7.25], "texture": "#0"},
				"east": {"uv": [0, 6.5, 0.5, 7], "texture": "#0"},
				"south": {"uv": [6.75, 6.75, 7, 7.25], "texture": "#0"},
				"west": {"uv": [0.5, 6.5, 1, 7], "texture": "#0"},
				"up": {"uv": [0.25, 7.5, 0, 7], "texture": "#0"},
				"down": {"uv": [7.25, 0, 7, 0.5], "texture": "#0"}
			}
		},
		{
			"from": [11, 6, 7],
			"to": [12, 8, 9],
			"rotation": {"angle": 0, "axis": "y", "origin": [11, 6, 7]},
			"faces": {
				"north": {"uv": [0.25, 7, 0.5, 7.5], "texture": "#0"},
				"east": {"uv": [1, 6.5, 1.5, 7], "texture": "#0"},
				"south": {"uv": [0.5, 7, 0.75, 7.5], "texture": "#0"},
				"west": {"uv": [6.5, 1.5, 7, 2], "texture": "#0"},
				"up": {"uv": [7.25, 1, 7, 0.5], "texture": "#0"},
				"down": {"uv": [1, 7, 0.75, 7.5], "texture": "#0"}
			}
		},
		{
			"from": [11, 6, 9],
			"to": [12, 7, 10],
			"rotation": {"angle": 0, "axis": "y", "origin": [11, 6, 9]},
			"faces": {
				"north": {"uv": [7.25, 0, 7.5, 0.25], "texture": "#0"},
				"east": {"uv": [7.25, 0.25, 7.5, 0.5], "texture": "#0"},
				"south": {"uv": [7.25, 0.5, 7.5, 0.75], "texture": "#0"},
				"west": {"uv": [7.25, 0.75, 7.5, 1], "texture": "#0"},
				"up": {"uv": [7.5, 1.25, 7.25, 1], "texture": "#0"},
				"down": {"uv": [7.5, 1.25, 7.25, 1.5], "texture": "#0"}
			}
		},
		{
			"from": [11, 6, 6],
			"to": [12, 7, 7],
			"rotation": {"angle": 0, "axis": "y", "origin": [11, 6, 6]},
			"faces": {
				"north": {"uv": [7.25, 1.5, 7.5, 1.75], "texture": "#0"},
				"east": {"uv": [7.25, 1.75, 7.5, 2], "texture": "#0"},
				"south": {"uv": [7.25, 2, 7.5, 2.25], "texture": "#0"},
				"west": {"uv": [7.25, 2.25, 7.5, 2.5], "texture": "#0"},
				"up": {"uv": [7.5, 2.75, 7.25, 2.5], "texture": "#0"},
				"down": {"uv": [7.5, 2.75, 7.25, 3], "texture": "#0"}
			}
		},
		{
			"from": [4, 6, 6],
			"to": [5, 7, 7],
			"rotation": {"angle": 0, "axis": "y", "origin": [4, 6, 6]},
			"faces": {
				"north": {"uv": [3, 7.25, 3.25, 7.5], "texture": "#0"},
				"east": {"uv": [3.25, 7.25, 3.5, 7.5], "texture": "#0"},
				"south": {"uv": [3.5, 7.25, 3.75, 7.5], "texture": "#0"},
				"west": {"uv": [3.75, 7.25, 4, 7.5], "texture": "#0"},
				"up": {"uv": [4.25, 7.5, 4, 7.25], "texture": "#0"},
				"down": {"uv": [4.5, 7.25, 4.25, 7.5], "texture": "#0"}
			}
		},
		{
			"from": [4, 6, 9],
			"to": [5, 7, 10],
			"rotation": {"angle": 0, "axis": "y", "origin": [4, 6, 9]},
			"faces": {
				"north": {"uv": [4.5, 7.25, 4.75, 7.5], "texture": "#0"},
				"east": {"uv": [4.75, 7.25, 5, 7.5], "texture": "#0"},
				"south": {"uv": [7.25, 5, 7.5, 5.25], "texture": "#0"},
				"west": {"uv": [7.25, 5.25, 7.5, 5.5], "texture": "#0"},
				"up": {"uv": [7.5, 5.75, 7.25, 5.5], "texture": "#0"},
				"down": {"uv": [6, 7.25, 5.75, 7.5], "texture": "#0"}
			}
		},
		{
			"from": [4, 6, 7],
			"to": [5, 8, 9],
			"rotation": {"angle": 0, "axis": "y", "origin": [4, 6, 7]},
			"faces": {
				"north": {"uv": [1, 7, 1.25, 7.5], "texture": "#0"},
				"east": {"uv": [6.5, 2, 7, 2.5], "texture": "#0"},
				"south": {"uv": [7, 1, 7.25, 1.5], "texture": "#0"},
				"west": {"uv": [6.5, 2.5, 7, 3], "texture": "#0"},
				"up": {"uv": [1.5, 7.5, 1.25, 7], "texture": "#0"},
				"down": {"uv": [1.75, 7, 1.5, 7.5], "texture": "#0"}
			}
		},
		{
			"from": [5, 6, 9],
			"to": [6, 8, 11],
			"rotation": {"angle": 0, "axis": "y", "origin": [5, 6, 9]},
			"faces": {
				"north": {"uv": [7, 1.5, 7.25, 2], "texture": "#0"},
				"east": {"uv": [4, 6.5, 4.5, 7], "texture": "#0"},
				"south": {"uv": [1.75, 7, 2, 7.5], "texture": "#0"},
				"west": {"uv": [4.5, 6.5, 5, 7], "texture": "#0"},
				"up": {"uv": [2.25, 7.5, 2, 7], "texture": "#0"},
				"down": {"uv": [7.25, 2, 7, 2.5], "texture": "#0"}
			}
		},
		{
			"from": [10, 6, 5],
			"to": [11, 8, 7],
			"rotation": {"angle": 0, "axis": "y", "origin": [10, 6, 5]},
			"faces": {
				"north": {"uv": [2.25, 7, 2.5, 7.5], "texture": "#0"},
				"east": {"uv": [5, 6.5, 5.5, 7], "texture": "#0"},
				"south": {"uv": [2.5, 7, 2.75, 7.5], "texture": "#0"},
				"west": {"uv": [5.5, 6.5, 6, 7], "texture": "#0"},
				"up": {"uv": [7.25, 3, 7, 2.5], "texture": "#0"},
				"down": {"uv": [3, 7, 2.75, 7.5], "texture": "#0"}
			}
		},
		{
			"from": [5, 1.3, 3.3],
			"to": [6, 5.3, 4.3],
			"rotation": {"angle": 0, "axis": "y", "origin": [5, 1.3, 3.3]},
			"faces": {
				"north": {"uv": [7.25, 5.75, 7.5, 6.75], "texture": "#0"},
				"east": {"uv": [6, 7.25, 6.25, 8.25], "texture": "#0"},
				"south": {"uv": [6.25, 7.25, 6.5, 8.25], "texture": "#0"},
				"west": {"uv": [6.5, 7.25, 6.75, 8.25], "texture": "#0"},
				"up": {"uv": [7, 7.5, 6.75, 7.25], "texture": "#0"},
				"down": {"uv": [7.5, 6.75, 7.25, 7], "texture": "#0"}
			}
		},
		{
			"from": [5.025, 5.3, 3.3],
			"to": [5.975, 6.3, 4.2],
			"rotation": {"angle": 45, "axis": "x", "origin": [5, 5.3, 3.3]},
			"faces": {
				"north": {"uv": [7, 7.25, 7.25, 7.5], "texture": "#0"},
				"east": {"uv": [7.25, 7, 7.5, 7.25], "texture": "#0"},
				"south": {"uv": [7.25, 7.25, 7.5, 7.5], "texture": "#0"},
				"west": {"uv": [0, 7.5, 0.25, 7.75], "texture": "#0"},
				"up": {"uv": [7.75, 0.25, 7.5, 0], "texture": "#0"},
				"down": {"uv": [0.5, 7.5, 0.25, 7.75], "texture": "#0"}
			}
		},
		{
			"from": [6, 10, 8.1],
			"to": [10, 14, 8.1],
			"rotation": {"angle": 0, "axis": "y", "origin": [6, 10, 8.1]},
			"faces": {
				"north": {"uv": [0, -1, 16, 16], "texture": "#1"},
				"east": {"uv": [0, 0, 0, 1], "texture": "#missing"},
				"south": {"uv": [0, 0, 16, 16], "texture": "#1"},
				"west": {"uv": [0, 0, 0, 1], "texture": "#missing"},
				"up": {"uv": [0, 0, 1, 0], "texture": "#missing"},
				"down": {"uv": [0, 0, 1, 0], "texture": "#missing"}
			}
		},
		{
			"from": [6, 10, 7.85],
			"to": [10, 14, 7.85],
			"rotation": {"angle": 0, "axis": "y", "origin": [10, 10, 7.85]},
			"faces": {
				"north": {"uv": [0, 0, 16, 16], "texture": "#1"},
				"east": {"uv": [0, 0, 0, 1], "texture": "#missing"},
				"south": {"uv": [0, -1, 16, 16], "texture": "#1"},
				"west": {"uv": [0, 0, 0, 1], "texture": "#missing"},
				"up": {"uv": [0, 0, 1, 0], "rotation": 180, "texture": "#missing"},
				"down": {"uv": [0, 0, 1, 0], "rotation": 180, "texture": "#missing"}
			}
		}
	],
	"display": {
		"thirdperson_righthand": {
			"translation": [0, 2, -2.25],
			"scale": [0.8, 0.8, 0.8]
		},
		"thirdperson_lefthand": {
			"translation": [0, 2, -2.25],
			"scale": [0.8, 0.8, 0.8]
		},
		"firstperson_righthand": {
			"translation": [-0.5, 1, 0]
		},
		"firstperson_lefthand": {
			"translation": [-0.5, 1, 0]
		},
		"ground": {
			"translation": [0, 3.75, 0],
			"scale": [0.8, 0.8, 0.8]
		},
		"gui": {
			"rotation": [45, -45, 0],
			"translation": [0.25, 0.5, 0],
			"scale": [0.8, 0.8, 0.8]
		},
		"head": {
			"translation": [0, 16, 0],
			"scale": [1.2, 1.2, 1.2]
		},
		"fixed": {
			"rotation": [-90, 0, 0],
			"translation": [0, 0, -16],
			"scale": [2, 2, 2]
		}
	},
	"groups": [
		{
			"name": "base",
			"origin": [5, 1, 5],
			"color": 0,
			"children": [0, 1, 2]
		},
		{
			"name": "portal",
			"origin": [10, 9, 7],
			"color": 0,
			"children": [3, 4, 5, 6, 7]
		},
		{
			"name": "stairs",
			"origin": [10, 6, 5],
			"color": 0,
			"children": [8, 9, 10, 11, 12, 13, 14, 15, 16, 17, 18, 19, 20, 21]
		},
		22,
		23,
		24,
		25
	]
}