{
	"format_version": "1.21.6",
	"credit": "Made with Blockbench",
	"texture_size": [64, 64],
	"textures": {
		"0": "block/penguin_hat_texture",
		"particle": "block/penguin_hat_texture"
	},
	"elements": [
		{
			"from": [3, 4, 3],
			"to": [13, 10, 13],
			"rotation": {"angle": 0, "axis": "y", "origin": [3, 4, 3]},
			"faces": {
				"north": {"uv": [5.25, 3.5, 7.75, 5], "texture": "#0"},
				"east": {"uv": [5.5, 5, 8, 6.5], "texture": "#0"},
				"south": {"uv": [5.5, 6.5, 8, 8], "texture": "#0"},
				"west": {"uv": [2.75, 6.75, 5.25, 8.25], "texture": "#0"},
				"up": {"uv": [5.25, 2.5, 2.75, 0], "texture": "#0"},
				"down": {"uv": [5.25, 2.5, 2.75, 5], "texture": "#0"}
			}
		},
		{
			"from": [13.44834, 0.69136, 7],
			"to": [15.44834, 6.69136, 11],
			"rotation": {"angle": 22.5, "axis": "z", "origin": [13.44834, 0.69136, 4]},
			"faces": {
				"north": {"uv": [0, 9.5, 0.5, 11], "texture": "#0"},
				"east": {"uv": [2.5, 8.25, 3.5, 9.75], "texture": "#0"},
				"south": {"uv": [0.5, 9.5, 1, 11], "texture": "#0"},
				"west": {"uv": [3.5, 8.25, 4.5, 9.75], "texture": "#0"},
				"up": {"uv": [5, 10.5, 4.5, 9.5], "texture": "#0"},
				"down": {"uv": [3.5, 9.75, 3, 10.75], "texture": "#0"}
			}
		},
		{
			"from": [0.55166, 0.69136, 7],
			"to": [2.55166, 6.69136, 11],
			"rotation": {"angle": -22.5, "axis": "z", "origin": [2.55166, 0.69136, 4]},
			"faces": {
				"north": {"uv": [1, 9.5, 1.5, 11], "texture": "#0"},
				"east": {"uv": [8.75, 4.5, 9.75, 6], "texture": "#0"},
				"south": {"uv": [1.5, 9.5, 2, 11], "texture": "#0"},
				"west": {"uv": [8.75, 8, 9.75, 9.5], "texture": "#0"},
				"up": {"uv": [4, 10.75, 3.5, 9.75], "texture": "#0"},
				"down": {"uv": [4.5, 9.75, 4, 10.75], "texture": "#0"}
			}
		},
		{
			"from": [6, 4, 0],
			"to": [10, 6, 3],
			"rotation": {"angle": 0, "axis": "y", "origin": [3, 4, -7]},
			"faces": {
				"north": {"uv": [9.25, 7.5, 10.25, 8], "texture": "#0"},
				"east": {"uv": [9.75, 5, 10.5, 5.5], "texture": "#0"},
				"south": {"uv": [9.75, 4.5, 10.75, 5], "texture": "#0"},
				"west": {"uv": [9.75, 5.5, 10.5, 6], "texture": "#0"},
				"up": {"uv": [9.75, 10.25, 8.75, 9.5], "texture": "#0"},
				"down": {"uv": [3, 9.75, 2, 10.5], "texture": "#0"}
			}
		}
	],
	"gui_light": "front",
	"display": {
		"thirdperson_righthand": {
			"rotation": [45, 0, 0],
			"translation": [0, 0, -2.25],
			"scale": [0.9, 0.9, 0.9]
		},
		"thirdperson_lefthand": {
			"rotation": [45, 0, 0],
			"translation": [0, 0, -2.25],
			"scale": [0.9, 0.9, 0.9]
		},
		"firstperson_righthand": {
			"rotation": [0, 146, 0],
			"translation": [2.25, 3.25, -3.25],
			"scale": [0.8, 0.8, 0.8]
		},
		"firstperson_lefthand": {
			"rotation": [0, 146, 0],
			"translation": [2.25, 3.25, -3.25],
			"scale": [0.8, 0.8, 0.8]
		},
		"ground": {
			"translation": [0, 6.5, 0],
			"scale": [0.9, 0.9, 0.9]
		},
		"gui": {
			"rotation": [-164.7, -21.48, 178.3],
			"translation": [0.5, 1.5, 0],
			"scale": [0.9, 0.9, 0.9]
		},
		"head": {
			"translation": [0, 6.5, 0],
			"scale": [1.6, 1.6, 1.6]
		},
		"fixed": {
			"rotation": [-90, 0, 0],
			"translation": [0, 0, -16],
			"scale": [2, 2, 2]
		}
	},
	"groups": [
		{
			"name": "penguin_hat",
			"origin": [3, 4, -7],
			"color": 0,
			"children": [0, 1, 2, 3]
		}
	]
}