{
	"format_version": "1.9.0",
	"credit": "Made with Blockbench",
	"texture_size": [64, 64],
	"textures": {
		"0": "block/pumpkin_mask_hat",
		"particle": "block/pumpkin_mask_hat"
	},
	"elements": [
		{
			"from": [3, -1, 3],
			"to": [13, 9, 6],
			"rotation": {"angle": 0, "axis": "y", "origin": [3, 0, 4]},
			"faces": {
				"north": {"uv": [0, 0, 2.5, 2.5], "texture": "#0"},
				"east": {"uv": [2.75, 0, 3.5, 2.5], "texture": "#0"},
				"south": {"uv": [0, 2.75, 2.5, 5.25], "texture": "#0"},
				"west": {"uv": [2.75, 2.75, 3.5, 5.25], "texture": "#0"},
				"up": {"uv": [6.25, 0.75, 3.75, 0], "texture": "#0"},
				"down": {"uv": [6.25, 1, 3.75, 1.75], "texture": "#0"}
			}
		},
		{
			"from": [3.5, 3, 6],
			"to": [3.5, 5, 13],
			"rotation": {"angle": 0, "axis": "y", "origin": [3.5, 0, 7]},
			"faces": {
				"north": {"uv": [1.5, 6.25, 1.5, 6.75], "texture": "#0"},
				"east": {"uv": [3.75, 3.5, 5.5, 4], "texture": "#0"},
				"south": {"uv": [1.75, 6.25, 1.75, 6.75], "texture": "#0"},
				"west": {"uv": [3.75, 4.25, 5.5, 4.75], "texture": "#0"},
				"up": {"uv": [5.75, 8, 5.75, 6.25], "texture": "#0"},
				"down": {"uv": [6, 6.25, 6, 8], "texture": "#0"}
			}
		},
		{
			"from": [12.5, 3, 6],
			"to": [12.5, 5, 13],
			"rotation": {"angle": 0, "axis": "y", "origin": [12.5, 0, 7]},
			"faces": {
				"north": {"uv": [6.5, 1.25, 6.5, 1.75], "texture": "#0"},
				"east": {"uv": [3.75, 5, 5.5, 5.5], "texture": "#0"},
				"south": {"uv": [6.5, 3.5, 6.5, 4], "texture": "#0"},
				"west": {"uv": [0, 5.5, 1.75, 6], "texture": "#0"},
				"up": {"uv": [4.25, 8.25, 4.25, 6.5], "texture": "#0"},
				"down": {"uv": [6.5, 4.25, 6.5, 6], "texture": "#0"}
			}
		},
		{
			"from": [3.5, 3, 13],
			"to": [12.5, 5, 13],
			"rotation": {"angle": 0, "axis": "y", "origin": [3, 0, 7]},
			"faces": {
				"north": {"uv": [3.75, 2, 6, 2.5], "texture": "#0"},
				"east": {"uv": [6.25, 6.25, 6.25, 6.75], "texture": "#0"},
				"south": {"uv": [3.75, 2.75, 6, 3.25], "texture": "#0"},
				"west": {"uv": [6.5, 0, 6.5, 0.5], "texture": "#0"},
				"up": {"uv": [8.75, 0.75, 6.5, 0.75], "texture": "#0"},
				"down": {"uv": [8.75, 1, 6.5, 1], "texture": "#0"}
			}
		},
		{
			"from": [7, 8, 4],
			"to": [9, 12, 6],
			"rotation": {"angle": 22.5, "axis": "x", "origin": [8, 8, 6]},
			"faces": {
				"north": {"uv": [2, 5.5, 2.5, 6.5], "texture": "#0"},
				"east": {"uv": [2.75, 5.5, 3.25, 6.5], "texture": "#0"},
				"south": {"uv": [3.5, 5.75, 4, 6.75], "texture": "#0"},
				"west": {"uv": [5.75, 3.5, 6.25, 4.5], "texture": "#0"},
				"up": {"uv": [4.75, 6.25, 4.25, 5.75], "texture": "#0"},
				"down": {"uv": [6.25, 4.75, 5.75, 5.25], "texture": "#0"}
			}
		},
		{
			"from": [7, 10, 6],
			"to": [9, 12, 8],
			"rotation": {"angle": 22.5, "axis": "x", "origin": [8, 8, 6]},
			"faces": {
				"north": {"uv": [5, 5.75, 5.5, 6.25], "texture": "#0"},
				"east": {"uv": [5.75, 5.5, 6.25, 6], "texture": "#0"},
				"south": {"uv": [0, 6.25, 0.5, 6.75], "texture": "#0"},
				"west": {"uv": [0.75, 6.25, 1.25, 6.75], "texture": "#0"},
				"up": {"uv": [6.75, 2.5, 6.25, 2], "texture": "#0"},
				"down": {"uv": [6.75, 2.75, 6.25, 3.25], "texture": "#0"}
			}
		}
	],
	"gui_light": "front",
	"display": {
		"thirdperson_righthand": {
			"rotation": [22.5, 0, 0],
			"translation": [0, 3, -0.25],
			"scale": [0.9, 0.9, 0.9]
		},
		"thirdperson_lefthand": {
			"rotation": [22.5, 0, 0],
			"translation": [0, 3, -0.25],
			"scale": [0.9, 0.9, 0.9]
		},
		"firstperson_righthand": {
			"rotation": [11.75, 0, 0],
			"translation": [7.25, 0, -5]
		},
		"firstperson_lefthand": {
			"rotation": [11.75, 0, 0],
			"translation": [7.25, 0, -5]
		},
		"ground": {
			"translation": [0, 5, 0],
			"scale": [0.8, 0.8, 0.8]
		},
		"gui": {
			"rotation": [0, -151, 0],
			"translation": [-0.25, 2.5, 0]
		},
		"head": {
			"translation": [0, 6.25, -1],
			"scale": [1.7, 1.7, 1.7]
		},
		"fixed": {
			"translation": [0, 8, 4],
			"scale": [2, 2, 2]
		}
	},
	"groups": [
		{
			"name": "pumpkin_mask_hat",
			"origin": [3, 0, 4],
			"color": 0,
			"children": [0, 1, 2, 3, 4, 5]
		}
	]
}