{
	"format_version": "1.21.6",
	"credit": "Made with Blockbench",
	"texture_size": [64, 64],
	"textures": {
		"0": "block/red_beanie_hat_texture",
		"particle": "block/red_beanie_hat_texture"
	},
	"elements": [
		{
			"from": [3, 5, 3],
			"to": [13, 8, 13],
			"rotation": {"angle": 0, "axis": "y", "origin": [4, 5, 3]},
			"faces": {
				"north": {"uv": [2.25, 5.5, 4.75, 6.25], "texture": "#0"},
				"east": {"uv": [5, 6.25, 7.5, 7], "texture": "#0"},
				"south": {"uv": [2.25, 6.5, 4.75, 7.25], "texture": "#0"},
				"west": {"uv": [7.25, 2.5, 9.75, 3.25], "texture": "#0"},
				"up": {"uv": [2.5, 2.5, 0, 0], "texture": "#0"},
				"down": {"uv": [2.5, 2.75, 0, 5.25], "texture": "#0"}
			}
		},
		{
			"from": [4, 7, 4],
			"to": [12, 11, 14],
			"rotation": {"angle": 0, "axis": "y", "origin": [4, 8, 3]},
			"faces": {
				"north": {"uv": [5, 2.5, 7, 3.5], "texture": "#0"},
				"east": {"uv": [5, 0, 7.5, 1], "texture": "#0"},
				"south": {"uv": [5, 3.75, 7, 4.75], "texture": "#0"},
				"west": {"uv": [5, 1.25, 7.5, 2.25], "texture": "#0"},
				"up": {"uv": [4.75, 2.5, 2.75, 0], "texture": "#0"},
				"down": {"uv": [4.75, 2.75, 2.75, 5.25], "texture": "#0"}
			}
		},
		{
			"from": [6.5, 10, 12],
			"to": [9.5, 13, 15],
			"rotation": {"angle": 0, "axis": "y", "origin": [5.5, 12, 10]},
			"faces": {
				"north": {"uv": [0, 6.75, 0.75, 7.5], "texture": "#0"},
				"east": {"uv": [1, 6.75, 1.75, 7.5], "texture": "#0"},
				"south": {"uv": [7.25, 3.5, 8, 4.25], "texture": "#0"},
				"west": {"uv": [7.25, 4.5, 8, 5.25], "texture": "#0"},
				"up": {"uv": [5.75, 8, 5, 7.25], "texture": "#0"},
				"down": {"uv": [6.75, 7.25, 6, 8], "texture": "#0"}
			}
		},
		{
			"name": "ribbon",
			"from": [0, 8, 4],
			"to": [8, 12, 4],
			"rotation": {"angle": 22.5, "axis": "y", "origin": [4, 10, 4]},
			"faces": {
				"north": {"uv": [5, 5, 7, 6], "texture": "#0"},
				"east": {"uv": [2, 6.75, 2, 7.75], "texture": "#0"},
				"south": {"uv": [0, 5.5, 2, 6.5], "texture": "#0"},
				"west": {"uv": [7, 7.25, 7, 8.25], "texture": "#0"},
				"up": {"uv": [9.25, 5.5, 7.25, 5.5], "texture": "#0"},
				"down": {"uv": [9.25, 5.75, 7.25, 5.75], "texture": "#0"}
			}
		}
	],
	"gui_light": "front",
	"display": {
		"thirdperson_righthand": {
			"rotation": [25, 0, 0],
			"translation": [0, 0, -2.75],
			"scale": [0.9, 0.9, 0.9]
		},
		"thirdperson_lefthand": {
			"rotation": [25, 0, 0],
			"translation": [0, 0, -2.75],
			"scale": [0.9, 0.9, 0.9]
		},
		"firstperson_righthand": {
			"rotation": [173.75, 44, -180],
			"translation": [0.75, 1, -2.75],
			"scale": [0.8, 0.8, 0.8]
		},
		"firstperson_lefthand": {
			"rotation": [173.75, 44, -180],
			"translation": [0.75, 1, -2.75],
			"scale": [0.8, 0.8, 0.8]
		},
		"ground": {
			"scale": [0.9, 0.9, 0.9]
		},
		"gui": {
			"rotation": [26, 150, 0],
			"translation": [0, -1, 0]
		},
		"head": {
			"rotation": [11.5, 0, 0],
			"translation": [0, 6, 0.5],
			"scale": [1.81, 1.81, 1.81]
		},
		"fixed": {
			"rotation": [-90, 0, 0],
			"translation": [0, 0, -6],
			"scale": [2, 2, 2]
		}
	},
	"groups": [
		{
			"name": "red_beanie_hat",
			"origin": [4, 10, 4],
			"color": 0,
			"children": [0, 1, 2, 3]
		}
	]
}