{
	"credit": "Made with Blockbench",
	"texture_size": [32, 32],
	"textures": {
		"2": "block/ruban_hat_tint"
	},
	"elements": [
		{
			"from": [15.6, 0, 10],
			"to": [15.6, 6, 12],
			"rotation": {"angle": 22.5, "axis": "z", "origin": [12, 3, 11.5]},
			"faces": {
				"north": {"uv": [0, 0, 0, 3], "texture": "#2", "tintindex": 0},
				"east": {"uv": [9, 4.5, 8, 7.5], "texture": "#2", "tintindex": 0},
				"south": {"uv": [0, 0, 0, 3], "texture": "#2", "tintindex": 0},
				"west": {"uv": [3.5, 6, 2.5, 9], "texture": "#2", "tintindex": 0},
				"up": {"uv": [0, 1, 0, 0], "texture": "#2", "tintindex": 0},
				"down": {"uv": [0, 0, 0, 1], "texture": "#2", "tintindex": 0}
			}
		},
		{
			"from": [7.6, 0, 12],
			"to": [15.6, 6, 12],
			"rotation": {"angle": 22.5, "axis": "z", "origin": [12, 3, 12]},
			"faces": {
				"north": {"uv": [0, 3, 4, 6], "texture": "#2", "tintindex": 0},
				"east": {"uv": [0, 0, 0, 3], "texture": "#2", "tintindex": 0},
				"south": {"uv": [4, 3, 0, 6], "texture": "#2", "tintindex": 0},
				"west": {"uv": [0, 0, 0, 3], "texture": "#2", "tintindex": 0},
				"up": {"uv": [0, 0, 4, 0], "texture": "#2", "tintindex": 0},
				"down": {"uv": [0, 0, 4, 0], "texture": "#2", "tintindex": 0}
			}
		},
		{
			"from": [7.7, -8, 11.6],
			"to": [11.7, 2, 11.6],
			"rotation": {"angle": 22.5, "axis": "z", "origin": [12, 3, 12]},
			"faces": {
				"north": {"uv": [4, 5, 6, 10], "texture": "#2", "tintindex": 0},
				"east": {"uv": [0, 0, 0, 5], "texture": "#2", "tintindex": 0},
				"south": {"uv": [6, 5, 4, 10], "texture": "#2", "tintindex": 0},
				"west": {"uv": [0, 0, 0, 5], "texture": "#2", "tintindex": 0},
				"up": {"uv": [0, 0, 2, 0], "texture": "#2", "tintindex": 0},
				"down": {"uv": [0, 0, 2, 0], "texture": "#2", "tintindex": 0}
			}
		},
		{
			"from": [7.6, 0, 10],
			"to": [15.6, 6, 10],
			"rotation": {"angle": 22.5, "axis": "z", "origin": [12, 3, 12]},
			"faces": {
				"north": {"uv": [0, 3, 4, 6], "texture": "#2", "tintindex": 0},
				"east": {"uv": [0, 0, 0, 3], "texture": "#2", "tintindex": 0},
				"south": {"uv": [4, 3, 0, 6], "texture": "#2", "tintindex": 0},
				"west": {"uv": [0, 0, 0, 3], "texture": "#2", "tintindex": 0},
				"up": {"uv": [0, 0, 4, 0], "texture": "#2", "tintindex": 0},
				"down": {"uv": [0, 0, 4, 0], "texture": "#2", "tintindex": 0}
			}
		},
		{
			"from": [0.4, 0, 10],
			"to": [8.4, 6, 10],
			"rotation": {"angle": -22.5, "axis": "z", "origin": [4, 3, 12]},
			"faces": {
				"north": {"uv": [4, 3, 0, 6], "texture": "#2", "tintindex": 0},
				"east": {"uv": [0, 0, 0, 3], "texture": "#2", "tintindex": 0},
				"south": {"uv": [0, 3, 4, 6], "texture": "#2", "tintindex": 0},
				"west": {"uv": [0, 0, 0, 3], "texture": "#2", "tintindex": 0},
				"up": {"uv": [4, 0, 0, 0], "texture": "#2", "tintindex": 0},
				"down": {"uv": [4, 0, 0, 0], "texture": "#2", "tintindex": 0}
			}
		},
		{
			"from": [4.3, -8, 11.6],
			"to": [8.3, 2, 11.6],
			"rotation": {"angle": -22.5, "axis": "z", "origin": [4, 3, 12]},
			"faces": {
				"north": {"uv": [6, 5, 4, 10], "texture": "#2", "tintindex": 0},
				"east": {"uv": [0, 0, 0, 5], "texture": "#2", "tintindex": 0},
				"south": {"uv": [4, 5, 6, 10], "texture": "#2", "tintindex": 0},
				"west": {"uv": [0, 0, 0, 5], "texture": "#2", "tintindex": 0},
				"up": {"uv": [2, 0, 0, 0], "texture": "#2", "tintindex": 0},
				"down": {"uv": [2, 0, 0, 0], "texture": "#2", "tintindex": 0}
			}
		},
		{
			"from": [0.4, 0, 12],
			"to": [8.4, 6, 12],
			"rotation": {"angle": -22.5, "axis": "z", "origin": [4, 3, 12]},
			"faces": {
				"north": {"uv": [4, 3, 0, 6], "texture": "#2", "tintindex": 0},
				"east": {"uv": [0, 0, 0, 3], "texture": "#2", "tintindex": 0},
				"south": {"uv": [0, 3, 4, 6], "texture": "#2", "tintindex": 0},
				"west": {"uv": [0, 0, 0, 3], "texture": "#2", "tintindex": 0},
				"up": {"uv": [4, 0, 0, 0], "texture": "#2", "tintindex": 0},
				"down": {"uv": [4, 0, 0, 0], "texture": "#2", "tintindex": 0}
			}
		},
		{
			"from": [0.4, 0, 10],
			"to": [0.4, 6, 12],
			"rotation": {"angle": -22.5, "axis": "z", "origin": [4, 3, 11.5]},
			"faces": {
				"north": {"uv": [0, 0, 0, 3], "texture": "#2", "tintindex": 0},
				"east": {"uv": [2.5, 6, 3.5, 9], "texture": "#2", "tintindex": 0},
				"south": {"uv": [0, 0, 0, 3], "texture": "#2", "tintindex": 0},
				"west": {"uv": [8, 4.5, 9, 7.5], "texture": "#2", "tintindex": 0},
				"up": {"uv": [0, 1, 0, 0], "texture": "#2", "tintindex": 0},
				"down": {"uv": [0, 0, 0, 1], "texture": "#2", "tintindex": 0}
			}
		},
		{
			"from": [6, 0, 9],
			"to": [11, 5, 13],
			"faces": {
				"north": {"uv": [6, 0, 8.5, 2.5], "texture": "#2", "tintindex": 0},
				"east": {"uv": [6, 2.5, 8, 5], "texture": "#2", "tintindex": 0},
				"south": {"uv": [6, 0, 8.5, 2.5], "texture": "#2", "tintindex": 0},
				"west": {"uv": [6, 5, 8, 7.5], "texture": "#2", "tintindex": 0},
				"up": {"uv": [8.5, 9.5, 6, 7.5], "texture": "#2", "tintindex": 0},
				"down": {"uv": [10.5, 2.5, 8, 4.5], "texture": "#2", "tintindex": 0}
			}
		}
	],
	"display": {
		"thirdperson_righthand": {
			"rotation": [75, 45, 0],
			"translation": [0, 2.5, 1.5],
			"scale": [0.375, 0.375, 0.375]
		},
		"thirdperson_lefthand": {
			"rotation": [75, 45, 0],
			"translation": [0, 2.5, 1.5],
			"scale": [0.375, 0.375, 0.375]
		},
		"firstperson_righthand": {
			"rotation": [180, 67.75, 180],
			"translation": [1.25, 3.75, 0],
			"scale": [0.4, 0.4, 0.4]
		},
		"firstperson_lefthand": {
			"rotation": [180, 67.75, 180],
			"translation": [1.25, 3.75, 0],
			"scale": [0.4, 0.4, 0.4]
		},
		"ground": {
			"translation": [0, 9.75, 0],
			"scale": [0.69922, 0.69922, 0.69922]
		},
		"gui": {
			"rotation": [30, 225, 0],
			"translation": [2, 5.25, 0],
			"scale": [0.89062, 0.89062, 0.89062]
		},
		"head": {
			"translation": [0, 10.75, 4.5],
			"scale": [1.36914, 1.36914, 1.36914]
		},
		"fixed": {
			"translation": [0, 15, -8.25],
			"scale": [1.72461, 1.72461, 1.72461]
		}
	}
}