{
	"format_version": "1.21.6",
	"credit": "Made with Blockbench",
	"texture_size": [64, 64],
	"textures": {
		"0": "block/tundra_explorer_hat_texture",
		"particle": "block/tundra_explorer_hat_texture"
	},
	"elements": [
		{
			"from": [1, 8, 4],
			"to": [3, 10, 4],
			"rotation": {"angle": 22.5, "axis": "y", "origin": [3, 9, 4]},
			"faces": {
				"north": {"uv": [10, 8.5, 10.5, 9], "texture": "#0"},
				"east": {"uv": [8.25, 9, 8.25, 9.5], "texture": "#0"},
				"south": {"uv": [10.25, 3.25, 10.75, 3.75], "texture": "#0"},
				"west": {"uv": [8.5, 9, 8.5, 9.5], "texture": "#0"},
				"up": {"uv": [5, 5.75, 4.5, 5.75], "texture": "#0"},
				"down": {"uv": [3.25, 7.5, 2.75, 7.5], "texture": "#0"}
			}
		},
		{
			"from": [4, 10, 5],
			"to": [6, 12, 5],
			"rotation": {"angle": 45, "axis": "x", "origin": [5, 10, 5]},
			"faces": {
				"north": {"uv": [10.25, 4, 10.75, 4.5], "texture": "#0"},
				"east": {"uv": [8, 10, 8, 10.5], "texture": "#0"},
				"south": {"uv": [10.25, 4.75, 10.75, 5.25], "texture": "#0"},
				"west": {"uv": [11, 11, 11, 11.5], "texture": "#0"},
				"up": {"uv": [4, 7.5, 3.5, 7.5], "texture": "#0"},
				"down": {"uv": [8.75, 2.25, 8.25, 2.25], "texture": "#0"}
			}
		},
		{
			"from": [10, 10, 4],
			"to": [12, 12, 4],
			"rotation": {"angle": 22.5, "axis": "x", "origin": [11, 10, 4]},
			"faces": {
				"north": {"uv": [10.25, 5.5, 10.75, 6], "texture": "#0"},
				"east": {"uv": [11.25, 0, 11.25, 0.5], "texture": "#0"},
				"south": {"uv": [10.25, 6.25, 10.75, 6.75], "texture": "#0"},
				"west": {"uv": [11.25, 0.75, 11.25, 1.25], "texture": "#0"},
				"up": {"uv": [11.5, 8.25, 11, 8.25], "texture": "#0"},
				"down": {"uv": [11.75, 1.5, 11.25, 1.5], "texture": "#0"}
			}
		},
		{
			"from": [13, 8, 5],
			"to": [15, 10, 5],
			"rotation": {"angle": -45, "axis": "y", "origin": [13, 9, 5]},
			"faces": {
				"north": {"uv": [10.25, 9.25, 10.75, 9.75], "texture": "#0"},
				"east": {"uv": [11.25, 11, 11.25, 11.5], "texture": "#0"},
				"south": {"uv": [10.25, 10, 10.75, 10.5], "texture": "#0"},
				"west": {"uv": [11.5, 0, 11.5, 0.5], "texture": "#0"},
				"up": {"uv": [11.75, 1.75, 11.25, 1.75], "texture": "#0"},
				"down": {"uv": [11.75, 2, 11.25, 2], "texture": "#0"}
			}
		},
		{
			"from": [5, 1, 13],
			"to": [7, 1, 15],
			"rotation": {"angle": 45, "axis": "x", "origin": [6, 1, 13]},
			"faces": {
				"north": {"uv": [11.5, 0.75, 12, 0.75], "texture": "#0"},
				"east": {"uv": [11.5, 1, 12, 1], "texture": "#0"},
				"south": {"uv": [11.5, 1.25, 12, 1.25], "texture": "#0"},
				"west": {"uv": [11.5, 3.25, 12, 3.25], "texture": "#0"},
				"up": {"uv": [5.5, 11.25, 5, 10.75], "texture": "#0"},
				"down": {"uv": [6.25, 10.75, 5.75, 11.25], "texture": "#0"}
			}
		},
		{
			"from": [9, 1, 13],
			"to": [11, 1, 15],
			"rotation": {"angle": 22.5, "axis": "x", "origin": [10, 1, 13]},
			"faces": {
				"north": {"uv": [11.5, 3.5, 12, 3.5], "texture": "#0"},
				"east": {"uv": [11.5, 3.75, 12, 3.75], "texture": "#0"},
				"south": {"uv": [11.5, 4, 12, 4], "texture": "#0"},
				"west": {"uv": [11.5, 4.25, 12, 4.25], "texture": "#0"},
				"up": {"uv": [7, 11.25, 6.5, 10.75], "texture": "#0"},
				"down": {"uv": [7.75, 10.75, 7.25, 11.25], "texture": "#0"}
			}
		},
		{
			"from": [13.25, 6, 2.75],
			"to": [13.25, 8, 13.25],
			"rotation": {"angle": 0, "axis": "y", "origin": [12.25, 6, 4]},
			"faces": {
				"north": {"uv": [11.5, 4.5, 11.5, 5], "texture": "#0"},
				"east": {"uv": [7.25, 3.75, 10, 4.25], "texture": "#0"},
				"south": {"uv": [5, 11.5, 5, 12], "texture": "#0"},
				"west": {"uv": [7.25, 4.5, 10, 5], "texture": "#0"},
				"up": {"uv": [5.25, 14.25, 5.25, 11.5], "texture": "#0"},
				"down": {"uv": [5.5, 11.5, 5.5, 14.25], "texture": "#0"}
			}
		},
		{
			"from": [2.75, 6, 2.75],
			"to": [13.25, 8, 2.75],
			"rotation": {"angle": 0, "axis": "y", "origin": [12.25, 6, 4]},
			"faces": {
				"north": {"uv": [7.25, 5.25, 10, 5.75], "texture": "#0"},
				"east": {"uv": [5.75, 11.5, 5.75, 12], "texture": "#0"},
				"south": {"uv": [0, 7.75, 2.75, 8.25], "texture": "#0"},
				"west": {"uv": [6, 11.5, 6, 12], "texture": "#0"},
				"up": {"uv": [14.25, 6.25, 11.5, 6.25], "texture": "#0"},
				"down": {"uv": [14.25, 6.5, 11.5, 6.5], "texture": "#0"}
			}
		},
		{
			"from": [9.25, 5.5, 2],
			"to": [12.25, 8.5, 3],
			"rotation": {"angle": 0, "axis": "y", "origin": [11.25, 5.5, 4.25]},
			"faces": {
				"north": {"uv": [7.25, 9, 8, 9.75], "texture": "#0"},
				"east": {"uv": [0, 11, 0.25, 11.75], "texture": "#0"},
				"south": {"uv": [8.25, 9.75, 9, 10.5], "texture": "#0"},
				"west": {"uv": [0.5, 11, 0.75, 11.75], "texture": "#0"},
				"up": {"uv": [10, 3.5, 9.25, 3.25], "texture": "#0"},
				"down": {"uv": [11.5, 8.5, 10.75, 8.75], "texture": "#0"}
			}
		},
		{
			"from": [3.75, 5.5, 2],
			"to": [6.75, 8.5, 3],
			"rotation": {"angle": 0, "axis": "y", "origin": [4.75, 5.5, 4.25]},
			"faces": {
				"north": {"uv": [9.25, 9.75, 10, 10.5], "texture": "#0"},
				"east": {"uv": [11, 3.25, 11.25, 4], "texture": "#0"},
				"south": {"uv": [0, 10, 0.75, 10.75], "texture": "#0"},
				"west": {"uv": [11, 4.25, 11.25, 5], "texture": "#0"},
				"up": {"uv": [11.75, 5.5, 11, 5.25], "texture": "#0"},
				"down": {"uv": [11.75, 5.75, 11, 6], "texture": "#0"}
			}
		},
		{
			"from": [2.75, 6, 2.75],
			"to": [2.75, 8, 13.25],
			"rotation": {"angle": 0, "axis": "y", "origin": [3.75, 6, 4]},
			"faces": {
				"north": {"uv": [6.25, 11.5, 6.25, 12], "texture": "#0"},
				"east": {"uv": [3, 7.75, 5.75, 8.25], "texture": "#0"},
				"south": {"uv": [6.5, 11.5, 6.5, 12], "texture": "#0"},
				"west": {"uv": [8.25, 0, 11, 0.5], "texture": "#0"},
				"up": {"uv": [6.75, 14.25, 6.75, 11.5], "texture": "#0"},
				"down": {"uv": [7, 11.5, 7, 14.25], "texture": "#0"}
			}
		},
		{
			"from": [2.75, 6, 13.25],
			"to": [13.25, 8, 13.25],
			"rotation": {"angle": 0, "axis": "y", "origin": [12.25, 6, 4]},
			"faces": {
				"north": {"uv": [8.25, 0.75, 11, 1.25], "texture": "#0"},
				"east": {"uv": [11.5, 6.75, 11.5, 7.25], "texture": "#0"},
				"south": {"uv": [8.25, 1.5, 11, 2], "texture": "#0"},
				"west": {"uv": [7.25, 11.5, 7.25, 12], "texture": "#0"},
				"up": {"uv": [14.25, 7.5, 11.5, 7.5], "texture": "#0"},
				"down": {"uv": [14.25, 7.75, 11.5, 7.75], "texture": "#0"}
			}
		},
		{
			"from": [3, -1, 6],
			"to": [4, 5, 12],
			"rotation": {"angle": 0, "axis": "y", "origin": [4, 2, 4]},
			"faces": {
				"north": {"uv": [1, 10, 1.25, 11.5], "texture": "#0"},
				"east": {"uv": [5.5, 2.5, 7, 4], "texture": "#0"},
				"south": {"uv": [1.5, 10, 1.75, 11.5], "texture": "#0"},
				"west": {"uv": [5.5, 4.25, 7, 5.75], "texture": "#0"},
				"up": {"uv": [2.25, 11.5, 2, 10], "texture": "#0"},
				"down": {"uv": [2.75, 10, 2.5, 11.5], "texture": "#0"}
			}
		},
		{
			"from": [3, 5, 6],
			"to": [13, 9, 13],
			"rotation": {"angle": 0, "axis": "y", "origin": [12, 6, 4]},
			"faces": {
				"north": {"uv": [2.75, 4.5, 5.25, 5.5], "texture": "#0"},
				"east": {"uv": [6.25, 7, 8, 8], "texture": "#0"},
				"south": {"uv": [0, 5.5, 2.5, 6.5], "texture": "#0"},
				"west": {"uv": [7.25, 2.5, 9, 3.5], "texture": "#0"},
				"up": {"uv": [2.5, 1.75, 0, 0], "texture": "#0"},
				"down": {"uv": [2.5, 2, 0, 3.75], "texture": "#0"}
			}
		},
		{
			"from": [3, 5, 3],
			"to": [13, 10, 6],
			"rotation": {"angle": 0, "axis": "y", "origin": [12, 6, 4]},
			"faces": {
				"north": {"uv": [2.75, 0, 5.25, 1.25], "texture": "#0"},
				"east": {"uv": [0, 8.5, 0.75, 9.75], "texture": "#0"},
				"south": {"uv": [2.75, 1.5, 5.25, 2.75], "texture": "#0"},
				"west": {"uv": [1, 8.5, 1.75, 9.75], "texture": "#0"},
				"up": {"uv": [8.75, 6.75, 6.25, 6], "texture": "#0"},
				"down": {"uv": [2.5, 6.75, 0, 7.5], "texture": "#0"}
			}
		},
		{
			"from": [-0.12132, 2.46447, 8],
			"to": [0.87868, 5.46447, 12],
			"rotation": {"angle": -45, "axis": "z", "origin": [0.87868, 1.46447, 4]},
			"faces": {
				"north": {"uv": [11, 6.25, 11.25, 7], "texture": "#0"},
				"east": {"uv": [8.75, 7.75, 9.75, 8.5], "texture": "#0"},
				"south": {"uv": [11, 7.25, 11.25, 8], "texture": "#0"},
				"west": {"uv": [8.75, 8.75, 9.75, 9.5], "texture": "#0"},
				"up": {"uv": [8.25, 11.75, 8, 10.75], "texture": "#0"},
				"down": {"uv": [8.75, 10.75, 8.5, 11.75], "texture": "#0"}
			}
		},
		{
			"from": [15.12132, 2.46447, 8],
			"to": [16.12132, 5.46447, 12],
			"rotation": {"angle": 45, "axis": "z", "origin": [15.12132, 1.46447, 4]},
			"faces": {
				"north": {"uv": [11, 9, 11.25, 9.75], "texture": "#0"},
				"east": {"uv": [6, 9, 7, 9.75], "texture": "#0"},
				"south": {"uv": [11, 10, 11.25, 10.75], "texture": "#0"},
				"west": {"uv": [9, 6, 10, 6.75], "texture": "#0"},
				"up": {"uv": [9.25, 11.75, 9, 10.75], "texture": "#0"},
				"down": {"uv": [9.75, 10.75, 9.5, 11.75], "texture": "#0"}
			}
		},
		{
			"from": [12, -1, 6],
			"to": [13, 5, 12],
			"rotation": {"angle": 0, "axis": "y", "origin": [12, 2, 4]},
			"faces": {
				"north": {"uv": [3, 10, 3.25, 11.5], "texture": "#0"},
				"east": {"uv": [2.75, 5.75, 4.25, 7.25], "texture": "#0"},
				"south": {"uv": [3.5, 10, 3.75, 11.5], "texture": "#0"},
				"west": {"uv": [4.5, 6, 6, 7.5], "texture": "#0"},
				"up": {"uv": [4.25, 11.5, 4, 10], "texture": "#0"},
				"down": {"uv": [4.75, 10, 4.5, 11.5], "texture": "#0"}
			}
		},
		{
			"from": [3, 1, 12],
			"to": [13, 5, 13],
			"rotation": {"angle": 0, "axis": "y", "origin": [11, 2, 4]},
			"faces": {
				"north": {"uv": [5.5, 0, 8, 1], "texture": "#0"},
				"east": {"uv": [10, 10.75, 10.25, 11.75], "texture": "#0"},
				"south": {"uv": [5.5, 1.25, 8, 2.25], "texture": "#0"},
				"west": {"uv": [10.5, 10.75, 10.75, 11.75], "texture": "#0"},
				"up": {"uv": [11.75, 2.5, 9.25, 2.25], "texture": "#0"},
				"down": {"uv": [11.75, 2.75, 9.25, 3], "texture": "#0"}
			}
		},
		{
			"from": [13.025, -1, 5],
			"to": [13.025, 1, 8],
			"rotation": {"angle": -45, "axis": "x", "origin": [13.025, 0, 7]},
			"faces": {
				"north": {"uv": [7.5, 11.5, 7.5, 12], "texture": "#0"},
				"east": {"uv": [5, 10, 5.75, 10.5], "texture": "#0"},
				"south": {"uv": [7.75, 11.5, 7.75, 12], "texture": "#0"},
				"west": {"uv": [6, 10, 6.75, 10.5], "texture": "#0"},
				"up": {"uv": [11.5, 9.75, 11.5, 9], "texture": "#0"},
				"down": {"uv": [11.5, 10, 11.5, 10.75], "texture": "#0"}
			}
		},
		{
			"from": [2.975, -1, 5],
			"to": [2.975, 1, 8],
			"rotation": {"angle": -45, "axis": "x", "origin": [2.975, 0, 7]},
			"faces": {
				"north": {"uv": [11.5, 11, 11.5, 11.5], "texture": "#0"},
				"east": {"uv": [7, 10, 7.75, 10.5], "texture": "#0"},
				"south": {"uv": [11.75, 0, 11.75, 0.5], "texture": "#0"},
				"west": {"uv": [10, 7.75, 10.75, 8.25], "texture": "#0"},
				"up": {"uv": [1, 12.5, 1, 11.75], "texture": "#0"},
				"down": {"uv": [1.25, 11.75, 1.25, 12.5], "texture": "#0"}
			}
		},
		{
			"from": [2.975, -1, 5],
			"to": [13.025, 1, 5],
			"rotation": {"angle": -45, "axis": "x", "origin": [13.025, 0, 7]},
			"faces": {
				"north": {"uv": [6, 8.25, 8.5, 8.75], "texture": "#0"},
				"east": {"uv": [1.5, 11.75, 1.5, 12.25], "texture": "#0"},
				"south": {"uv": [8.25, 7, 10.75, 7.5], "texture": "#0"},
				"west": {"uv": [1.75, 11.75, 1.75, 12.25], "texture": "#0"},
				"up": {"uv": [14, 8, 11.5, 8], "texture": "#0"},
				"down": {"uv": [4.5, 11.75, 2, 11.75], "texture": "#0"}
			}
		},
		{
			"from": [13, 0, 3],
			"to": [13, 5, 6],
			"rotation": {"angle": 0, "axis": "y", "origin": [12, 1, 4]},
			"faces": {
				"north": {"uv": [4.75, 11.75, 4.75, 13], "texture": "#0"},
				"east": {"uv": [2, 8.5, 2.75, 9.75], "texture": "#0"},
				"south": {"uv": [11.75, 8.25, 11.75, 9.5], "texture": "#0"},
				"west": {"uv": [3, 8.5, 3.75, 9.75], "texture": "#0"},
				"up": {"uv": [11.75, 10.5, 11.75, 9.75], "texture": "#0"},
				"down": {"uv": [11.75, 10.75, 11.75, 11.5], "texture": "#0"}
			}
		},
		{
			"from": [3, 0, 3],
			"to": [13, 5, 3],
			"rotation": {"angle": 0, "axis": "y", "origin": [12, 1, 4]},
			"faces": {
				"north": {"uv": [2.75, 3, 5.25, 4.25], "texture": "#0"},
				"east": {"uv": [11, 11.75, 11, 13], "texture": "#0"},
				"south": {"uv": [0, 4, 2.5, 5.25], "texture": "#0"},
				"west": {"uv": [11.25, 11.75, 11.25, 13], "texture": "#0"},
				"up": {"uv": [14.25, 4.5, 11.75, 4.5], "texture": "#0"},
				"down": {"uv": [14.25, 4.75, 11.75, 4.75], "texture": "#0"}
			}
		},
		{
			"from": [3, 0, 3],
			"to": [3, 5, 6],
			"rotation": {"angle": 0, "axis": "y", "origin": [4, 1, 4]},
			"faces": {
				"north": {"uv": [11.5, 11.75, 11.5, 13], "texture": "#0"},
				"east": {"uv": [4, 8.5, 4.75, 9.75], "texture": "#0"},
				"south": {"uv": [11.75, 11.75, 11.75, 13], "texture": "#0"},
				"west": {"uv": [5, 8.5, 5.75, 9.75], "texture": "#0"},
				"up": {"uv": [0, 12.75, 0, 12], "texture": "#0"},
				"down": {"uv": [0.25, 12, 0.25, 12.75], "texture": "#0"}
			}
		}
	],
	"gui_light": "front",
	"display": {
		"thirdperson_righthand": {
			"rotation": [25, 0, 0],
			"translation": [0, -0.25, -2.75],
			"scale": [0.9, 0.9, 0.9]
		},
		"thirdperson_lefthand": {
			"rotation": [25, 0, 0],
			"translation": [0, -0.25, -2.75],
			"scale": [0.9, 0.9, 0.9]
		},
		"firstperson_righthand": {
			"rotation": [0, 150, 0],
			"translation": [2, 4, -3.25],
			"scale": [0.8, 0.8, 0.8]
		},
		"firstperson_lefthand": {
			"rotation": [0, 150, 0],
			"translation": [2, 4, -3.25],
			"scale": [0.8, 0.8, 0.8]
		},
		"ground": {
			"translation": [0, 7, 0],
			"scale": [0.8, 0.8, 0.8]
		},
		"gui": {
			"rotation": [25, 150, 0],
			"translation": [0, 3, 0],
			"scale": [0.9, 0.9, 0.9]
		},
		"head": {
			"translation": [0, 6.5, 0],
			"scale": [1.6, 1.6, 1.6]
		},
		"fixed": {
			"rotation": [-90, 0, 0],
			"translation": [0, 0, -20],
			"scale": [2, 2, 2]
		}
	},
	"groups": [
		{
			"name": "tundra_explorer_hat",
			"origin": [12, 6, 4],
			"color": 0,
			"children": [
				{
					"name": "fur",
					"origin": [10, 1, 13],
					"color": 0,
					"children": [0, 1, 2, 3, 4, 5]
				},
				{
					"name": "goggles",
					"origin": [12.25, 6, 4],
					"color": 0,
					"children": [6, 7, 8, 9, 10, 11]
				},
				{
					"name": "hat",
					"origin": [11, 2, 4],
					"color": 0,
					"children": [12, 13, 14, 15, 16, 17, 18]
				},
				{
					"name": "strap",
					"origin": [13.025, 0, 7],
					"color": 0,
					"children": [19, 20, 21]
				},
				{
					"name": "icicles_animation",
					"origin": [4, 1, 4],
					"color": 0,
					"children": [22, 23, 24]
				}
			]
		}
	]
}