{
  "parent": "mcpaint:item/pixel_canvas/parent",
  "elements": [
    {
      "from": [
        5,
        1,
        7.45
      ],
      "to": [
        6,
        2,
        8.55
      ],
      "faces": {
        "north": {
          "uv": [
            6,
            15,
            5,
            14
          ],
          "texture": "#0",
          "tintindex": 0
        },
        "south": {
          "uv": [
            5,
            15,
            6,
            14
          ],
          "texture": "#0",
          "tintindex": 0
        }
      }
    }
  ]
}