{
  "parent": "mcpaint:item/pixel_canvas/parent",
  "elements": [
    {
      "from": [
        11,
        1,
        7.45
      ],
      "to": [
        12,
        2,
        8.55
      ],
      "faces": {
        "north": {
          "uv": [
            12,
            15,
            11,
            14
          ],
          "texture": "#0",
          "tintindex": 0
        },
        "south": {
          "uv": [
            11,
            15,
            12,
            14
          ],
          "texture": "#0",
          "tintindex": 0
        }
      }
    }
  ]
}