{
	"credit": "Made with Blockbench",
	"texture_size": [64, 64],
	"textures": {
		"0": "block/cowboyhat2",
		"particle": "block/cowboyhat2"
	},
	"elements": [
		{
			"name": "base",
			"from": [2, 10, 2],
			"to": [14, 10, 14],
			"rotation": {"angle": 0, "axis": "y", "origin": [0, 10, 0]},
			"faces": {
				"north": {"uv": [0, 0, 3, 0], "texture": "#0"},
				"east": {"uv": [0, 0, 3, 0], "texture": "#0"},
				"south": {"uv": [0, 0, 3, 0], "texture": "#0"},
				"west": {"uv": [0, 0, 3, 0], "texture": "#0"},
				"up": {"uv": [6, 9.5, 3, 6.5], "texture": "#0"},
				"down": {"uv": [9, 6.5, 6, 9.5], "texture": "#0"}
			}
		},
		{
			"from": [1, 10, 2],
			"to": [2, 10, 14],
			"rotation": {"angle": -45, "axis": "z", "origin": [2, 10, 8]},
			"faces": {
				"north": {"uv": [0, 0, 0.5, 0], "texture": "#0"},
				"east": {"uv": [0, 0, 3, 0], "texture": "#0"},
				"south": {"uv": [0, 0, 0.5, 0], "texture": "#0"},
				"west": {"uv": [0, 0, 3, 0], "texture": "#0"},
				"up": {"uv": [0.5, 13.5, 0, 10.5], "texture": "#0"},
				"down": {"uv": [1, 10.5, 0.5, 13.5], "texture": "#0"}
			}
		},
		{
			"from": [14, 10, 2],
			"to": [15, 10, 14],
			"rotation": {"angle": 45, "axis": "z", "origin": [14, 10, 8]},
			"faces": {
				"north": {"uv": [0, 0, 0.5, 0], "texture": "#0"},
				"east": {"uv": [0, 0, 3, 0], "texture": "#0"},
				"south": {"uv": [0, 0, 0.5, 0], "texture": "#0"},
				"west": {"uv": [0, 0, 3, 0], "texture": "#0"},
				"up": {"uv": [1.5, 13.5, 1, 10.5], "texture": "#0"},
				"down": {"uv": [2, 10.5, 1.5, 13.5], "texture": "#0"}
			}
		},
		{
			"from": [0, 10, 3],
			"to": [1, 10, 13],
			"rotation": {"angle": -45, "axis": "z", "origin": [2, 10, 8]},
			"faces": {
				"north": {"uv": [0, 0, 0.5, 0], "texture": "#0"},
				"east": {"uv": [0, 0, 2.5, 0], "texture": "#0"},
				"south": {"uv": [0, 0, 0.5, 0], "texture": "#0"},
				"west": {"uv": [0, 0, 2.5, 0], "texture": "#0"},
				"up": {"uv": [3, 9.5, 2.5, 7], "texture": "#0"},
				"down": {"uv": [2.5, 10.5, 2, 13], "texture": "#0"}
			}
		},
		{
			"from": [15, 10, 3],
			"to": [16, 10, 13],
			"rotation": {"angle": 45, "axis": "z", "origin": [14, 10, 8]},
			"faces": {
				"north": {"uv": [0, 0, 0.5, 0], "texture": "#0"},
				"east": {"uv": [0, 0, 2.5, 0], "texture": "#0"},
				"south": {"uv": [0, 0, 0.5, 0], "texture": "#0"},
				"west": {"uv": [0, 0, 2.5, 0], "texture": "#0"},
				"up": {"uv": [3, 13, 2.5, 10.5], "texture": "#0"},
				"down": {"uv": [3.5, 10.5, 3, 13], "texture": "#0"}
			}
		},
		{
			"from": [3, 10, 1],
			"to": [13, 10, 2],
			"rotation": {"angle": 22.5, "axis": "x", "origin": [8, 10, 2]},
			"faces": {
				"north": {"uv": [0, 0, 2.5, 0], "texture": "#0"},
				"east": {"uv": [0, 0, 0.5, 0], "texture": "#0"},
				"south": {"uv": [0, 0, 2.5, 0], "texture": "#0"},
				"west": {"uv": [0, 0, 0.5, 0], "texture": "#0"},
				"up": {"uv": [6, 11, 3.5, 10.5], "texture": "#0"},
				"down": {"uv": [8.5, 10.5, 6, 11], "texture": "#0"}
			}
		},
		{
			"from": [3, 10, 14],
			"to": [13, 10, 15],
			"rotation": {"angle": -22.5, "axis": "x", "origin": [8, 10, 14]},
			"faces": {
				"north": {"uv": [0, 0, 2.5, 0], "texture": "#0"},
				"east": {"uv": [0, 0, 0.5, 0], "texture": "#0"},
				"south": {"uv": [0, 0, 2.5, 0], "texture": "#0"},
				"west": {"uv": [0, 0, 0.5, 0], "texture": "#0"},
				"up": {"uv": [11, 11, 8.5, 10.5], "texture": "#0"},
				"down": {"uv": [6, 11, 3.5, 11.5], "texture": "#0"}
			}
		},
		{
			"name": "top",
			"from": [3, 10, 3],
			"to": [13, 13, 13],
			"rotation": {"angle": 0, "axis": "y", "origin": [0, 10, 0]},
			"faces": {
				"north": {"uv": [9, 8.5, 11.5, 9.5], "texture": "#0"},
				"east": {"uv": [0, 9.5, 2.5, 10.5], "texture": "#0"},
				"south": {"uv": [2.5, 9.5, 5, 10.5], "texture": "#0"},
				"west": {"uv": [5, 9.5, 7.5, 10.5], "texture": "#0"},
				"up": {"uv": [2.5, 9.5, 0, 7], "texture": "#0"},
				"down": {"uv": [11.5, 6, 9, 8.5], "texture": "#0"}
			}
		},
		{
			"from": [3, 2, 3.2],
			"to": [13, 5, 3.2],
			"rotation": {"angle": 0, "axis": "x", "origin": [8, 3, 8.3]},
			"faces": {
				"north": {"uv": [7.5, 9.5, 10, 10.5], "texture": "#0"},
				"east": {"uv": [0, 0, 0, 1], "texture": "#0"},
				"south": {"uv": [10, 0, 12.5, 1], "texture": "#0"},
				"west": {"uv": [0, 0, 0, 1], "texture": "#0"},
				"up": {"uv": [2.5, 0, 0, 0], "texture": "#0"},
				"down": {"uv": [2.5, 0, 0, 0], "texture": "#0"}
			}
		},
		{
			"from": [5, 5, 3.2],
			"to": [11, 6, 3.2],
			"rotation": {"angle": 0, "axis": "x", "origin": [8, 3, 8.3]},
			"faces": {
				"north": {"uv": [7, 6, 8.5, 6.5], "texture": "#0"},
				"east": {"uv": [0, 0, 0, 0.5], "texture": "#0"},
				"south": {"uv": [6, 11, 7.5, 11.5], "texture": "#0"},
				"west": {"uv": [0, 0, 0, 0.5], "texture": "#0"},
				"up": {"uv": [1.5, 0, 0, 0], "texture": "#0"},
				"down": {"uv": [1.5, 0, 0, 0], "texture": "#0"}
			}
		},
		{
			"from": [3, 2, 13.2],
			"to": [13, 5, 13.2],
			"rotation": {"angle": 0, "axis": "x", "origin": [8, 3, 8.3]},
			"faces": {
				"north": {"uv": [10, 1, 12.5, 2], "texture": "#0"},
				"east": {"uv": [0, 0, 0, 1], "texture": "#0"},
				"south": {"uv": [10, 2, 12.5, 3], "texture": "#0"},
				"west": {"uv": [0, 0, 0, 1], "texture": "#0"},
				"up": {"uv": [2.5, 0, 0, 0], "texture": "#0"},
				"down": {"uv": [2.5, 0, 0, 0], "texture": "#0"}
			}
		},
		{
			"from": [13, 2, 3.2],
			"to": [13, 5, 13.2],
			"rotation": {"angle": 0, "axis": "x", "origin": [8, 3, 8.3]},
			"faces": {
				"north": {"uv": [0, 0, 0, 1], "texture": "#0"},
				"east": {"uv": [10, 3, 12.5, 4], "texture": "#0"},
				"south": {"uv": [0, 0, 0, 1], "texture": "#0"},
				"west": {"uv": [10, 4, 12.5, 5], "texture": "#0"},
				"up": {"uv": [0, 2.5, 0, 0], "texture": "#0"},
				"down": {"uv": [0, 0, 0, 2.5], "texture": "#0"}
			}
		},
		{
			"from": [3, 2, 3.2],
			"to": [3, 5, 13.2],
			"rotation": {"angle": 0, "axis": "x", "origin": [8, 3, 8.3]},
			"faces": {
				"north": {"uv": [0, 0, 0, 1], "texture": "#0"},
				"east": {"uv": [10, 5, 12.5, 6], "texture": "#0"},
				"south": {"uv": [0, 0, 0, 1], "texture": "#0"},
				"west": {"uv": [10, 9.5, 12.5, 10.5], "texture": "#0"},
				"up": {"uv": [0, 2.5, 0, 0], "texture": "#0"},
				"down": {"uv": [0, 0, 0, 2.5], "texture": "#0"}
			}
		},
		{
			"from": [7, 1, 13.2],
			"to": [9, 2, 13.2],
			"rotation": {"angle": 0, "axis": "x", "origin": [8, 3, 8.3]},
			"faces": {
				"north": {"uv": [8.5, 6, 9, 6.5], "texture": "#0"},
				"east": {"uv": [0, 0, 0, 0.5], "texture": "#0"},
				"south": {"uv": [7.5, 11, 8, 11.5], "texture": "#0"},
				"west": {"uv": [0, 0, 0, 0.5], "texture": "#0"},
				"up": {"uv": [0.5, 0, 0, 0], "texture": "#0"},
				"down": {"uv": [0.5, 0, 0, 0], "texture": "#0"}
			}
		},
		{
			"from": [6, 0, 13.2],
			"to": [7, 1, 13.2],
			"rotation": {"angle": 0, "axis": "x", "origin": [8, 3, 8.3]},
			"faces": {
				"north": {"uv": [8, 11, 8.5, 11.5], "texture": "#0"},
				"east": {"uv": [0, 0, 0, 0.5], "texture": "#0"},
				"south": {"uv": [8.5, 11, 9, 11.5], "texture": "#0"},
				"west": {"uv": [0, 0, 0, 0.5], "texture": "#0"},
				"up": {"uv": [0.5, 0, 0, 0], "texture": "#0"},
				"down": {"uv": [0.5, 0, 0, 0], "texture": "#0"}
			}
		},
		{
			"from": [9, 0, 13.2],
			"to": [10, 1, 13.2],
			"rotation": {"angle": 0, "axis": "x", "origin": [8, 3, 8.3]},
			"faces": {
				"north": {"uv": [9, 11, 9.5, 11.5], "texture": "#0"},
				"east": {"uv": [0, 0, 0, 0.5], "texture": "#0"},
				"south": {"uv": [9.5, 11, 10, 11.5], "texture": "#0"},
				"west": {"uv": [0, 0, 0, 0.5], "texture": "#0"},
				"up": {"uv": [0.5, 0, 0, 0], "texture": "#0"},
				"down": {"uv": [0.5, 0, 0, 0], "texture": "#0"}
			}
		}
	],
	"display": {
		"thirdperson_righthand": {
			"translation": [0, -1, 0],
			"scale": [0.6, 0.6, 0.6]
		},
		"thirdperson_lefthand": {
			"translation": [0, -1, 0],
			"scale": [0.6, 0.6, 0.6]
		},
		"firstperson_righthand": {
			"translation": [0.5, 1.75, 0],
			"scale": [0.8, 0.8, 0.8]
		},
		"firstperson_lefthand": {
			"translation": [0.5, 1.75, 0],
			"scale": [0.8, 0.8, 0.8]
		},
		"ground": {
			"translation": [0, 5, 0],
			"scale": [0.9, 0.9, 0.9]
		},
		"gui": {
			"rotation": [44, -135, 0],
			"translation": [0, 0.25, 0],
			"scale": [0.8, 0.8, 0.8]
		},
		"head": {
			"rotation": [2.5, 0, 0],
			"translation": [0, 1, -0.25],
			"scale": [1.5, 1.5, 1.5]
		},
		"fixed": {
			"rotation": [-90, 0, 0],
			"translation": [0, 0, 3.25],
			"scale": [1.7, 1.7, 1.7]
		}
	},
	"groups": [
		{
			"name": "sides",
			"origin": [14, 0, 8],
			"color": 0,
			"children": []
		},
		{
			"name": "frontback",
			"origin": [8, 0, 2],
			"color": 0,
			"children": []
		},
		{
			"name": "group",
			"origin": [0, 0, 0],
			"color": 0,
			"children": [0, 1, 2, 3, 4, 5, 6, 7]
		},
		8,
		9,
		10,
		11,
		12,
		13,
		14,
		15
	]
}