{
	"credit": "Made with Blockbench",
	"texture_size": [32, 32],
	"textures": {
		"4": "block/fig10",
		"particle": "block/fig10"
	},
	"elements": [
		{
			"name": "base",
			"from": [4, 0, 4],
			"to": [12, 1, 12],
			"faces": {
				"north": {"uv": [10, 4, 14, 4.5], "texture": "#4"},
				"east": {"uv": [10, 4.5, 14, 5], "texture": "#4"},
				"south": {"uv": [10, 5, 14, 5.5], "texture": "#4"},
				"west": {"uv": [10, 5.5, 14, 6], "texture": "#4"},
				"up": {"uv": [4, 4, 0, 0], "texture": "#4"},
				"down": {"uv": [4, 4, 0, 8], "texture": "#4"}
			}
		},
		{
			"name": "body",
			"from": [5, 3, 4],
			"to": [11, 7, 10],
			"faces": {
				"north": {"uv": [9, 8, 12, 10], "texture": "#4"},
				"east": {"uv": [10, 0, 13, 2], "texture": "#4"},
				"south": {"uv": [2, 10, 5, 12], "texture": "#4"},
				"west": {"uv": [10, 2, 13, 4], "texture": "#4"},
				"up": {"uv": [10, 3, 7, 0], "texture": "#4"},
				"down": {"uv": [10, 3, 7, 6], "texture": "#4"}
			}
		},
		{
			"name": "head",
			"from": [6, 3, 10],
			"to": [10, 6, 12],
			"faces": {
				"north": {"uv": [5, 8, 7, 9.5], "texture": "#4"},
				"east": {"uv": [11, 11, 12, 12.5], "texture": "#4"},
				"south": {"uv": [5, 9.5, 7, 11], "texture": "#4"},
				"west": {"uv": [0, 12, 1, 13.5], "texture": "#4"},
				"up": {"uv": [7, 12, 5, 11], "texture": "#4"},
				"down": {"uv": [13, 10, 11, 11], "texture": "#4"}
			}
		},
		{
			"from": [10, 1, 10],
			"to": [11, 4, 11],
			"faces": {
				"north": {"uv": [12, 8.5, 12.5, 10], "texture": "#4"},
				"east": {"uv": [9.5, 12, 10, 13.5], "texture": "#4"},
				"south": {"uv": [10, 12, 10.5, 13.5], "texture": "#4"},
				"west": {"uv": [10.5, 12, 11, 13.5], "texture": "#4"},
				"up": {"uv": [14.5, 2.5, 14, 2], "texture": "#4"},
				"down": {"uv": [14.5, 2.5, 14, 3], "texture": "#4"}
			}
		},
		{
			"from": [4, 1, 4],
			"to": [5, 4, 5],
			"faces": {
				"north": {"uv": [12, 11, 12.5, 12.5], "texture": "#4"},
				"east": {"uv": [12.5, 6, 13, 7.5], "texture": "#4"},
				"south": {"uv": [6.5, 12.5, 7, 14], "texture": "#4"},
				"west": {"uv": [7, 12.5, 7.5, 14], "texture": "#4"},
				"up": {"uv": [14.5, 3.5, 14, 3], "texture": "#4"},
				"down": {"uv": [14.5, 3.5, 14, 4], "texture": "#4"}
			}
		},
		{
			"from": [4, 1, 6],
			"to": [5, 4, 7],
			"faces": {
				"north": {"uv": [7.5, 12.5, 8, 14], "texture": "#4"},
				"east": {"uv": [8, 12.5, 8.5, 14], "texture": "#4"},
				"south": {"uv": [12.5, 8.5, 13, 10], "texture": "#4"},
				"west": {"uv": [11, 12.5, 11.5, 14], "texture": "#4"},
				"up": {"uv": [14.5, 4.5, 14, 4], "texture": "#4"},
				"down": {"uv": [14.5, 4.5, 14, 5], "texture": "#4"}
			}
		},
		{
			"from": [4, 1, 8],
			"to": [5, 4, 9],
			"faces": {
				"north": {"uv": [12.5, 11, 13, 12.5], "texture": "#4"},
				"east": {"uv": [11.5, 12.5, 12, 14], "texture": "#4"},
				"south": {"uv": [12, 12.5, 12.5, 14], "texture": "#4"},
				"west": {"uv": [12.5, 12.5, 13, 14], "texture": "#4"},
				"up": {"uv": [5.5, 14.5, 5, 14], "texture": "#4"},
				"down": {"uv": [14.5, 5, 14, 5.5], "texture": "#4"}
			}
		},
		{
			"from": [5, 1, 10],
			"to": [6, 4, 11],
			"faces": {
				"north": {"uv": [13, 0, 13.5, 1.5], "texture": "#4"},
				"east": {"uv": [1, 13, 1.5, 14.5], "texture": "#4"},
				"south": {"uv": [1.5, 13, 2, 14.5], "texture": "#4"},
				"west": {"uv": [13, 1.5, 13.5, 3], "texture": "#4"},
				"up": {"uv": [6, 14.5, 5.5, 14], "texture": "#4"},
				"down": {"uv": [14.5, 5.5, 14, 6], "texture": "#4"}
			}
		},
		{
			"from": [11, 1, 8],
			"to": [12, 4, 9],
			"faces": {
				"north": {"uv": [2, 13, 2.5, 14.5], "texture": "#4"},
				"east": {"uv": [2.5, 13, 3, 14.5], "texture": "#4"},
				"south": {"uv": [3, 13, 3.5, 14.5], "texture": "#4"},
				"west": {"uv": [3.5, 13, 4, 14.5], "texture": "#4"},
				"up": {"uv": [6.5, 14.5, 6, 14], "texture": "#4"},
				"down": {"uv": [14.5, 6, 14, 6.5], "texture": "#4"}
			}
		},
		{
			"from": [11, 1, 6],
			"to": [12, 4, 7],
			"faces": {
				"north": {"uv": [4, 13, 4.5, 14.5], "texture": "#4"},
				"east": {"uv": [4.5, 13, 5, 14.5], "texture": "#4"},
				"south": {"uv": [13, 6, 13.5, 7.5], "texture": "#4"},
				"west": {"uv": [13, 8.5, 13.5, 10], "texture": "#4"},
				"up": {"uv": [7, 14.5, 6.5, 14], "texture": "#4"},
				"down": {"uv": [14.5, 6.5, 14, 7], "texture": "#4"}
			}
		},
		{
			"from": [11, 1, 4],
			"to": [12, 4, 5],
			"faces": {
				"north": {"uv": [13, 10, 13.5, 11.5], "texture": "#4"},
				"east": {"uv": [13, 11.5, 13.5, 13], "texture": "#4"},
				"south": {"uv": [13, 13, 13.5, 14.5], "texture": "#4"},
				"west": {"uv": [0, 13.5, 0.5, 15], "texture": "#4"},
				"up": {"uv": [7.5, 14.5, 7, 14], "texture": "#4"},
				"down": {"uv": [14.5, 7, 14, 7.5], "texture": "#4"}
			}
		},
		{
			"from": [6, 3, 12],
			"to": [7, 4, 13],
			"faces": {
				"north": {"uv": [7.5, 14, 8, 14.5], "texture": "#4"},
				"east": {"uv": [14, 7.5, 14.5, 8], "texture": "#4"},
				"south": {"uv": [8, 14, 8.5, 14.5], "texture": "#4"},
				"west": {"uv": [14, 8, 14.5, 8.5], "texture": "#4"},
				"up": {"uv": [9, 14.5, 8.5, 14], "texture": "#4"},
				"down": {"uv": [14.5, 8.5, 14, 9], "texture": "#4"}
			}
		},
		{
			"from": [9, 3, 12],
			"to": [10, 4, 13],
			"faces": {
				"north": {"uv": [9, 14, 9.5, 14.5], "texture": "#4"},
				"east": {"uv": [14, 9, 14.5, 9.5], "texture": "#4"},
				"south": {"uv": [14, 9.5, 14.5, 10], "texture": "#4"},
				"west": {"uv": [14, 10, 14.5, 10.5], "texture": "#4"},
				"up": {"uv": [11, 14.5, 10.5, 14], "texture": "#4"},
				"down": {"uv": [14.5, 10.5, 14, 11], "texture": "#4"}
			}
		},
		{
			"from": [6, 7, 8],
			"to": [7, 9, 10],
			"faces": {
				"north": {"uv": [13, 3, 13.5, 4], "texture": "#4"},
				"east": {"uv": [1, 12, 2, 13], "texture": "#4"},
				"south": {"uv": [13.5, 0, 14, 1], "texture": "#4"},
				"west": {"uv": [2, 12, 3, 13], "texture": "#4"},
				"up": {"uv": [1, 14.5, 0.5, 13.5], "texture": "#4"},
				"down": {"uv": [14, 1, 13.5, 2], "texture": "#4"}
			}
		},
		{
			"from": [9, 7, 8],
			"to": [10, 9, 10],
			"faces": {
				"north": {"uv": [13.5, 2, 14, 3], "texture": "#4"},
				"east": {"uv": [3, 12, 4, 13], "texture": "#4"},
				"south": {"uv": [13.5, 3, 14, 4], "texture": "#4"},
				"west": {"uv": [4, 12, 5, 13], "texture": "#4"},
				"up": {"uv": [14, 7, 13.5, 6], "texture": "#4"},
				"down": {"uv": [14, 7, 13.5, 8], "texture": "#4"}
			}
		},
		{
			"name": "body",
			"from": [5, 7, 4],
			"to": [11, 15, 8],
			"faces": {
				"north": {"uv": [4, 0, 7, 4], "texture": "#4"},
				"east": {"uv": [7, 6, 9, 10], "texture": "#4"},
				"south": {"uv": [4, 4, 7, 8], "texture": "#4"},
				"west": {"uv": [0, 8, 2, 12], "texture": "#4"},
				"up": {"uv": [5, 10, 2, 8], "texture": "#4"},
				"down": {"uv": [12, 6, 9, 8], "texture": "#4"}
			}
		},
		{
			"from": [4, 7, 5],
			"to": [5, 11, 7],
			"faces": {
				"north": {"uv": [5, 12, 5.5, 14], "texture": "#4"},
				"east": {"uv": [7, 10, 8, 12], "texture": "#4"},
				"south": {"uv": [5.5, 12, 6, 14], "texture": "#4"},
				"west": {"uv": [8, 10, 9, 12], "texture": "#4"},
				"up": {"uv": [14, 9.5, 13.5, 8.5], "texture": "#4"},
				"down": {"uv": [10, 13.5, 9.5, 14.5], "texture": "#4"}
			}
		},
		{
			"from": [11, 7, 5],
			"to": [12, 11, 7],
			"faces": {
				"north": {"uv": [6, 12, 6.5, 14], "texture": "#4"},
				"east": {"uv": [9, 10, 10, 12], "texture": "#4"},
				"south": {"uv": [12, 6, 12.5, 8], "texture": "#4"},
				"west": {"uv": [10, 10, 11, 12], "texture": "#4"},
				"up": {"uv": [14, 10.5, 13.5, 9.5], "texture": "#4"},
				"down": {"uv": [10.5, 13.5, 10, 14.5], "texture": "#4"}
			}
		},
		{
			"from": [11, 7, 8],
			"to": [12, 8, 9],
			"faces": {
				"north": {"uv": [12.5, 7.5, 13, 8], "texture": "#4"},
				"east": {"uv": [13, 7.5, 13.5, 8], "texture": "#4"},
				"south": {"uv": [10.5, 13.5, 11, 14], "texture": "#4"},
				"west": {"uv": [13.5, 10.5, 14, 11], "texture": "#4"},
				"up": {"uv": [14, 11.5, 13.5, 11], "texture": "#4"},
				"down": {"uv": [14, 11.5, 13.5, 12], "texture": "#4"}
			}
		},
		{
			"from": [11, 6, 4],
			"to": [12, 7, 8],
			"faces": {
				"north": {"uv": [13.5, 12, 14, 12.5], "texture": "#4"},
				"east": {"uv": [6.5, 12, 8.5, 12.5], "texture": "#4"},
				"south": {"uv": [13.5, 12.5, 14, 13], "texture": "#4"},
				"west": {"uv": [12, 8, 14, 8.5], "texture": "#4"},
				"up": {"uv": [9, 14, 8.5, 12], "texture": "#4"},
				"down": {"uv": [9.5, 12, 9, 14], "texture": "#4"}
			}
		},
		{
			"from": [11, 7, 3],
			"to": [12, 8, 4],
			"faces": {
				"north": {"uv": [13.5, 13, 14, 13.5], "texture": "#4"},
				"east": {"uv": [13.5, 13.5, 14, 14], "texture": "#4"},
				"south": {"uv": [14, 0, 14.5, 0.5], "texture": "#4"},
				"west": {"uv": [14, 0.5, 14.5, 1], "texture": "#4"},
				"up": {"uv": [14.5, 1.5, 14, 1], "texture": "#4"},
				"down": {"uv": [14.5, 1.5, 14, 2], "texture": "#4"}
			}
		}
	],
	"gui_light": "front",
	"display": {
		"thirdperson_righthand": {
			"rotation": [0, 180, 0],
			"translation": [0, 0, -2],
			"scale": [0.5, 0.5, 0.5]
		},
		"thirdperson_lefthand": {
			"rotation": [0, 180, 0],
			"translation": [0, 0, -2],
			"scale": [0.5, 0.5, 0.5]
		},
		"firstperson_righthand": {
			"rotation": [0, -180, 0],
			"scale": [0.5, 0.5, 0.5]
		},
		"firstperson_lefthand": {
			"rotation": [0, -180, 0],
			"scale": [0.5, 0.5, 0.5]
		},
		"ground": {
			"translation": [0, 2, 0],
			"scale": [0.5, 0.5, 0.5]
		},
		"gui": {
			"translation": [0, 0.5, 0]
		},
		"head": {
			"rotation": [0, 180, 0],
			"translation": [0, 12.5, 0],
			"scale": [0.75, 0.75, 0.75]
		},
		"fixed": {
			"rotation": [-90, 0, 0],
			"translation": [0, 0, -9.5],
			"scale": [1.2, 1.2, 1.2]
		}
	},
	"groups": [
		0,
		1,
		2,
		{
			"name": "legs",
			"origin": [0, 0, 0],
			"color": 0,
			"children": [3, 4, 5, 6, 7, 8, 9, 10]
		},
		{
			"name": "fangs",
			"origin": [0, 0, 0],
			"color": 0,
			"children": [11, 12]
		},
		{
			"name": "skelly",
			"origin": [0, 0, 0],
			"color": 0,
			"children": [13, 14, 15, 16, 17, 18, 19, 20]
		}
	]
}