{
	"credit": "Made with Blockbench",
	"texture_size": [32, 32],
	"textures": {
		"3": "block/fig3",
		"particle": "block/fig3"
	},
	"elements": [
		{
			"name": "base",
			"from": [4, 0, 4],
			"to": [12, 1, 12],
			"faces": {
				"north": {"uv": [6, 8, 10, 8.5], "texture": "#3"},
				"east": {"uv": [6, 8.5, 10, 9], "texture": "#3"},
				"south": {"uv": [6, 9, 10, 9.5], "texture": "#3"},
				"west": {"uv": [6, 9.5, 10, 10], "texture": "#3"},
				"up": {"uv": [4, 4, 0, 0], "texture": "#3"},
				"down": {"uv": [4, 4, 0, 8], "texture": "#3"}
			}
		},
		{
			"from": [5, 1, 5],
			"to": [7, 3, 7],
			"faces": {
				"north": {"uv": [10, 0, 11, 1], "texture": "#3"},
				"east": {"uv": [10, 1, 11, 2], "texture": "#3"},
				"south": {"uv": [10, 2, 11, 3], "texture": "#3"},
				"west": {"uv": [10, 3, 11, 4], "texture": "#3"},
				"up": {"uv": [11, 5, 10, 4], "texture": "#3"},
				"down": {"uv": [11, 5, 10, 6], "texture": "#3"}
			}
		},
		{
			"from": [9, 1, 5],
			"to": [11, 3, 7],
			"faces": {
				"north": {"uv": [6, 10, 7, 11], "texture": "#3"},
				"east": {"uv": [10, 6, 11, 7], "texture": "#3"},
				"south": {"uv": [7, 10, 8, 11], "texture": "#3"},
				"west": {"uv": [10, 7, 11, 8], "texture": "#3"},
				"up": {"uv": [9, 11, 8, 10], "texture": "#3"},
				"down": {"uv": [11, 8, 10, 9], "texture": "#3"}
			}
		},
		{
			"from": [9, 1, 9],
			"to": [11, 3, 11],
			"faces": {
				"north": {"uv": [9, 10, 10, 11], "texture": "#3"},
				"east": {"uv": [10, 9, 11, 10], "texture": "#3"},
				"south": {"uv": [10, 10, 11, 11], "texture": "#3"},
				"west": {"uv": [0, 11, 1, 12], "texture": "#3"},
				"up": {"uv": [12, 1, 11, 0], "texture": "#3"},
				"down": {"uv": [2, 11, 1, 12], "texture": "#3"}
			}
		},
		{
			"from": [5, 1, 9],
			"to": [7, 3, 11],
			"faces": {
				"north": {"uv": [11, 1, 12, 2], "texture": "#3"},
				"east": {"uv": [2, 11, 3, 12], "texture": "#3"},
				"south": {"uv": [11, 2, 12, 3], "texture": "#3"},
				"west": {"uv": [3, 11, 4, 12], "texture": "#3"},
				"up": {"uv": [12, 4, 11, 3], "texture": "#3"},
				"down": {"uv": [5, 11, 4, 12], "texture": "#3"}
			}
		},
		{
			"name": "head/body",
			"from": [5, 3, 5],
			"to": [11, 11, 11],
			"faces": {
				"north": {"uv": [4, 0, 7, 4], "texture": "#3"},
				"east": {"uv": [4, 4, 7, 8], "texture": "#3"},
				"south": {"uv": [7, 0, 10, 4], "texture": "#3"},
				"west": {"uv": [7, 4, 10, 8], "texture": "#3"},
				"up": {"uv": [3, 11, 0, 8], "texture": "#3"},
				"down": {"uv": [6, 8, 3, 11], "texture": "#3"}
			}
		}
	],
	"gui_light": "front",
	"display": {
		"thirdperson_righthand": {
			"rotation": [0, 180, 0],
			"translation": [0, 0, -2],
			"scale": [0.5, 0.5, 0.5]
		},
		"thirdperson_lefthand": {
			"rotation": [0, 180, 0],
			"translation": [0, 0, -2],
			"scale": [0.5, 0.5, 0.5]
		},
		"firstperson_righthand": {
			"rotation": [0, -180, 0],
			"scale": [0.5, 0.5, 0.5]
		},
		"firstperson_lefthand": {
			"rotation": [0, -180, 0],
			"scale": [0.5, 0.5, 0.5]
		},
		"ground": {
			"translation": [0, 2, 0],
			"scale": [0.5, 0.5, 0.5]
		},
		"gui": {
			"translation": [0, 2.25, 0]
		},
		"head": {
			"rotation": [0, -180, 0],
			"translation": [0, 12.5, 0],
			"scale": [0.75, 0.75, 0.75]
		},
		"fixed": {
			"rotation": [-90, 0, 0],
			"translation": [0, 0, -9.5],
			"scale": [1.2, 1.2, 1.2]
		}
	},
	"groups": [
		0,
		{
			"name": "legs",
			"origin": [0, 0, 0],
			"color": 0,
			"children": [1, 2, 3, 4]
		},
		5
	]
}