{
	"credit": "Made with Blockbench",
	"texture_size": [32, 32],
	"textures": {
		"2": "block/gift_hat"
	},
	"elements": [
		{
			"from": [5, 0, 5],
			"to": [11, 6, 11],
			"faces": {
				"north": {"uv": [3.5, 0, 6.5, 3], "texture": "#2"},
				"east": {"uv": [3.5, 3, 6.5, 6], "texture": "#2"},
				"south": {"uv": [3.5, 6, 6.5, 9], "texture": "#2"},
				"west": {"uv": [6.5, 0, 9.5, 3], "texture": "#2"},
				"up": {"uv": [9.5, 6, 6.5, 3], "texture": "#2"},
				"down": {"uv": [9.5, 6, 6.5, 9], "texture": "#2"}
			}
		},
		{
			"from": [6.98, -0.02, 4.98],
			"to": [9.02, 6.02, 11.02],
			"faces": {
				"north": {"uv": [1, 10, 2, 13], "texture": "#2"},
				"east": {"uv": [0, 7, 3, 10], "texture": "#2"},
				"south": {"uv": [2, 10, 3, 13], "texture": "#2"},
				"west": {"uv": [3, 9, 6, 12], "texture": "#2"},
				"up": {"uv": [7, 13.5, 6, 10.5], "texture": "#2"},
				"down": {"uv": [8, 10.5, 7, 13.5], "texture": "#2"}
			}
		},
		{
			"from": [4.5, 4, 4.5],
			"to": [11.5, 7, 11.5],
			"rotation": {"angle": 0, "axis": "y", "origin": [0.5, 0, 0.5]},
			"faces": {
				"north": {"uv": [9.5, 1.5, 13, 3], "texture": "#2"},
				"east": {"uv": [9.5, 3, 13, 4.5], "texture": "#2"},
				"south": {"uv": [9.5, 4.5, 13, 6], "texture": "#2"},
				"west": {"uv": [9.5, 6, 13, 7.5], "texture": "#2"},
				"up": {"uv": [3.5, 3.5, 0, 0], "texture": "#2"},
				"down": {"uv": [3.5, 3.5, 0, 7], "texture": "#2"}
			}
		},
		{
			"from": [6.88, 3.98, 4.48],
			"to": [9.12, 7.02, 11.52],
			"rotation": {"angle": 0, "axis": "y", "origin": [0.5, 0, 0.5]},
			"faces": {
				"north": {"uv": [10.5, 7.5, 11.5, 9], "texture": "#2"},
				"east": {"uv": [6, 9, 9.5, 10.5], "texture": "#2"},
				"south": {"uv": [8, 10.5, 9, 12], "texture": "#2"},
				"west": {"uv": [9.5, 0, 13, 1.5], "texture": "#2"},
				"up": {"uv": [10.5, 11, 9.5, 7.5], "texture": "#2"},
				"down": {"uv": [1, 10, 0, 13.5], "texture": "#2"}
			}
		},
		{
			"from": [4.48, 3.98, 6.88],
			"to": [11.52, 7.12, 9.12],
			"rotation": {"angle": 0, "axis": "y", "origin": [8, 4.25, 8]},
			"faces": {
				"north": {"uv": [6, 9, 9.5, 10.5], "texture": "#2"},
				"east": {"uv": [8, 10.5, 9, 12], "texture": "#2"},
				"south": {"uv": [9.5, 0, 13, 1.5], "texture": "#2"},
				"west": {"uv": [10.5, 7.5, 11.5, 9], "texture": "#2"},
				"up": {"uv": [10.5, 11, 9.5, 7.5], "rotation": 270, "texture": "#2"},
				"down": {"uv": [1, 10, 0, 13.5], "rotation": 90, "texture": "#2"}
			}
		},
		{
			"from": [4.98, -0.02, 6.98],
			"to": [11.02, 6.02, 9.02],
			"rotation": {"angle": 0, "axis": "y", "origin": [8, 4.25, 8]},
			"faces": {
				"north": {"uv": [0, 7, 3, 10], "texture": "#2"},
				"east": {"uv": [2, 10, 3, 13], "texture": "#2"},
				"south": {"uv": [3, 9, 6, 12], "texture": "#2"},
				"west": {"uv": [1, 10, 2, 13], "texture": "#2"},
				"up": {"uv": [7, 13.5, 6, 10.5], "rotation": 270, "texture": "#2"},
				"down": {"uv": [8, 10.5, 7, 13.5], "rotation": 90, "texture": "#2"}
			}
		},
		{
			"from": [4.5, 7, 7.5],
			"to": [7.9, 9, 8.5],
			"rotation": {"angle": -22.5, "axis": "z", "origin": [6, 8, 8]},
			"faces": {
				"north": {"uv": [10.5, 9, 12, 10], "texture": "#2"},
				"east": {"uv": [3, 7, 3.5, 8], "texture": "#2"},
				"south": {"uv": [10.5, 10, 12, 11], "texture": "#2"},
				"west": {"uv": [3, 8, 3.5, 9], "texture": "#2"},
				"up": {"uv": [13, 9, 11.5, 8.5], "texture": "#2"},
				"down": {"uv": [5.5, 12, 4, 12.5], "texture": "#2"}
			}
		},
		{
			"from": [8.1, 7, 7.5],
			"to": [11.5, 9, 8.5],
			"rotation": {"angle": 22.5, "axis": "z", "origin": [10, 8, 8]},
			"faces": {
				"north": {"uv": [9, 11, 10.5, 12], "texture": "#2"},
				"east": {"uv": [10.5, 12, 11, 13], "texture": "#2"},
				"south": {"uv": [10.5, 11, 12, 12], "texture": "#2"},
				"west": {"uv": [12, 10.5, 12.5, 11.5], "texture": "#2"},
				"up": {"uv": [9.5, 12.5, 8, 12], "texture": "#2"},
				"down": {"uv": [13.5, 9, 12, 9.5], "texture": "#2"}
			}
		},
		{
			"from": [7.5, 7, 7.2],
			"to": [8.5, 8.5, 8.8],
			"rotation": {"angle": 0, "axis": "y", "origin": [10, 8, 8]},
			"faces": {
				"north": {"uv": [5.5, 12, 6, 13], "texture": "#2"},
				"east": {"uv": [11.5, 7.5, 12.5, 8.5], "texture": "#2"},
				"south": {"uv": [9.5, 12, 10, 13], "texture": "#2"},
				"west": {"uv": [3, 12, 4, 13], "texture": "#2"},
				"up": {"uv": [12.5, 10.5, 12, 9.5], "texture": "#2"},
				"down": {"uv": [10.5, 12, 10, 13], "texture": "#2"}
			}
		}
	],
	"gui_light": "front",
	"display": {
		"thirdperson_righthand": {
			"rotation": [72.84, 5.21, 4.83],
			"translation": [-0.25, 2.5, 1.5],
			"scale": [0.51758, 0.51758, 0.51758]
		},
		"thirdperson_lefthand": {
			"rotation": [72.84, 5.21, 4.83],
			"translation": [-0.25, 2.5, 1.5],
			"scale": [0.51758, 0.51758, 0.51758]
		},
		"firstperson_righthand": {
			"rotation": [180, 67.75, 180],
			"translation": [1.25, 3.75, 0.75],
			"scale": [0.4, 0.4, 0.4]
		},
		"firstperson_lefthand": {
			"rotation": [180, 67.75, 180],
			"translation": [1.25, 3.75, 0.75],
			"scale": [0.4, 0.4, 0.4]
		},
		"ground": {
			"translation": [0, 5.75, 0],
			"scale": [0.81641, 0.81641, 0.81641]
		},
		"gui": {
			"rotation": [30, 225, 0],
			"translation": [0, 3, 0],
			"scale": [1.14648, 1.14648, 1.14648]
		},
		"head": {
			"translation": [0, 17.5, 0.25],
			"scale": [1.61718, 1.61718, 1.61718]
		},
		"fixed": {
			"rotation": [-90, 180, 0],
			"translation": [0, 0, -16],
			"scale": [2, 2, 2]
		}
	}
}