{
  "parent": "mcpaint:item/pixel_canvas/parent",
  "elements": [
    {
      "from": [
        7,
        10,
        7.45
      ],
      "to": [
        8,
        11,
        8.55
      ],
      "faces": {
        "north": {
          "uv": [
            8,
            6,
            7,
            5
          ],
          "texture": "#0",
          "tintindex": 0
        },
        "south": {
          "uv": [
            7,
            6,
            8,
            5
          ],
          "texture": "#0",
          "tintindex": 0
        }
      }
    }
  ]
}