{
	"format_version": "1.21.6",
	"credit": "Made with Blockbench",
	"texture_size": [64, 64],
	"textures": {
		"0": "block/gingerbread_hat_texture",
		"particle": "block/gingerbread_hat_texture"
	},
	"elements": [
		{
			"from": [3, -1, 3],
			"to": [13, 9, 13],
			"rotation": {"angle": 0, "axis": "y", "origin": [3, 3, 3]},
			"faces": {
				"north": {"uv": [3, 6, 5.5, 8.5], "texture": "#0"},
				"east": {"uv": [6, 3, 8.5, 5.5], "texture": "#0"},
				"south": {"uv": [5.75, 6, 8.25, 8.5], "texture": "#0"},
				"west": {"uv": [8.5, 5.75, 11, 8.25], "texture": "#0"},
				"up": {"uv": [11, 11, 8.5, 8.5], "texture": "#0"},
				"down": {"uv": [5.5, 8.75, 3, 11.25], "texture": "#0"}
			}
		},
		{
			"from": [13.5, 9.5, 13.5],
			"to": [2.5, -1.5, 2.5],
			"rotation": {"angle": 0, "axis": "y", "origin": [3, 3, 3]},
			"faces": {
				"north": {"uv": [0, 0, 2.75, 2.75], "texture": "#0"},
				"east": {"uv": [0, 3, 2.75, 5.75], "texture": "#0"},
				"south": {"uv": [3, 0, 5.75, 2.75], "texture": "#0"},
				"west": {"uv": [3, 3, 5.75, 5.75], "texture": "#0"},
				"up": {"uv": [2.75, 8.75, 0, 6], "texture": "#0"},
				"down": {"uv": [8.75, 0, 6, 2.75], "texture": "#0"}
			}
		},
		{
			"from": [3, -1, 2.75],
			"to": [13, 9, 2.75],
			"rotation": {"angle": 0, "axis": "y", "origin": [3, 3, 2.75]},
			"faces": {
				"north": {"uv": [8.75, 3, 11.25, 5.5], "texture": "#0"},
				"east": {"uv": [0, 9, 0, 11.5], "texture": "#0"},
				"south": {"uv": [5.75, 8.75, 8.25, 11.25], "texture": "#0"},
				"west": {"uv": [9, 0, 9, 2.5], "texture": "#0"},
				"up": {"uv": [2.75, 9, 0.25, 9], "texture": "#0"},
				"down": {"uv": [11.5, 2.75, 9, 2.75], "texture": "#0"}
			}
		}
	],
	"gui_light": "front",
	"display": {
		"thirdperson_righthand": {
			"translation": [0, 2, -2.75],
			"scale": [0.9, 0.9, 0.9]
		},
		"thirdperson_lefthand": {
			"translation": [0, 2, -2.75],
			"scale": [0.9, 0.9, 0.9]
		},
		"firstperson_righthand": {
			"rotation": [0, 145, 0],
			"translation": [6.5, 3.75, -7.25],
			"scale": [0.9, 0.9, 0.9]
		},
		"firstperson_lefthand": {
			"rotation": [0, 145, 0],
			"translation": [6.5, 3.75, -7.25],
			"scale": [0.9, 0.9, 0.9]
		},
		"ground": {
			"translation": [0, 6, 0],
			"scale": [0.9, 0.9, 0.9]
		},
		"gui": {
			"rotation": [22.5, 145, 0],
			"translation": [0, 3, 0],
			"scale": [0.8, 0.8, 0.8]
		},
		"head": {
			"translation": [0, 6.25, 0],
			"scale": [1.6, 1.6, 1.6]
		},
		"fixed": {
			"rotation": [-90, 0, 0],
			"translation": [0.25, 0.25, -18],
			"scale": [2, 2, 2]
		}
	},
	"groups": [
		{
			"name": "gingerbread_hat",
			"origin": [3, 3, 2.75],
			"color": 0,
			"children": [0, 1, 2]
		}
	]
}