{
	"format_version": "1.21.6",
	"credit": "Made with Blockbench",
	"texture_size": [64, 64],
	"textures": {
		"0": "block/ice_shard_crown_hat_texture",
		"particle": "block/ice_shard_crown_hat_texture"
	},
	"elements": [
		{
			"from": [3.75, 2, 3.5],
			"to": [12.25, 8, 3.5],
			"rotation": {"angle": 0, "axis": "y", "origin": [4, 7, 3]},
			"faces": {
				"north": {"uv": [5, 3.5, 7.25, 5], "texture": "#0"},
				"east": {"uv": [4.75, 8.25, 4.75, 9.75], "texture": "#0"},
				"south": {"uv": [5, 3.5, 7.25, 5], "texture": "#0"},
				"west": {"uv": [5, 8.25, 5, 9.75], "texture": "#0"},
				"up": {"uv": [7.5, 8.25, 5.25, 8.25], "texture": "#0"},
				"down": {"uv": [10, 8.25, 7.75, 8.25], "texture": "#0"}
			}
		},
		{
			"from": [3.75, 5, 12.5],
			"to": [12.25, 8, 12.5],
			"rotation": {"angle": 0, "axis": "y", "origin": [4, 7, 13]},
			"faces": {
				"north": {"uv": [5, 5.25, 7.25, 6], "texture": "#0"},
				"east": {"uv": [2.25, 8.5, 2.25, 9.25], "texture": "#0"},
				"south": {"uv": [5, 5.25, 7.25, 6], "texture": "#0"},
				"west": {"uv": [2.5, 8.5, 2.5, 9.25], "texture": "#0"},
				"up": {"uv": [7.5, 8.5, 5.25, 8.5], "texture": "#0"},
				"down": {"uv": [10, 8.5, 7.75, 8.5], "texture": "#0"}
			}
		},
		{
			"from": [12.25, 5, 3.5],
			"to": [12.25, 8, 12.5],
			"rotation": {"angle": 0, "axis": "y", "origin": [4.25, 7, 3]},
			"faces": {
				"north": {"uv": [2.75, 8.5, 2.75, 9.25], "texture": "#0"},
				"east": {"uv": [2.5, 6.25, 4.75, 7], "texture": "#0"},
				"south": {"uv": [3, 8.5, 3, 9.25], "texture": "#0"},
				"west": {"uv": [2.5, 6.25, 4.75, 7], "texture": "#0"},
				"up": {"uv": [3.25, 10.75, 3.25, 8.5], "texture": "#0"},
				"down": {"uv": [3.5, 8.5, 3.5, 10.75], "texture": "#0"}
			}
		},
		{
			"from": [3.75, 5, 3.5],
			"to": [3.75, 8, 12.5],
			"rotation": {"angle": 0, "axis": "y", "origin": [11.75, 7, 3]},
			"faces": {
				"north": {"uv": [3.75, 8.5, 3.75, 9.25], "texture": "#0"},
				"east": {"uv": [6.5, 1, 8.75, 1.75], "texture": "#0"},
				"south": {"uv": [4, 8.5, 4, 9.25], "texture": "#0"},
				"west": {"uv": [6.5, 1, 8.75, 1.75], "texture": "#0"},
				"up": {"uv": [4.25, 10.75, 4.25, 8.5], "texture": "#0"},
				"down": {"uv": [4.5, 8.5, 4.5, 10.75], "texture": "#0"}
			}
		},
		{
			"from": [3.75, 2, 3.5],
			"to": [3.75, 5, 12.5],
			"rotation": {"angle": 0, "axis": "y", "origin": [11.75, 4, 3]},
			"faces": {
				"north": {"uv": [5.25, 8.75, 5.25, 9.5], "texture": "#0"},
				"east": {"uv": [0, 7, 2.25, 7.75], "texture": "#0"},
				"south": {"uv": [5.5, 8.75, 5.5, 9.5], "texture": "#0"},
				"west": {"uv": [0, 7, 2.25, 7.75], "texture": "#0"},
				"up": {"uv": [5.75, 11, 5.75, 8.75], "texture": "#0"},
				"down": {"uv": [6, 8.75, 6, 11], "texture": "#0"}
			}
		},
		{
			"from": [12.25, 2, 3.5],
			"to": [12.25, 5, 12.5],
			"rotation": {"angle": 0, "axis": "y", "origin": [4.25, 4, 3]},
			"faces": {
				"north": {"uv": [6.25, 8.75, 6.25, 9.5], "texture": "#0"},
				"east": {"uv": [2.5, 7.25, 4.75, 8], "texture": "#0"},
				"south": {"uv": [6.5, 8.75, 6.5, 9.5], "texture": "#0"},
				"west": {"uv": [2.5, 7.25, 4.75, 8], "texture": "#0"},
				"up": {"uv": [6.75, 11, 6.75, 8.75], "texture": "#0"},
				"down": {"uv": [7, 8.75, 7, 11], "texture": "#0"}
			}
		},
		{
			"from": [12.25, 2, 3.5],
			"to": [12.25, 5, 3.5],
			"rotation": {"angle": 0, "axis": "y", "origin": [4.25, 4, 3]},
			"faces": {
				"north": {"uv": [7.25, 8.75, 7.25, 9.5], "texture": "#0"},
				"east": {"uv": [7.5, 8.75, 7.5, 9.5], "texture": "#0"},
				"south": {"uv": [7.75, 8.75, 7.75, 9.5], "texture": "#0"},
				"west": {"uv": [8, 8.75, 8, 9.5], "texture": "#0"},
				"up": {"uv": [6.5, 3, 6.5, 3], "texture": "#0"},
				"down": {"uv": [6.5, 3.25, 6.5, 3.25], "texture": "#0"}
			}
		},
		{
			"from": [3.75, 2, 12.5],
			"to": [12.25, 5, 12.5],
			"rotation": {"angle": 0, "axis": "y", "origin": [11.75, 4, 3]},
			"faces": {
				"north": {"uv": [7.5, 4, 9.75, 4.75], "texture": "#0"},
				"east": {"uv": [8.25, 8.75, 8.25, 9.5], "texture": "#0"},
				"south": {"uv": [7.5, 4, 9.75, 4.75], "texture": "#0"},
				"west": {"uv": [8.5, 8.75, 8.5, 9.5], "texture": "#0"},
				"up": {"uv": [11, 8.75, 8.75, 8.75], "texture": "#0"},
				"down": {"uv": [11.25, 0, 9, 0], "texture": "#0"}
			}
		},
		{
			"from": [3.75, 8, 3.5],
			"to": [3.75, 14, 15.5],
			"rotation": {"angle": -45, "axis": "z", "origin": [3.75, 8, 8]},
			"faces": {
				"north": {"uv": [0, 9, 0, 10.5], "texture": "#0"},
				"east": {"uv": [3, 1.75, 0, 3.25], "texture": "#0"},
				"south": {"uv": [0.25, 9, 0.25, 10.5], "texture": "#0"},
				"west": {"uv": [0, 1.75, 3, 3.25], "texture": "#0"},
				"up": {"uv": [0.5, 12, 0.5, 9], "texture": "#0"},
				"down": {"uv": [0.75, 9, 0.75, 12], "texture": "#0"}
			}
		},
		{
			"from": [12.25, 8, 3.5],
			"to": [12.25, 14, 15.5],
			"rotation": {"angle": 45, "axis": "z", "origin": [12.25, 8, 8]},
			"faces": {
				"north": {"uv": [9, 0.25, 9, 1.75], "texture": "#0"},
				"east": {"uv": [3.25, 0, 6.25, 1.5], "texture": "#0"},
				"south": {"uv": [1, 9, 1, 10.5], "texture": "#0"},
				"west": {"uv": [6.25, 0, 3.25, 1.5], "texture": "#0"},
				"up": {"uv": [1.25, 12, 1.25, 9], "texture": "#0"},
				"down": {"uv": [1.5, 9, 1.5, 12], "texture": "#0"}
			}
		},
		{
			"from": [3.75, 8, 3.5],
			"to": [12.25, 14, 3.5],
			"rotation": {"angle": 45, "axis": "x", "origin": [8, 8, 3.5]},
			"faces": {
				"north": {"uv": [0, 3.5, 2.25, 5], "texture": "#0"},
				"east": {"uv": [1.75, 8, 1.75, 9.5], "texture": "#0"},
				"south": {"uv": [0, 3.5, 2.25, 5], "texture": "#0"},
				"west": {"uv": [2, 8, 2, 9.5], "texture": "#0"},
				"up": {"uv": [9.75, 8, 7.5, 8], "texture": "#0"},
				"down": {"uv": [4.5, 8.25, 2.25, 8.25], "texture": "#0"}
			}
		},
		{
			"from": [3.75, 8, 12.5],
			"to": [12.25, 8, 18.5],
			"rotation": {"angle": -22.5, "axis": "x", "origin": [8, 8, 12.5]},
			"faces": {
				"north": {"uv": [4.5, 8.25, 2.25, 8.25], "rotation": 180, "texture": "#0"},
				"east": {"uv": [1.75, 8, 1.75, 9.5], "rotation": 270, "texture": "#0"},
				"south": {"uv": [9.75, 8, 7.5, 8], "texture": "#0"},
				"west": {"uv": [2, 8, 2, 9.5], "rotation": 90, "texture": "#0"},
				"up": {"uv": [11.75, 0, 14, 1.5], "rotation": 180, "texture": "#0"},
				"down": {"uv": [11.75, 0, 14, 1.5], "texture": "#0"}
			}
		},
		{
			"from": [12.25, 5, 3.5],
			"to": [12.25, 8, 9.5],
			"rotation": {"angle": 22.5, "axis": "y", "origin": [12.25, 6.5, 3.5]},
			"faces": {
				"north": {"uv": [9, 2, 9, 2.75], "texture": "#0"},
				"east": {"uv": [7.5, 5, 9, 5.75], "texture": "#0"},
				"south": {"uv": [8.75, 9, 8.75, 9.75], "texture": "#0"},
				"west": {"uv": [7.5, 6, 9, 6.75], "texture": "#0"},
				"up": {"uv": [9, 10.5, 9, 9], "texture": "#0"},
				"down": {"uv": [9.25, 0.25, 9.25, 1.75], "texture": "#0"}
			}
		},
		{
			"from": [3.75, 5, 3.5],
			"to": [3.75, 8, 9.5],
			"rotation": {"angle": -22.5, "axis": "y", "origin": [3.75, 6.5, 3.5]},
			"faces": {
				"north": {"uv": [9.25, 2, 9.25, 2.75], "texture": "#0"},
				"east": {"uv": [7.5, 7, 9, 7.75], "texture": "#0"},
				"south": {"uv": [9.25, 5, 9.25, 5.75], "texture": "#0"},
				"west": {"uv": [0, 8, 1.5, 8.75], "texture": "#0"},
				"up": {"uv": [9.25, 7.5, 9.25, 6], "texture": "#0"},
				"down": {"uv": [9.25, 9, 9.25, 10.5], "texture": "#0"}
			}
		}
	],
	"gui_light": "front",
	"display": {
		"thirdperson_righthand": {
			"rotation": [-12.5, 0, 0],
			"translation": [0, 1.75, -4]
		},
		"thirdperson_lefthand": {
			"rotation": [-12.5, 0, 0],
			"translation": [0, 1.75, -4]
		},
		"firstperson_righthand": {
			"rotation": [-180, 61.5, -180],
			"translation": [4.75, 2, -3],
			"scale": [0.82, 0.82, 0.82]
		},
		"firstperson_lefthand": {
			"rotation": [-180, 61.5, -180],
			"translation": [4.75, 2, -3],
			"scale": [0.82, 0.82, 0.82]
		},
		"ground": {
			"translation": [0, 3, 0],
			"scale": [0.8, 0.8, 0.8]
		},
		"gui": {
			"rotation": [21, 143, 0],
			"translation": [-1, 0.5, 0],
			"scale": [0.9, 0.9, 0.9]
		},
		"head": {
			"translation": [0, 7.5, 0],
			"scale": [1.8, 1.8, 1.8]
		},
		"fixed": {
			"rotation": [-90, 0, 0],
			"translation": [0, 0, -12],
			"scale": [2, 2, 2]
		}
	},
	"groups": [
		{
			"name": "ice_shard_crown_hat",
			"origin": [3.75, 6.5, 3.5],
			"color": 0,
			"children": [0, 1, 2, 3, 4, 5, 6, 7, 8, 9, 10, 11, 12, 13]
		}
	]
}