{
	"format_version": "1.9.0",
	"credit": "Made with Blockbench",
	"texture_size": [64, 64],
	"textures": {
		"0": "block/pilgrim_hat",
		"particle": "block/pilgrim_hat"
	},
	"elements": [
		{
			"from": [0, 0, 0],
			"to": [16, 1, 16],
			"rotation": {"angle": 0, "axis": "y", "origin": [3, 0, 5]},
			"faces": {
				"north": {"uv": [8.75, 7.25, 12.75, 7.5], "texture": "#0"},
				"east": {"uv": [9, 8.5, 13, 8.75], "texture": "#0"},
				"south": {"uv": [9, 9, 13, 9.25], "texture": "#0"},
				"west": {"uv": [0, 9.25, 4, 9.5], "texture": "#0"},
				"up": {"uv": [4, 4, 0, 0], "texture": "#0"},
				"down": {"uv": [4, 4.25, 0, 8.25], "texture": "#0"}
			}
		},
		{
			"from": [3, 1, 3],
			"to": [13, 5, 13],
			"rotation": {"angle": 0, "axis": "y", "origin": [3, 1, 5]},
			"faces": {
				"north": {"uv": [7, 0, 9.5, 1], "texture": "#0"},
				"east": {"uv": [7, 1.25, 9.5, 2.25], "texture": "#0"},
				"south": {"uv": [7, 2.5, 9.5, 3.5], "texture": "#0"},
				"west": {"uv": [7, 3.75, 9.5, 4.75], "texture": "#0"},
				"up": {"uv": [6.75, 2.5, 4.25, 0], "texture": "#0"},
				"down": {"uv": [6.75, 2.75, 4.25, 5.25], "texture": "#0"}
			}
		},
		{
			"from": [4, 5, 4],
			"to": [12, 7, 12],
			"rotation": {"angle": 0, "axis": "y", "origin": [3, 5, 5]},
			"faces": {
				"north": {"uv": [4.25, 9.25, 6.25, 9.75], "texture": "#0"},
				"east": {"uv": [6.5, 9.25, 8.5, 9.75], "texture": "#0"},
				"south": {"uv": [8.75, 9.5, 10.75, 10], "texture": "#0"},
				"west": {"uv": [0, 9.75, 2, 10.25], "texture": "#0"},
				"up": {"uv": [6.25, 7.5, 4.25, 5.5], "texture": "#0"},
				"down": {"uv": [8.5, 5.5, 6.5, 7.5], "texture": "#0"}
			}
		},
		{
			"from": [2.75, 1.5, 2.75],
			"to": [2.75, 3.5, 13.25],
			"rotation": {"angle": 0, "axis": "y", "origin": [2.75, 1.5, 5]},
			"faces": {
				"north": {"uv": [3.75, 9.75, 3.75, 10.25], "texture": "#0"},
				"east": {"uv": [4.25, 7.75, 7, 8.25], "texture": "#0"},
				"south": {"uv": [4, 9.75, 4, 10.25], "texture": "#0"},
				"west": {"uv": [7.25, 7.75, 10, 8.25], "texture": "#0"},
				"up": {"uv": [4.25, 12.75, 4.25, 10], "texture": "#0"},
				"down": {"uv": [4.5, 10, 4.5, 12.75], "texture": "#0"}
			}
		},
		{
			"from": [13.25, 1.5, 2.75],
			"to": [13.25, 3.5, 13.25],
			"rotation": {"angle": 0, "axis": "y", "origin": [13.25, 1.5, 5]},
			"faces": {
				"north": {"uv": [4.75, 10, 4.75, 10.5], "texture": "#0"},
				"east": {"uv": [0, 8.5, 2.75, 9], "texture": "#0"},
				"south": {"uv": [5, 10, 5, 10.5], "texture": "#0"},
				"west": {"uv": [3, 8.5, 5.75, 9], "texture": "#0"},
				"up": {"uv": [5.25, 12.75, 5.25, 10], "texture": "#0"},
				"down": {"uv": [5.5, 10, 5.5, 12.75], "texture": "#0"}
			}
		},
		{
			"from": [2.75, 1.5, 2.75],
			"to": [13.25, 3.5, 2.75],
			"rotation": {"angle": 0, "axis": "y", "origin": [13.25, 1.5, 5]},
			"faces": {
				"north": {"uv": [6, 8.5, 8.75, 9], "texture": "#0"},
				"east": {"uv": [5.75, 10, 5.75, 10.5], "texture": "#0"},
				"south": {"uv": [8.75, 5, 11.5, 5.5], "texture": "#0"},
				"west": {"uv": [6, 10, 6, 10.5], "texture": "#0"},
				"up": {"uv": [9, 10.25, 6.25, 10.25], "texture": "#0"},
				"down": {"uv": [13, 7.75, 10.25, 7.75], "texture": "#0"}
			}
		},
		{
			"from": [2.75, 1.5, 13.25],
			"to": [13.25, 3.5, 13.25],
			"rotation": {"angle": 0, "axis": "y", "origin": [13.25, 1.5, 11]},
			"faces": {
				"north": {"uv": [8.75, 5.75, 11.5, 6.25], "texture": "#0"},
				"east": {"uv": [9.25, 10.25, 9.25, 10.75], "texture": "#0"},
				"south": {"uv": [8.75, 6.5, 11.5, 7], "texture": "#0"},
				"west": {"uv": [9.5, 10.25, 9.5, 10.75], "texture": "#0"},
				"up": {"uv": [13, 8, 10.25, 8], "texture": "#0"},
				"down": {"uv": [13, 8.25, 10.25, 8.25], "texture": "#0"}
			}
		},
		{
			"from": [6, 1, 2.7],
			"to": [10, 4, 2.7],
			"rotation": {"angle": 0, "axis": "y", "origin": [13.25, 1, 4.95]},
			"faces": {
				"north": {"uv": [9.75, 0, 10.75, 0.75], "texture": "#0"},
				"east": {"uv": [9.75, 10.25, 9.75, 11], "texture": "#0"},
				"south": {"uv": [10.75, 0, 9.75, 0.75], "texture": "#0"},
				"west": {"uv": [10, 10.25, 10, 11], "texture": "#0"},
				"up": {"uv": [8, 5, 7, 5], "texture": "#0"},
				"down": {"uv": [8, 5.25, 7, 5.25], "texture": "#0"}
			}
		}
	],
	"gui_light": "front",
	"display": {
		"thirdperson_righthand": {
			"rotation": [11.75, 45, 0],
			"translation": [0, 5.5, -5],
			"scale": [0.8, 0.8, 0.8]
		},
		"thirdperson_lefthand": {
			"rotation": [11.75, 45, 0],
			"translation": [0, 5.5, -5],
			"scale": [0.8, 0.8, 0.8]
		},
		"firstperson_righthand": {
			"rotation": [11.75, 45, 0],
			"translation": [15, 0, -15.25]
		},
		"firstperson_lefthand": {
			"rotation": [11.75, 45, 0],
			"translation": [15, 0, -15.25]
		},
		"ground": {
			"translation": [0, 4, 0],
			"scale": [0.8, 0.8, 0.8]
		},
		"gui": {
			"rotation": [22.5, 137, 0],
			"translation": [0, 3, 0],
			"scale": [0.7, 0.7, 0.7]
		},
		"head": {
			"translation": [0, 16, 0],
			"scale": [1.6, 1.6, 1.6]
		},
		"fixed": {
			"rotation": [-90, 0, 0],
			"translation": [0, 0, -16],
			"scale": [2, 2, 2]
		}
	},
	"groups": [
		{
			"name": "pilgrim_hat",
			"origin": [3, 6, 5],
			"color": 0,
			"children": [0, 1, 2, 3, 4, 5, 6, 7]
		}
	]
}