{
	"format_version": "1.21.6",
	"credit": "Made with Blockbench",
	"texture_size": [64, 64],
	"textures": {
		"0": "block/present_hat_texture",
		"particle": "block/present_hat_texture"
	},
	"elements": [
		{
			"from": [3, -1, 3],
			"to": [13, 8, 13],
			"rotation": {"angle": 45, "axis": "y", "origin": [8, 4.9625, 8]},
			"faces": {
				"north": {"uv": [3.25, 5.5, 5.75, 7.75], "texture": "#0"},
				"east": {"uv": [6, 0, 8.5, 2.25], "texture": "#0"},
				"south": {"uv": [6, 2.5, 8.5, 4.75], "texture": "#0"},
				"west": {"uv": [6, 5, 8.5, 7.25], "texture": "#0"},
				"up": {"uv": [5.75, 2.5, 3.25, 0], "texture": "#0"},
				"down": {"uv": [5.75, 2.75, 3.25, 5.25], "texture": "#0"}
			}
		},
		{
			"from": [2, 8, 2],
			"to": [14, 11, 14],
			"rotation": {"angle": 45, "axis": "y", "origin": [8, 4.9625, 8]},
			"faces": {
				"north": {"uv": [0, 6.5, 3, 7.25], "texture": "#0"},
				"east": {"uv": [0, 7.5, 3, 8.25], "texture": "#0"},
				"south": {"uv": [6, 7.5, 9, 8.25], "texture": "#0"},
				"west": {"uv": [0, 8.5, 3, 9.25], "texture": "#0"},
				"up": {"uv": [3, 3, 0, 0], "texture": "#0"},
				"down": {"uv": [3, 3.25, 0, 6.25], "texture": "#0"}
			}
		},
		{
			"from": [1.75, 11.225, 7],
			"to": [14.25, 11.225, 9],
			"rotation": {"angle": 45, "axis": "y", "origin": [8, 4.9625, 8]},
			"faces": {
				"north": {"uv": [12.75, 11.75, 16, 11.75], "texture": "#0"},
				"east": {"uv": [12.75, 12, 13.25, 12], "texture": "#0"},
				"south": {"uv": [12.75, 12.25, 16, 12.25], "texture": "#0"},
				"west": {"uv": [13, 0, 13.5, 0], "texture": "#0"},
				"up": {"uv": [11.5, 9, 8.25, 8.5], "texture": "#0"},
				"down": {"uv": [12, 0, 8.75, 0.5], "texture": "#0"}
			}
		},
		{
			"from": [1.75, 7.7, 7],
			"to": [1.75, 11.225, 9],
			"rotation": {"angle": 45, "axis": "y", "origin": [8, 4.9625, 8]},
			"faces": {
				"north": {"uv": [3, 13, 3, 14], "texture": "#0"},
				"east": {"uv": [8.25, 11.75, 8.75, 12.75], "texture": "#0"},
				"south": {"uv": [3.25, 13, 3.25, 14], "texture": "#0"},
				"west": {"uv": [9, 11.75, 9.5, 12.75], "texture": "#0"},
				"up": {"uv": [13, 3.75, 13, 3.25], "texture": "#0"},
				"down": {"uv": [3.5, 13, 3.5, 13.5], "texture": "#0"}
			}
		},
		{
			"from": [1.75, 7.7, 7],
			"to": [2.75, 7.7, 9],
			"rotation": {"angle": 45, "axis": "y", "origin": [8, 4.9625, 8]},
			"faces": {
				"north": {"uv": [13, 0.25, 13.25, 0.25], "texture": "#0"},
				"east": {"uv": [13, 4, 13.5, 4], "texture": "#0"},
				"south": {"uv": [13, 4.25, 13.25, 4.25], "texture": "#0"},
				"west": {"uv": [5.5, 13, 6, 13], "texture": "#0"},
				"up": {"uv": [9, 7.25, 8.75, 6.75], "texture": "#0"},
				"down": {"uv": [10.25, 6, 10, 6.5], "texture": "#0"}
			}
		},
		{
			"from": [2.75, -1.3, 7],
			"to": [2.75, 7.7, 9],
			"rotation": {"angle": 45, "axis": "y", "origin": [8, 4.9625, 8]},
			"faces": {
				"north": {"uv": [6.25, 13, 6.25, 15.25], "texture": "#0"},
				"east": {"uv": [8.25, 9.25, 8.75, 11.5], "texture": "#0"},
				"south": {"uv": [6.5, 13, 6.5, 15.25], "texture": "#0"},
				"west": {"uv": [9, 9.25, 9.5, 11.5], "texture": "#0"},
				"up": {"uv": [13, 7, 13, 6.5], "texture": "#0"},
				"down": {"uv": [8.25, 13, 8.25, 13.5], "texture": "#0"}
			}
		},
		{
			"from": [2.75, -1.3, 7],
			"to": [13.25, -1.3, 9],
			"rotation": {"angle": 45, "axis": "y", "origin": [8, 4.9625, 8]},
			"faces": {
				"north": {"uv": [13, 7.25, 15.75, 7.25], "texture": "#0"},
				"east": {"uv": [13, 7.5, 13.5, 7.5], "texture": "#0"},
				"south": {"uv": [8.5, 13, 11.25, 13], "texture": "#0"},
				"west": {"uv": [13, 12.75, 13.5, 12.75], "texture": "#0"},
				"up": {"uv": [11.5, 1.25, 8.75, 0.75], "texture": "#0"},
				"down": {"uv": [11.5, 1.5, 8.75, 2], "texture": "#0"}
			}
		},
		{
			"from": [14.25, 7.7, 7],
			"to": [14.25, 11.225, 9],
			"rotation": {"angle": 45, "axis": "y", "origin": [8, 4.9625, 8]},
			"faces": {
				"north": {"uv": [11.5, 13, 11.5, 14], "texture": "#0"},
				"east": {"uv": [11.75, 9, 12.25, 10], "texture": "#0"},
				"south": {"uv": [11.75, 13, 11.75, 14], "texture": "#0"},
				"west": {"uv": [9.75, 11.75, 10.25, 12.75], "texture": "#0"},
				"up": {"uv": [13, 13.5, 13, 13], "texture": "#0"},
				"down": {"uv": [0, 13.25, 0, 13.75], "texture": "#0"}
			}
		},
		{
			"from": [13.25, 7.7, 7],
			"to": [14.25, 7.7, 9],
			"rotation": {"angle": 45, "axis": "y", "origin": [8, 4.9625, 8]},
			"faces": {
				"north": {"uv": [0.25, 13.25, 0.5, 13.25], "texture": "#0"},
				"east": {"uv": [0.75, 13.25, 1.25, 13.25], "texture": "#0"},
				"south": {"uv": [13.25, 0.75, 13.5, 0.75], "texture": "#0"},
				"west": {"uv": [13.25, 1, 13.75, 1], "texture": "#0"},
				"up": {"uv": [12.25, 3.75, 12, 3.25], "texture": "#0"},
				"down": {"uv": [12.25, 4, 12, 4.5], "texture": "#0"}
			}
		},
		{
			"from": [13.25, -1.3, 7],
			"to": [13.25, 7.7, 9],
			"rotation": {"angle": 45, "axis": "y", "origin": [8, 4.9625, 8]},
			"faces": {
				"north": {"uv": [13.25, 1.25, 13.25, 3.5], "texture": "#0"},
				"east": {"uv": [0, 9.5, 0.5, 11.75], "texture": "#0"},
				"south": {"uv": [1.5, 13.25, 1.5, 15.5], "texture": "#0"},
				"west": {"uv": [0.75, 9.5, 1.25, 11.75], "texture": "#0"},
				"up": {"uv": [1.75, 13.75, 1.75, 13.25], "texture": "#0"},
				"down": {"uv": [2, 13.25, 2, 13.75], "texture": "#0"}
			}
		},
		{
			"from": [7, 11.225, 1.75],
			"to": [9, 11.225, 7],
			"rotation": {"angle": 45, "axis": "y", "origin": [8, 4.9625, 8]},
			"faces": {
				"north": {"uv": [2.25, 13.25, 2.75, 13.25], "texture": "#0"},
				"east": {"uv": [13.25, 3.75, 14.5, 3.75], "texture": "#0"},
				"south": {"uv": [5.5, 13.25, 6, 13.25], "texture": "#0"},
				"west": {"uv": [13.25, 6.5, 14.5, 6.5], "texture": "#0"},
				"up": {"uv": [12.25, 7.25, 11.75, 6], "texture": "#0"},
				"down": {"uv": [7.25, 11.75, 6.75, 13], "texture": "#0"}
			}
		},
		{
			"from": [7, 7.725, 1.75],
			"to": [9, 11.225, 1.75],
			"rotation": {"angle": 45, "axis": "y", "origin": [8, 4.9625, 8]},
			"faces": {
				"north": {"uv": [11.75, 10.25, 12.25, 11.25], "texture": "#0"},
				"east": {"uv": [6.75, 13.25, 6.75, 14.25], "texture": "#0"},
				"south": {"uv": [10.5, 11.75, 11, 12.75], "texture": "#0"},
				"west": {"uv": [7, 13.25, 7, 14.25], "texture": "#0"},
				"up": {"uv": [13.75, 6.75, 13.25, 6.75], "texture": "#0"},
				"down": {"uv": [13.75, 7, 13.25, 7], "texture": "#0"}
			}
		},
		{
			"from": [7, 7.725, 1.75],
			"to": [9, 7.725, 2.75],
			"rotation": {"angle": 45, "axis": "y", "origin": [8, 4.9625, 8]},
			"faces": {
				"north": {"uv": [7.25, 13.25, 7.75, 13.25], "texture": "#0"},
				"east": {"uv": [8.5, 13.25, 8.75, 13.25], "texture": "#0"},
				"south": {"uv": [9, 13.25, 9.5, 13.25], "texture": "#0"},
				"west": {"uv": [9.75, 13.25, 10, 13.25], "texture": "#0"},
				"up": {"uv": [12.5, 11.75, 12, 11.5], "texture": "#0"},
				"down": {"uv": [12.5, 12, 12, 12.25], "texture": "#0"}
			}
		},
		{
			"from": [7, -1.275, 2.75],
			"to": [9, 7.725, 2.75],
			"rotation": {"angle": 45, "axis": "y", "origin": [8, 4.9625, 8]},
			"faces": {
				"north": {"uv": [1.5, 9.5, 2, 11.75], "texture": "#0"},
				"east": {"uv": [8, 13.25, 8, 15.5], "texture": "#0"},
				"south": {"uv": [2.25, 9.5, 2.75, 11.75], "texture": "#0"},
				"west": {"uv": [10.25, 13.25, 10.25, 15.5], "texture": "#0"},
				"up": {"uv": [11, 13.25, 10.5, 13.25], "texture": "#0"},
				"down": {"uv": [13.75, 13, 13.25, 13], "texture": "#0"}
			}
		},
		{
			"from": [7, -1.275, 2.75],
			"to": [9, -1.275, 7],
			"rotation": {"angle": 45, "axis": "y", "origin": [8, 4.9625, 8]},
			"faces": {
				"north": {"uv": [13.25, 13.25, 13.75, 13.25], "texture": "#0"},
				"east": {"uv": [0.25, 13.5, 1.25, 13.5], "texture": "#0"},
				"south": {"uv": [13.5, 0.25, 14, 0.25], "texture": "#0"},
				"west": {"uv": [13.5, 0.5, 14.5, 0.5], "texture": "#0"},
				"up": {"uv": [11.75, 12.75, 11.25, 11.75], "texture": "#0"},
				"down": {"uv": [0.5, 12, 0, 13], "texture": "#0"}
			}
		},
		{
			"from": [7, 11.225, 9],
			"to": [9, 11.225, 14.25],
			"rotation": {"angle": 45, "axis": "y", "origin": [8, 4.9625, 8]},
			"faces": {
				"north": {"uv": [13.5, 1.25, 14, 1.25], "texture": "#0"},
				"east": {"uv": [13.5, 1.5, 14.75, 1.5], "texture": "#0"},
				"south": {"uv": [13.5, 1.75, 14, 1.75], "texture": "#0"},
				"west": {"uv": [13.5, 2, 14.75, 2], "texture": "#0"},
				"up": {"uv": [8, 13, 7.5, 11.75], "texture": "#0"},
				"down": {"uv": [12.25, 7.5, 11.75, 8.75], "texture": "#0"}
			}
		},
		{
			"from": [7, 7.725, 14.25],
			"to": [9, 11.225, 14.25],
			"rotation": {"angle": 45, "axis": "y", "origin": [8, 4.9625, 8]},
			"faces": {
				"north": {"uv": [0.75, 12, 1.25, 13], "texture": "#0"},
				"east": {"uv": [11.25, 13.25, 11.25, 14.25], "texture": "#0"},
				"south": {"uv": [1.5, 12, 2, 13], "texture": "#0"},
				"west": {"uv": [2.25, 13.5, 2.25, 14.5], "texture": "#0"},
				"up": {"uv": [14, 2.25, 13.5, 2.25], "texture": "#0"},
				"down": {"uv": [14, 2.5, 13.5, 2.5], "texture": "#0"}
			}
		},
		{
			"from": [7, 7.725, 13.25],
			"to": [9, 7.725, 14.25],
			"rotation": {"angle": 45, "axis": "y", "origin": [8, 4.9625, 8]},
			"faces": {
				"north": {"uv": [13.5, 2.75, 14, 2.75], "texture": "#0"},
				"east": {"uv": [2.5, 13.5, 2.75, 13.5], "texture": "#0"},
				"south": {"uv": [13.5, 3, 14, 3], "texture": "#0"},
				"west": {"uv": [13.5, 3.25, 13.75, 3.25], "texture": "#0"},
				"up": {"uv": [12.75, 0.25, 12.25, 0], "texture": "#0"},
				"down": {"uv": [3.5, 12.5, 3, 12.75], "texture": "#0"}
			}
		},
		{
			"from": [7, -1.275, 13.25],
			"to": [9, 7.725, 13.25],
			"rotation": {"angle": 45, "axis": "y", "origin": [8, 4.9625, 8]},
			"faces": {
				"north": {"uv": [9.75, 9.25, 10.25, 11.5], "texture": "#0"},
				"east": {"uv": [5.5, 13.5, 5.5, 15.75], "texture": "#0"},
				"south": {"uv": [10, 2.25, 10.5, 4.5], "texture": "#0"},
				"west": {"uv": [5.75, 13.5, 5.75, 15.75], "texture": "#0"},
				"up": {"uv": [14, 3.5, 13.5, 3.5], "texture": "#0"},
				"down": {"uv": [14, 4.25, 13.5, 4.25], "texture": "#0"}
			}
		},
		{
			"from": [7, -1.275, 9],
			"to": [9, -1.275, 13.25],
			"rotation": {"angle": 45, "axis": "y", "origin": [8, 4.9625, 8]},
			"faces": {
				"north": {"uv": [7.25, 13.5, 7.75, 13.5], "texture": "#0"},
				"east": {"uv": [8.5, 13.5, 9.5, 13.5], "texture": "#0"},
				"south": {"uv": [10.5, 13.5, 11, 13.5], "texture": "#0"},
				"west": {"uv": [13.5, 12, 14.5, 12], "texture": "#0"},
				"up": {"uv": [12.5, 3, 12, 2], "texture": "#0"},
				"down": {"uv": [2.75, 12, 2.25, 13], "texture": "#0"}
			}
		},
		{
			"from": [3, 6.25, 0.75],
			"to": [7, 11.25, 0.75],
			"rotation": {"angle": 22.5, "axis": "y", "origin": [5, 11.25, 4.375]},
			"faces": {
				"north": {"uv": [8.75, 2.25, 9.75, 3.5], "texture": "#0"},
				"east": {"uv": [12.5, 3.25, 12.5, 4.5], "texture": "#0"},
				"south": {"uv": [8.75, 3.75, 9.75, 5], "texture": "#0"},
				"west": {"uv": [3.75, 12.5, 3.75, 13.75], "texture": "#0"},
				"up": {"uv": [10.25, 8.25, 9.25, 8.25], "texture": "#0"},
				"down": {"uv": [13.25, 0.5, 12.25, 0.5], "texture": "#0"}
			}
		},
		{
			"from": [3, 11.25, 0.75],
			"to": [7, 11.25, 8],
			"rotation": {"angle": 22.5, "axis": "y", "origin": [5, 11.25, 4.375]},
			"faces": {
				"north": {"uv": [4, 12.5, 5, 12.5], "texture": "#0"},
				"east": {"uv": [12.5, 4.75, 14.25, 4.75], "texture": "#0"},
				"south": {"uv": [12.5, 5, 13.5, 5], "texture": "#0"},
				"west": {"uv": [12.5, 5.25, 14.25, 5.25], "texture": "#0"},
				"up": {"uv": [4.25, 9.75, 3.25, 8], "texture": "#0"},
				"down": {"uv": [5.5, 8, 4.5, 9.75], "texture": "#0"}
			}
		},
		{
			"from": [9, 11.25, 0.75],
			"to": [13, 11.25, 8],
			"rotation": {"angle": -22.5, "axis": "y", "origin": [11, 11.25, 4.375]},
			"faces": {
				"north": {"uv": [12.5, 5.5, 13.5, 5.5], "texture": "#0"},
				"east": {"uv": [12.5, 5.75, 14.25, 5.75], "texture": "#0"},
				"south": {"uv": [12.5, 6, 13.5, 6], "texture": "#0"},
				"west": {"uv": [12.5, 6.25, 14.25, 6.25], "texture": "#0"},
				"up": {"uv": [6.75, 10.25, 5.75, 8.5], "texture": "#0"},
				"down": {"uv": [8, 8.5, 7, 10.25], "texture": "#0"}
			}
		},
		{
			"from": [9, 6.25, 0.75],
			"to": [13, 11.25, 0.75],
			"rotation": {"angle": -22.5, "axis": "y", "origin": [11, 11.25, 4.375]},
			"faces": {
				"north": {"uv": [8.75, 5.25, 9.75, 6.5], "texture": "#0"},
				"east": {"uv": [5.25, 12.5, 5.25, 13.75], "texture": "#0"},
				"south": {"uv": [9.25, 6.75, 10.25, 8], "texture": "#0"},
				"west": {"uv": [12.5, 6.5, 12.5, 7.75], "texture": "#0"},
				"up": {"uv": [13.5, 8, 12.5, 8], "texture": "#0"},
				"down": {"uv": [13.5, 8.25, 12.5, 8.25], "texture": "#0"}
			}
		},
		{
			"from": [9.73179, 12.83601, 6],
			"to": [13.73179, 12.83601, 10],
			"rotation": {"angle": 22.5, "axis": "z", "origin": [13.85311, 12.71469, 8]},
			"faces": {
				"north": {"uv": [12.5, 8.5, 13.5, 8.5], "texture": "#0"},
				"east": {"uv": [12.5, 8.75, 13.5, 8.75], "texture": "#0"},
				"south": {"uv": [12.5, 9, 13.5, 9], "texture": "#0"},
				"west": {"uv": [12.5, 9.25, 13.5, 9.25], "texture": "#0"},
				"up": {"uv": [4, 11, 3, 10], "texture": "#0"},
				"down": {"uv": [5.25, 10, 4.25, 11], "texture": "#0"}
			}
		},
		{
			"from": [13.73179, 12.83601, 6],
			"to": [13.73179, 16.83601, 10],
			"rotation": {"angle": 22.5, "axis": "z", "origin": [13.85311, 12.71469, 8]},
			"faces": {
				"north": {"uv": [8, 10.5, 8, 11.5], "texture": "#0"},
				"east": {"uv": [10, 4.75, 11, 5.75], "texture": "#0"},
				"south": {"uv": [12.5, 9.5, 12.5, 10.5], "texture": "#0"},
				"west": {"uv": [5.5, 10.5, 6.5, 11.5], "texture": "#0"},
				"up": {"uv": [12, 13.5, 12, 12.5], "texture": "#0"},
				"down": {"uv": [12.25, 12.5, 12.25, 13.5], "texture": "#0"}
			}
		},
		{
			"from": [9.73179, 16.83601, 6],
			"to": [13.73179, 16.83601, 10],
			"rotation": {"angle": 22.5, "axis": "z", "origin": [13.85311, 12.71469, 8]},
			"faces": {
				"north": {"uv": [12.5, 10.75, 13.5, 10.75], "texture": "#0"},
				"east": {"uv": [12.5, 11, 13.5, 11], "texture": "#0"},
				"south": {"uv": [12.5, 11.25, 13.5, 11.25], "texture": "#0"},
				"west": {"uv": [12.5, 12.5, 13.5, 12.5], "texture": "#0"},
				"up": {"uv": [11.5, 7, 10.5, 6], "texture": "#0"},
				"down": {"uv": [7.75, 10.5, 6.75, 11.5], "texture": "#0"}
			}
		},
		{
			"from": [9.73179, 12.83601, 6],
			"to": [9.73179, 16.83601, 10],
			"rotation": {"angle": 22.5, "axis": "z", "origin": [13.85311, 12.71469, 8]},
			"faces": {
				"north": {"uv": [12.75, 2, 12.75, 3], "texture": "#0"},
				"east": {"uv": [10.5, 7.25, 11.5, 8.25], "texture": "#0"},
				"south": {"uv": [12.75, 3.25, 12.75, 4.25], "texture": "#0"},
				"west": {"uv": [10.5, 9.25, 11.5, 10.25], "texture": "#0"},
				"up": {"uv": [4, 13.75, 4, 12.75], "texture": "#0"},
				"down": {"uv": [4.25, 12.75, 4.25, 13.75], "texture": "#0"}
			}
		},
		{
			"from": [5.88118, 11.21243, 6],
			"to": [5.88118, 15.21243, 10],
			"rotation": {"angle": -22.5, "axis": "z", "origin": [6.0025, 11.0911, 8]},
			"faces": {
				"north": {"uv": [4.5, 12.75, 4.5, 13.75], "texture": "#0"},
				"east": {"uv": [10.5, 10.5, 11.5, 11.5], "texture": "#0"},
				"south": {"uv": [4.75, 12.75, 4.75, 13.75], "texture": "#0"},
				"west": {"uv": [10.75, 2.25, 11.75, 3.25], "texture": "#0"},
				"up": {"uv": [5, 13.75, 5, 12.75], "texture": "#0"},
				"down": {"uv": [12.75, 6.5, 12.75, 7.5], "texture": "#0"}
			}
		},
		{
			"from": [1.88118, 15.21243, 6],
			"to": [5.88118, 15.21243, 10],
			"rotation": {"angle": -22.5, "axis": "z", "origin": [6.0025, 11.0911, 8]},
			"faces": {
				"north": {"uv": [12.75, 4.5, 13.75, 4.5], "texture": "#0"},
				"east": {"uv": [12.75, 7.75, 13.75, 7.75], "texture": "#0"},
				"south": {"uv": [12.75, 9.5, 13.75, 9.5], "texture": "#0"},
				"west": {"uv": [12.75, 9.75, 13.75, 9.75], "texture": "#0"},
				"up": {"uv": [11.75, 4.5, 10.75, 3.5], "texture": "#0"},
				"down": {"uv": [4, 11.25, 3, 12.25], "texture": "#0"}
			}
		},
		{
			"from": [1.88118, 11.21243, 6],
			"to": [1.88118, 15.21243, 10],
			"rotation": {"angle": -22.5, "axis": "z", "origin": [6.0025, 11.0911, 8]},
			"faces": {
				"north": {"uv": [12.5, 12.75, 12.5, 13.75], "texture": "#0"},
				"east": {"uv": [4.25, 11.25, 5.25, 12.25], "texture": "#0"},
				"south": {"uv": [12.75, 12.75, 12.75, 13.75], "texture": "#0"},
				"west": {"uv": [11.25, 4.75, 12.25, 5.75], "texture": "#0"},
				"up": {"uv": [13, 1.75, 13, 0.75], "texture": "#0"},
				"down": {"uv": [13, 2, 13, 3], "texture": "#0"}
			}
		},
		{
			"from": [1.88118, 11.21243, 6],
			"to": [5.88118, 11.21243, 10],
			"rotation": {"angle": -22.5, "axis": "z", "origin": [6.0025, 11.0911, 8]},
			"faces": {
				"north": {"uv": [12.75, 10, 13.75, 10], "texture": "#0"},
				"east": {"uv": [12.75, 10.25, 13.75, 10.25], "texture": "#0"},
				"south": {"uv": [12.75, 10.5, 13.75, 10.5], "texture": "#0"},
				"west": {"uv": [12.75, 11.5, 13.75, 11.5], "texture": "#0"},
				"up": {"uv": [12.75, 1.75, 11.75, 0.75], "texture": "#0"},
				"down": {"uv": [6.5, 11.75, 5.5, 12.75], "texture": "#0"}
			}
		}
	],
	"gui_light": "front",
	"display": {
		"thirdperson_righthand": {
			"rotation": [0, 45, 0],
			"translation": [0, 1, -2],
			"scale": [0.8, 0.8, 0.8]
		},
		"thirdperson_lefthand": {
			"rotation": [0, 45, 0],
			"translation": [0, 1, -2],
			"scale": [0.8, 0.8, 0.8]
		},
		"firstperson_righthand": {
			"rotation": [0, -169, 0],
			"translation": [2.5, 2.75, -5.75],
			"scale": [0.9, 0.9, 0.9]
		},
		"firstperson_lefthand": {
			"rotation": [0, -169, 0],
			"translation": [2.5, 2.75, -5.75],
			"scale": [0.9, 0.9, 0.9]
		},
		"ground": {
			"translation": [0, 6, 0],
			"scale": [0.9, 0.9, 0.9]
		},
		"gui": {
			"rotation": [18, -135, 0],
			"translation": [0, 0.25, 0],
			"scale": [0.8, 0.8, 0.8]
		},
		"head": {
			"rotation": [0, 45, 0],
			"translation": [0, 6.5, 0],
			"scale": [1.6, 1.6, 1.6]
		},
		"fixed": {
			"rotation": [-90, 45, 0],
			"translation": [0, 0, -18],
			"scale": [2, 2, 2]
		}
	},
	"groups": [
		{
			"name": "present_hat",
			"origin": [8, 8, 8],
			"color": 0,
			"children": [
				{
					"name": "present",
					"origin": [3, 9.225, 14],
					"color": 0,
					"children": [
						0,
						1,
						{
							"name": "ribbon_wrap",
							"origin": [3, 9.225, 14],
							"color": 0,
							"children": [2, 3, 4, 5, 6, 7, 8, 9, 10, 11, 12, 13, 14, 15, 16, 17, 18, 19]
						},
						{
							"name": "bow",
							"origin": [6.5025, 10.8411, 8],
							"color": 0,
							"children": [
								{
									"name": "ribbon",
									"origin": [6.0025, 11.0911, 8],
									"color": 0,
									"children": [20, 21, 22, 23, 24, 25, 26, 27, 28, 29, 30, 31]
								}
							]
						}
					]
				}
			]
		}
	]
}