{
	"format_version": "1.21.6",
	"credit": "Made with Blockbench",
	"texture_size": [64, 64],
	"textures": {
		"0": "block/raccoon_hat_texture",
		"particle": "block/raccoon_hat_texture"
	},
	"elements": [
		{
			"from": [6, -1, 0],
			"to": [10, 2, 3],
			"rotation": {"angle": 0, "axis": "y", "origin": [3, 0, -7]},
			"faces": {
				"north": {"uv": [3.75, 9.5, 4.75, 10.25], "texture": "#0"},
				"east": {"uv": [10.5, 9.25, 11.25, 10], "texture": "#0"},
				"south": {"uv": [8, 9.75, 9, 10.5], "texture": "#0"},
				"west": {"uv": [10.5, 10.25, 11.25, 11], "texture": "#0"},
				"up": {"uv": [10.25, 10.5, 9.25, 9.75], "texture": "#0"},
				"down": {"uv": [11, 5.25, 10, 6], "texture": "#0"}
			}
		},
		{
			"from": [3, -1, 3],
			"to": [13, 5, 13],
			"rotation": {"angle": 0, "axis": "y", "origin": [3, 0, 3]},
			"faces": {
				"north": {"uv": [6, 2.75, 8.5, 4.25], "texture": "#0"},
				"east": {"uv": [6, 4.5, 8.5, 6], "texture": "#0"},
				"south": {"uv": [6, 6.25, 8.5, 7.75], "texture": "#0"},
				"west": {"uv": [0, 6.5, 2.5, 8], "texture": "#0"},
				"up": {"uv": [5.75, 2.5, 3.25, 0], "texture": "#0"},
				"down": {"uv": [5.75, 2.75, 3.25, 5.25], "texture": "#0"}
			}
		},
		{
			"from": [-1, -1, 3],
			"to": [3, 4, 3],
			"rotation": {"angle": 45, "axis": "y", "origin": [3, 1.5, 3]},
			"faces": {
				"north": {"uv": [8.75, 5.25, 9.75, 6.5], "texture": "#0"},
				"east": {"uv": [2.75, 6.5, 2.75, 7.75], "texture": "#0"},
				"south": {"uv": [8.75, 6.75, 9.75, 8], "texture": "#0"},
				"west": {"uv": [3, 6.5, 3, 7.75], "texture": "#0"},
				"up": {"uv": [11.75, 9, 10.75, 9], "texture": "#0"},
				"down": {"uv": [3.5, 11, 2.5, 11], "texture": "#0"}
			}
		},
		{
			"from": [13, -1, 3],
			"to": [17, 4, 3],
			"rotation": {"angle": -45, "axis": "y", "origin": [13, 1.5, 3]},
			"faces": {
				"north": {"uv": [8.75, 8.25, 9.75, 9.5], "texture": "#0"},
				"east": {"uv": [2.5, 11.25, 2.5, 12.5], "texture": "#0"},
				"south": {"uv": [5.5, 9.25, 6.5, 10.5], "texture": "#0"},
				"west": {"uv": [2.75, 11.25, 2.75, 12.5], "texture": "#0"},
				"up": {"uv": [12.25, 5.25, 11.25, 5.25], "texture": "#0"},
				"down": {"uv": [12.25, 5.5, 11.25, 5.5], "texture": "#0"}
			}
		},
		{
			"from": [-0.25, 3, 8],
			"to": [3.75, 8, 10],
			"rotation": {"angle": 45, "axis": "z", "origin": [1.25, 7, 9]},
			"faces": {
				"north": {"uv": [6.75, 9.25, 7.75, 10.5], "texture": "#0"},
				"east": {"uv": [10, 6.25, 10.5, 7.5], "texture": "#0"},
				"south": {"uv": [0, 9.5, 1, 10.75], "texture": "#0"},
				"west": {"uv": [10, 7.75, 10.5, 9], "texture": "#0"},
				"up": {"uv": [11.75, 8.75, 10.75, 8.25], "texture": "#0"},
				"down": {"uv": [10.25, 10.75, 9.25, 11.25], "texture": "#0"}
			}
		},
		{
			"from": [12.25, 3, 8],
			"to": [16.25, 8, 10],
			"rotation": {"angle": -45, "axis": "z", "origin": [14.75, 7, 9]},
			"faces": {
				"north": {"uv": [1.25, 9.5, 2.25, 10.75], "texture": "#0"},
				"east": {"uv": [3.75, 10.5, 4.25, 11.75], "texture": "#0"},
				"south": {"uv": [2.5, 9.5, 3.5, 10.75], "texture": "#0"},
				"west": {"uv": [4.5, 10.5, 5, 11.75], "texture": "#0"},
				"up": {"uv": [1, 11.5, 0, 11], "texture": "#0"},
				"down": {"uv": [2.25, 11, 1.25, 11.5], "texture": "#0"}
			}
		},
		{
			"from": [2, 5, 2],
			"to": [14, 8, 14],
			"rotation": {"angle": 0, "axis": "y", "origin": [3, -1, 3]},
			"faces": {
				"north": {"uv": [8.75, 1.25, 11.75, 2], "texture": "#0"},
				"east": {"uv": [8.75, 2.25, 11.75, 3], "texture": "#0"},
				"south": {"uv": [8.75, 3.25, 11.75, 4], "texture": "#0"},
				"west": {"uv": [8.75, 4.25, 11.75, 5], "texture": "#0"},
				"up": {"uv": [3, 3, 0, 0], "texture": "#0"},
				"down": {"uv": [3, 3.25, 0, 6.25], "texture": "#0"}
			}
		},
		{
			"from": [3, 8, 3],
			"to": [13, 12, 13],
			"rotation": {"angle": 0, "axis": "y", "origin": [3, 2, 3]},
			"faces": {
				"north": {"uv": [6, 8, 8.5, 9], "texture": "#0"},
				"east": {"uv": [0, 8.25, 2.5, 9.25], "texture": "#0"},
				"south": {"uv": [2.75, 8.25, 5.25, 9.25], "texture": "#0"},
				"west": {"uv": [8.75, 0, 11.25, 1], "texture": "#0"},
				"up": {"uv": [5.75, 8, 3.25, 5.5], "texture": "#0"},
				"down": {"uv": [8.5, 0, 6, 2.5], "texture": "#0"}
			}
		},
		{
			"from": [6.5, 12, 6.5],
			"to": [9.5, 15, 9.5],
			"rotation": {"angle": 0, "axis": "y", "origin": [3.5, 6, 3.5]},
			"faces": {
				"north": {"uv": [5.25, 10.75, 6, 11.5], "texture": "#0"},
				"east": {"uv": [6.25, 10.75, 7, 11.5], "texture": "#0"},
				"south": {"uv": [10.75, 6.25, 11.5, 7], "texture": "#0"},
				"west": {"uv": [7.25, 10.75, 8, 11.5], "texture": "#0"},
				"up": {"uv": [11.5, 8, 10.75, 7.25], "texture": "#0"},
				"down": {"uv": [9, 10.75, 8.25, 11.5], "texture": "#0"}
			}
		}
	],
	"gui_light": "front",
	"display": {
		"thirdperson_righthand": {
			"rotation": [25, 0, 0],
			"translation": [0, 3.5, -0.5],
			"scale": [0.8, 0.8, 0.8]
		},
		"thirdperson_lefthand": {
			"rotation": [24, 0, 0],
			"translation": [0, 3.5, -0.5],
			"scale": [0.8, 0.8, 0.8]
		},
		"firstperson_righthand": {
			"rotation": [167.75, 34.25, -180],
			"translation": [5.5, 3.5, -6.75],
			"scale": [0.8, 0.8, 0.8]
		},
		"firstperson_lefthand": {
			"rotation": [167.75, 34.25, -180],
			"translation": [5.5, 3.5, -6.75],
			"scale": [0.8, 0.8, 0.8]
		},
		"ground": {
			"translation": [0, 6, 0],
			"scale": [0.8, 0.8, 0.8]
		},
		"gui": {
			"rotation": [21, 161, 0],
			"translation": [0, 1.5, 0],
			"scale": [0.8, 0.8, 0.8]
		},
		"head": {
			"translation": [0, 6.5, 0],
			"scale": [1.6, 1.6, 1.6]
		},
		"fixed": {
			"rotation": [-90, 0, 0],
			"translation": [0, 0, -18],
			"scale": [2, 2, 2]
		}
	},
	"groups": [
		{
			"name": "raccoon_hat",
			"origin": [3.5, 6, 3.5],
			"color": 0,
			"children": [
				{
					"name": "head",
					"origin": [3, 0, 3],
					"color": 0,
					"children": [0, 1]
				},
				{
					"name": "whiskers",
					"origin": [23, 0, 3],
					"color": 0,
					"children": [2, 3]
				},
				{
					"name": "ears",
					"origin": [14.75, 7, 9],
					"color": 0,
					"children": [4, 5]
				},
				{
					"name": "hat",
					"origin": [3.5, 6, 3.5],
					"color": 0,
					"children": [6, 7, 8]
				}
			]
		}
	]
}