{
	"format_version": "1.21.6",
	"credit": "Made with Blockbench",
	"texture_size": [32, 32],
	"textures": {
		"0": "block/screenshot",
		"particle": "block/screenshot"
	},
	"elements": [
		{
			"from": [7, 1, 7],
			"to": [9, 7, 9],
			"rotation": {"angle": 0, "axis": "y", "origin": [7, 1, 7]},
			"faces": {
				"north": {"uv": [2, 8, 3, 11], "texture": "#0"},
				"east": {"uv": [8, 2, 9, 5], "texture": "#0"},
				"south": {"uv": [9, 2, 10, 5], "texture": "#0"},
				"west": {"uv": [9, 5, 10, 8], "texture": "#0"},
				"up": {"uv": [12, 4.5, 11, 3.5], "texture": "#0"},
				"down": {"uv": [12, 8.5, 11, 9.5], "texture": "#0"}
			}
		},
		{
			"from": [5, 0, 5],
			"to": [11, 1, 11],
			"rotation": {"angle": 0, "axis": "y", "origin": [5, 0, 5]},
			"faces": {
				"north": {"uv": [10, 1.5, 13, 2], "texture": "#0"},
				"east": {"uv": [10, 2, 13, 2.5], "texture": "#0"},
				"south": {"uv": [10, 2.5, 13, 3], "texture": "#0"},
				"west": {"uv": [10, 3, 13, 3.5], "texture": "#0"},
				"up": {"uv": [3, 3, 0, 0], "texture": "#0"},
				"down": {"uv": [3, 3, 0, 6], "texture": "#0"}
			}
		},
		{
			"from": [6, 1, 6],
			"to": [10, 2, 10],
			"rotation": {"angle": 0, "axis": "y", "origin": [6, 1, 6]},
			"faces": {
				"north": {"uv": [11, 4.5, 13, 5], "texture": "#0"},
				"east": {"uv": [11, 9.5, 13, 10], "texture": "#0"},
				"south": {"uv": [10, 11, 12, 11.5], "texture": "#0"},
				"west": {"uv": [11, 10, 13, 10.5], "texture": "#0"},
				"up": {"uv": [2, 10, 0, 8], "texture": "#0"},
				"down": {"uv": [10, 0, 8, 2], "texture": "#0"}
			}
		},
		{
			"from": [5, 7, 6],
			"to": [11, 12, 10],
			"rotation": {"angle": 0, "axis": "y", "origin": [5, 7, 6]},
			"faces": {
				"north": {"uv": [3, 0, 6, 2.5], "texture": "#0"},
				"east": {"uv": [6, 0, 8, 2.5], "texture": "#0"},
				"south": {"uv": [3, 2.5, 6, 5], "texture": "#0"},
				"west": {"uv": [6, 2.5, 8, 5], "texture": "#0"},
				"up": {"uv": [6, 7, 3, 5], "texture": "#0"},
				"down": {"uv": [3, 6, 0, 8], "texture": "#0"}
			}
		},
		{
			"from": [4, 7, 6],
			"to": [5, 12, 10],
			"rotation": {"angle": 0, "axis": "y", "origin": [4, 7, 6]},
			"faces": {
				"north": {"uv": [1.5, 10, 2, 12.5], "texture": "#0"},
				"east": {"uv": [6, 5, 8, 7.5], "texture": "#0"},
				"south": {"uv": [10, 6, 10.5, 8.5], "texture": "#0"},
				"west": {"uv": [3, 7, 5, 9.5], "texture": "#0"},
				"up": {"uv": [0.5, 13.5, 0, 11.5], "texture": "#0"},
				"down": {"uv": [1, 11.5, 0.5, 13.5], "texture": "#0"}
			}
		},
		{
			"from": [11, 7, 6],
			"to": [12, 12, 10],
			"rotation": {"angle": 0, "axis": "y", "origin": [11, 7, 6]},
			"faces": {
				"north": {"uv": [7.5, 10, 8, 12.5], "texture": "#0"},
				"east": {"uv": [5, 7.5, 7, 10], "texture": "#0"},
				"south": {"uv": [8, 10, 8.5, 12.5], "texture": "#0"},
				"west": {"uv": [7, 7.5, 9, 10], "texture": "#0"},
				"up": {"uv": [1.5, 13.5, 1, 11.5], "texture": "#0"},
				"down": {"uv": [5.5, 11.5, 5, 13.5], "texture": "#0"}
			}
		},
		{
			"from": [4, 7, 5],
			"to": [6, 12, 6],
			"rotation": {"angle": 0, "axis": "y", "origin": [4, 7, 5]},
			"faces": {
				"north": {"uv": [8, 5, 9, 7.5], "texture": "#0"},
				"east": {"uv": [8.5, 10, 9, 12.5], "texture": "#0"},
				"south": {"uv": [9, 8, 10, 10.5], "texture": "#0"},
				"west": {"uv": [10, 8.5, 10.5, 11], "texture": "#0"},
				"up": {"uv": [6, 7.5, 5, 7], "texture": "#0"},
				"down": {"uv": [13, 3.5, 12, 4], "texture": "#0"}
			}
		},
		{
			"from": [4, 7, 10],
			"to": [5, 12, 11],
			"rotation": {"angle": 0, "axis": "y", "origin": [4, 7, 10]},
			"faces": {
				"north": {"uv": [10.5, 6, 11, 8.5], "texture": "#0"},
				"east": {"uv": [10.5, 8.5, 11, 11], "texture": "#0"},
				"south": {"uv": [9, 10.5, 9.5, 13], "texture": "#0"},
				"west": {"uv": [9.5, 10.5, 10, 13], "texture": "#0"},
				"up": {"uv": [11.5, 12.5, 11, 12], "texture": "#0"},
				"down": {"uv": [2, 12.5, 1.5, 13], "texture": "#0"}
			}
		},
		{
			"from": [10, 7, 10],
			"to": [12, 12, 11],
			"rotation": {"angle": 0, "axis": "y", "origin": [10, 7, 10]},
			"faces": {
				"north": {"uv": [3, 9.5, 4, 12], "texture": "#0"},
				"east": {"uv": [2, 11, 2.5, 13.5], "texture": "#0"},
				"south": {"uv": [4, 9.5, 5, 12], "texture": "#0"},
				"west": {"uv": [2.5, 11, 3, 13.5], "texture": "#0"},
				"up": {"uv": [13, 4.5, 12, 4], "texture": "#0"},
				"down": {"uv": [13, 8.5, 12, 9], "texture": "#0"}
			}
		},
		{
			"from": [11, 7, 5],
			"to": [12, 12, 6],
			"rotation": {"angle": 0, "axis": "y", "origin": [11, 7, 5]},
			"faces": {
				"north": {"uv": [6, 11, 6.5, 13.5], "texture": "#0"},
				"east": {"uv": [11, 6, 11.5, 8.5], "texture": "#0"},
				"south": {"uv": [6.5, 11, 7, 13.5], "texture": "#0"},
				"west": {"uv": [7, 11, 7.5, 13.5], "texture": "#0"},
				"up": {"uv": [8, 13, 7.5, 12.5], "texture": "#0"},
				"down": {"uv": [8.5, 12.5, 8, 13], "texture": "#0"}
			}
		},
		{
			"from": [4, 12, 7],
			"to": [6, 13, 9],
			"rotation": {"angle": 0, "axis": "y", "origin": [4, 12, 7]},
			"faces": {
				"north": {"uv": [12, 9, 13, 9.5], "texture": "#0"},
				"east": {"uv": [12, 11, 13, 11.5], "texture": "#0"},
				"south": {"uv": [12, 11.5, 13, 12], "texture": "#0"},
				"west": {"uv": [12, 12, 13, 12.5], "texture": "#0"},
				"up": {"uv": [12.5, 1, 11.5, 0], "texture": "#0"},
				"down": {"uv": [12.5, 5, 11.5, 6], "texture": "#0"}
			}
		},
		{
			"from": [7, 11, 3],
			"to": [10, 12, 4],
			"rotation": {"angle": 0, "axis": "y", "origin": [7, 11, 3]},
			"faces": {
				"north": {"uv": [11, 10.5, 12.5, 11], "texture": "#0"},
				"east": {"uv": [8.5, 12.5, 9, 13], "texture": "#0"},
				"south": {"uv": [11.5, 1, 13, 1.5], "texture": "#0"},
				"west": {"uv": [12.5, 10.5, 13, 11], "texture": "#0"},
				"up": {"uv": [13, 6.5, 11.5, 6], "texture": "#0"},
				"down": {"uv": [13, 6.5, 11.5, 7], "texture": "#0"}
			}
		},
		{
			"from": [7, 7, 3],
			"to": [10, 8, 4],
			"rotation": {"angle": 0, "axis": "y", "origin": [7, 7, 3]},
			"faces": {
				"north": {"uv": [11.5, 7, 13, 7.5], "texture": "#0"},
				"east": {"uv": [11, 12.5, 11.5, 13], "texture": "#0"},
				"south": {"uv": [11.5, 7.5, 13, 8], "texture": "#0"},
				"west": {"uv": [12, 12.5, 12.5, 13], "texture": "#0"},
				"up": {"uv": [13, 8.5, 11.5, 8], "texture": "#0"},
				"down": {"uv": [11.5, 11.5, 10, 12], "texture": "#0"}
			}
		},
		{
			"from": [10, 8, 3],
			"to": [11, 11, 4],
			"rotation": {"angle": 0, "axis": "z", "origin": [10, 11, 3]},
			"faces": {
				"north": {"uv": [5.5, 11.5, 6, 13], "texture": "#0"},
				"east": {"uv": [11.5, 11.5, 12, 13], "texture": "#0"},
				"south": {"uv": [3, 12, 3.5, 13.5], "texture": "#0"},
				"west": {"uv": [3.5, 12, 4, 13.5], "texture": "#0"},
				"up": {"uv": [13, 13, 12.5, 12.5], "texture": "#0"},
				"down": {"uv": [13.5, 1, 13, 1.5], "texture": "#0"}
			}
		},
		{
			"from": [6, 8, 3],
			"to": [7, 11, 4],
			"rotation": {"angle": 0, "axis": "y", "origin": [6, 11, 3]},
			"faces": {
				"north": {"uv": [4, 12, 4.5, 13.5], "texture": "#0"},
				"east": {"uv": [4.5, 12, 5, 13.5], "texture": "#0"},
				"south": {"uv": [10, 12, 10.5, 13.5], "texture": "#0"},
				"west": {"uv": [10.5, 12, 11, 13.5], "texture": "#0"},
				"up": {"uv": [2, 13.5, 1.5, 13], "texture": "#0"},
				"down": {"uv": [13.5, 1.5, 13, 2], "texture": "#0"}
			}
		},
		{
			"from": [7, 11, 10],
			"to": [9, 12, 11],
			"rotation": {"angle": 0, "axis": "y", "origin": [7, 11, 10]},
			"faces": {
				"north": {"uv": [12.5, 0, 13.5, 0.5], "texture": "#0"},
				"east": {"uv": [13, 2, 13.5, 2.5], "texture": "#0"},
				"south": {"uv": [12.5, 0.5, 13.5, 1], "texture": "#0"},
				"west": {"uv": [13, 2.5, 13.5, 3], "texture": "#0"},
				"up": {"uv": [13.5, 5.5, 12.5, 5], "texture": "#0"},
				"down": {"uv": [13.5, 5.5, 12.5, 6], "texture": "#0"}
			}
		},
		{
			"from": [10, 12, 8],
			"to": [11, 13, 9],
			"rotation": {"angle": 0, "axis": "y", "origin": [10, 12, 8]},
			"faces": {
				"north": {"uv": [13, 3, 13.5, 3.5], "texture": "#0"},
				"east": {"uv": [13, 3.5, 13.5, 4], "texture": "#0"},
				"south": {"uv": [13, 4, 13.5, 4.5], "texture": "#0"},
				"west": {"uv": [13, 4.5, 13.5, 5], "texture": "#0"},
				"up": {"uv": [6, 13.5, 5.5, 13], "texture": "#0"},
				"down": {"uv": [13.5, 6, 13, 6.5], "texture": "#0"}
			}
		},
		{
			"from": [7, 8, 4],
			"to": [10, 11, 6],
			"rotation": {"angle": 0, "axis": "y", "origin": [7, 8, 4]},
			"faces": {
				"north": {"uv": [0, 10, 1.5, 11.5], "texture": "#0"},
				"east": {"uv": [10, 3.5, 11, 5], "texture": "#0"},
				"south": {"uv": [10, 0, 11.5, 1.5], "texture": "#0"},
				"west": {"uv": [5, 10, 6, 11.5], "texture": "#0"},
				"up": {"uv": [11.5, 6, 10, 5], "texture": "#0"},
				"down": {"uv": [7.5, 10, 6, 11], "texture": "#0"}
			}
		},
		{
			"from": [3, 14, 7],
			"to": [4, 15, 7],
			"rotation": {"angle": 0, "axis": "y", "origin": [3, 14, 7]},
			"faces": {
				"north": {"uv": [8, 13, 8.5, 13.5], "texture": "#0"},
				"east": {"uv": [0, 0, 0, 0.5], "texture": "#0"},
				"south": {"uv": [13, 8, 13.5, 8.5], "texture": "#0"},
				"west": {"uv": [0, 0, 0, 0.5], "texture": "#0"},
				"up": {"uv": [0.5, 0, 0, 0], "texture": "#0"},
				"down": {"uv": [0.5, 0, 0, 0], "texture": "#0"}
			}
		},
		{
			"from": [2, 15, 7],
			"to": [3, 16, 7],
			"rotation": {"angle": 0, "axis": "y", "origin": [2, 15, 7]},
			"faces": {
				"north": {"uv": [7.5, 13, 8, 13.5], "texture": "#0"},
				"east": {"uv": [0, 0, 0, 0.5], "texture": "#0"},
				"south": {"uv": [13, 7.5, 13.5, 8], "texture": "#0"},
				"west": {"uv": [0, 0, 0, 0.5], "texture": "#0"},
				"up": {"uv": [0.5, 0, 0, 0], "texture": "#0"},
				"down": {"uv": [0.5, 0, 0, 0], "texture": "#0"}
			}
		},
		{
			"from": [1, 14, 7],
			"to": [2, 15, 7],
			"rotation": {"angle": 0, "axis": "y", "origin": [1, 14, 7]},
			"faces": {
				"north": {"uv": [13, 6.5, 13.5, 7], "texture": "#0"},
				"east": {"uv": [0, 0, 0, 0.5], "texture": "#0"},
				"south": {"uv": [13, 7, 13.5, 7.5], "texture": "#0"},
				"west": {"uv": [0, 0, 0, 0.5], "texture": "#0"},
				"up": {"uv": [0.5, 0, 0, 0], "texture": "#0"},
				"down": {"uv": [0.5, 0, 0, 0], "texture": "#0"}
			}
		},
		{
			"from": [2, 13, 7],
			"to": [3, 14, 7],
			"rotation": {"angle": 0, "axis": "y", "origin": [2, 13, 7]},
			"faces": {
				"north": {"uv": [8.5, 13, 9, 13.5], "texture": "#0"},
				"east": {"uv": [0, 0, 0, 0.5], "texture": "#0"},
				"south": {"uv": [13, 8.5, 13.5, 9], "texture": "#0"},
				"west": {"uv": [0, 0, 0, 0.5], "texture": "#0"},
				"up": {"uv": [0.5, 0, 0, 0], "texture": "#0"},
				"down": {"uv": [0.5, 0, 0, 0], "texture": "#0"}
			}
		}
	],
	"display": {
		"ground": {
			"translation": [0, 4.5, 0]
		},
		"gui": {
			"rotation": [45, 145, 0],
			"translation": [0, 1, 0]
		},
		"head": {
			"translation": [0, 9.5, 0],
			"scale": [1.6, 1.6, 1.6]
		},
		"fixed": {
			"rotation": [-90, 0, 0],
			"translation": [0, 0, -14.25],
			"scale": [1.8, 1.8, 1.8]
		}
	},
	"groups": [
		0,
		1,
		2,
		3,
		4,
		5,
		6,
		7,
		8,
		9,
		10,
		11,
		12,
		13,
		14,
		15,
		16,
		17,
		{
			"name": "group",
			"origin": [3, 13, 7],
			"color": 0,
			"children": [18, 19, 20, 21]
		}
	]
}