{
	"credit": "This is {{USER_NAME}} copy!",
	"texture_size": [64, 64],
	"textures": {
		"0": "block/snorkel_hat_texture",
		"particle": "block/snorkel_hat_texture"
	},
	"elements": [
		{
			"from": [12, 2, 3],
			"to": [13, 7, 5],
			"rotation": {"angle": 0, "axis": "y", "origin": [4, 6, 3]},
			"faces": {
				"north": {"uv": [4, 6.5, 4.25, 7.75], "texture": "#0"},
				"east": {"uv": [4, 4, 4.5, 5.25], "texture": "#0"},
				"south": {"uv": [0, 6.75, 0.25, 8], "texture": "#0"},
				"west": {"uv": [0, 4.5, 0.5, 5.75], "texture": "#0"},
				"up": {"uv": [3.75, 7.5, 3.5, 7], "texture": "#0"},
				"down": {"uv": [2.75, 7.75, 2.5, 8.25], "texture": "#0"}
			}
		},
		{
			"from": [4, 6, 3],
			"to": [12, 7, 5],
			"rotation": {"angle": 0, "axis": "y", "origin": [3, 6, 3]},
			"faces": {
				"north": {"uv": [4.5, 3, 6.5, 3.25], "texture": "#0"},
				"east": {"uv": [6.5, 6, 7, 6.25], "texture": "#0"},
				"south": {"uv": [4.5, 3.5, 6.5, 3.75], "texture": "#0"},
				"west": {"uv": [7, 4.5, 7.5, 4.75], "texture": "#0"},
				"up": {"uv": [2, 3.75, 0, 3.25], "texture": "#0"},
				"down": {"uv": [4.25, 3.25, 2.25, 3.75], "texture": "#0"}
			}
		},
		{
			"from": [4, 2, 3],
			"to": [12, 3, 5],
			"rotation": {"angle": 0, "axis": "y", "origin": [3, 2, 3]},
			"faces": {
				"north": {"uv": [4.75, 4, 6.75, 4.25], "texture": "#0"},
				"east": {"uv": [3, 7.75, 3.5, 8], "texture": "#0"},
				"south": {"uv": [4.75, 4.5, 6.75, 4.75], "texture": "#0"},
				"west": {"uv": [7.75, 3.5, 8.25, 3.75], "texture": "#0"},
				"up": {"uv": [5.5, 0.5, 3.5, 0], "texture": "#0"},
				"down": {"uv": [5.5, 0.75, 3.5, 1.25], "texture": "#0"}
			}
		},
		{
			"from": [4, 3, 3.5],
			"to": [12, 6, 3.5],
			"rotation": {"angle": 0, "axis": "y", "origin": [3, 3, 3]},
			"faces": {
				"north": {"uv": [0, 2.25, 2, 3], "texture": "#0"},
				"east": {"uv": [7.25, 7.75, 7.25, 8.5], "texture": "#0"},
				"south": {"uv": [2.25, 2.25, 4.25, 3], "texture": "#0"},
				"west": {"uv": [4.25, 8, 4.25, 8.75], "texture": "#0"},
				"up": {"uv": [10, 6.5, 8, 6.5], "texture": "#0"},
				"down": {"uv": [10.25, 6.75, 8.25, 6.75], "texture": "#0"}
			}
		},
		{
			"from": [3, 2, 3],
			"to": [4, 7, 5],
			"rotation": {"angle": 0, "axis": "y", "origin": [12, 6, 3]},
			"faces": {
				"north": {"uv": [6.75, 0, 7, 1.25], "texture": "#0"},
				"east": {"uv": [0.75, 4.5, 1.25, 5.75], "texture": "#0"},
				"south": {"uv": [0.5, 6.75, 0.75, 8], "texture": "#0"},
				"west": {"uv": [1.5, 4.5, 2, 5.75], "texture": "#0"},
				"up": {"uv": [8, 4.5, 7.75, 4], "texture": "#0"},
				"down": {"uv": [4.75, 7.75, 4.5, 8.25], "texture": "#0"}
			}
		},
		{
			"from": [7, 1, 2],
			"to": [9, 4, 4],
			"rotation": {"angle": 0, "axis": "y", "origin": [4, 6, 3]},
			"faces": {
				"north": {"uv": [2.25, 4.5, 2.75, 5.25], "texture": "#0"},
				"east": {"uv": [4.75, 5, 5.25, 5.75], "texture": "#0"},
				"south": {"uv": [2.25, 5.5, 2.75, 6.25], "texture": "#0"},
				"west": {"uv": [4, 5.5, 4.5, 6.25], "texture": "#0"},
				"up": {"uv": [1.5, 7.25, 1, 6.75], "texture": "#0"},
				"down": {"uv": [7.25, 3, 6.75, 3.5], "texture": "#0"}
			}
		},
		{
			"from": [3.975, -1, 3.25],
			"to": [6.975, 1, 5.25],
			"rotation": {"angle": -45, "axis": "x", "origin": [5.975, 0, 4]},
			"faces": {
				"north": {"uv": [5.5, 5, 6.25, 5.5], "texture": "#0"},
				"east": {"uv": [7, 2, 7.5, 2.5], "texture": "#0"},
				"south": {"uv": [5.75, 0, 6.5, 0.5], "texture": "#0"},
				"west": {"uv": [2.75, 7, 3.25, 7.5], "texture": "#0"},
				"up": {"uv": [6.5, 1.25, 5.75, 0.75], "texture": "#0"},
				"down": {"uv": [6.25, 5.75, 5.5, 6.25], "texture": "#0"}
			}
		},
		{
			"from": [1.975, -0.5, 3.75],
			"to": [3.975, 0.5, 4.75],
			"rotation": {"angle": -45, "axis": "x", "origin": [1.975, 0, 4]},
			"faces": {
				"north": {"uv": [5, 7.75, 5.5, 8], "texture": "#0"},
				"east": {"uv": [5, 8.25, 5.25, 8.5], "texture": "#0"},
				"south": {"uv": [5.75, 7.75, 6.25, 8], "texture": "#0"},
				"west": {"uv": [5.5, 8.25, 5.75, 8.5], "texture": "#0"},
				"up": {"uv": [7, 8, 6.5, 7.75], "texture": "#0"},
				"down": {"uv": [8.5, 0, 8, 0.25], "texture": "#0"}
			}
		},
		{
			"from": [1.975, -0.5, 4.75],
			"to": [2.975, 0.5, 15.75],
			"rotation": {"angle": -45, "axis": "x", "origin": [1.975, 0, 4]},
			"faces": {
				"north": {"uv": [8.25, 5.5, 8.5, 5.75], "texture": "#0"},
				"east": {"uv": [3.5, 1.5, 6.25, 1.75], "texture": "#0"},
				"south": {"uv": [6, 8.25, 6.25, 8.5], "texture": "#0"},
				"west": {"uv": [0, 4, 2.75, 4.25], "texture": "#0"},
				"up": {"uv": [3.25, 6.75, 3, 4], "texture": "#0"},
				"down": {"uv": [3.75, 4, 3.5, 6.75], "texture": "#0"}
			}
		},
		{
			"from": [1.475, -1, 15.75],
			"to": [3.475, 1, 17.75],
			"rotation": {"angle": -45, "axis": "x", "origin": [1.975, 0, 4]},
			"faces": {
				"north": {"uv": [7, 3.75, 7.5, 4.25], "texture": "#0"},
				"east": {"uv": [4.5, 7, 5, 7.5], "texture": "#0"},
				"south": {"uv": [5.25, 7, 5.75, 7.5], "texture": "#0"},
				"west": {"uv": [6, 7, 6.5, 7.5], "texture": "#0"},
				"up": {"uv": [7.25, 7.5, 6.75, 7], "texture": "#0"},
				"down": {"uv": [7.75, 0, 7.25, 0.5], "texture": "#0"}
			}
		},
		{
			"from": [2.475, 7.83883, 11.83883],
			"to": [2.475, 15.83883, 17.83883],
			"rotation": {"angle": 0, "axis": "y", "origin": [2.475, 8.83883, 12.83883]},
			"faces": {
				"north": {"uv": [2.25, 8.25, 2.25, 10.25], "texture": "#0"},
				"east": {"uv": [3.25, 0, 1.75, 2], "texture": "#0"},
				"south": {"uv": [3.5, 8.25, 3.5, 10.25], "texture": "#0"},
				"west": {"uv": [1.75, 0, 3.25, 2], "texture": "#0"},
				"up": {"uv": [6.5, 9.75, 6.5, 8.25], "texture": "#0"},
				"down": {"uv": [6.75, 8.25, 6.75, 9.75], "texture": "#0"}
			}
		},
		{
			"from": [1.475, -1, 7.75],
			"to": [3.475, 1, 8.75],
			"rotation": {"angle": -45, "axis": "x", "origin": [1.975, 0, 4]},
			"faces": {
				"north": {"uv": [7.25, 0.75, 7.75, 1.25], "texture": "#0"},
				"east": {"uv": [8, 0.5, 8.25, 1], "texture": "#0"},
				"south": {"uv": [7.25, 6, 7.75, 6.5], "texture": "#0"},
				"west": {"uv": [3.75, 8, 4, 8.5], "texture": "#0"},
				"up": {"uv": [8.5, 6.25, 8, 6], "texture": "#0"},
				"down": {"uv": [0.5, 8.25, 0, 8.5], "texture": "#0"}
			}
		},
		{
			"from": [1.475, -1, 9.75],
			"to": [3.475, 1, 12.75],
			"rotation": {"angle": -45, "axis": "x", "origin": [1.975, 0, 4]},
			"faces": {
				"north": {"uv": [1, 7.5, 1.5, 8], "texture": "#0"},
				"east": {"uv": [0, 6, 0.75, 6.5], "texture": "#0"},
				"south": {"uv": [1.75, 7.5, 2.25, 8], "texture": "#0"},
				"west": {"uv": [1, 6, 1.75, 6.5], "texture": "#0"},
				"up": {"uv": [5.25, 6.75, 4.75, 6], "texture": "#0"},
				"down": {"uv": [2.5, 6.5, 2, 7.25], "texture": "#0"}
			}
		},
		{
			"from": [3, 4, 5],
			"to": [4, 6, 7],
			"rotation": {"angle": 0, "axis": "y", "origin": [4, 6, 4]},
			"faces": {
				"north": {"uv": [0.75, 8.25, 1, 8.75], "texture": "#0"},
				"east": {"uv": [7.5, 2.75, 8, 3.25], "texture": "#0"},
				"south": {"uv": [1.25, 8.25, 1.5, 8.75], "texture": "#0"},
				"west": {"uv": [7.5, 6.75, 8, 7.25], "texture": "#0"},
				"up": {"uv": [8.5, 1.75, 8.25, 1.25], "texture": "#0"},
				"down": {"uv": [2, 8.25, 1.75, 8.75], "texture": "#0"}
			}
		},
		{
			"from": [12, 4, 5],
			"to": [13, 6, 7],
			"rotation": {"angle": 0, "axis": "y", "origin": [12, 6, 4]},
			"faces": {
				"north": {"uv": [8.25, 2.75, 8.5, 3.25], "texture": "#0"},
				"east": {"uv": [7.5, 7.5, 8, 8], "texture": "#0"},
				"south": {"uv": [3, 8.25, 3.25, 8.75], "texture": "#0"},
				"west": {"uv": [7.75, 2, 8.25, 2.5], "texture": "#0"},
				"up": {"uv": [8.5, 4.5, 8.25, 4], "texture": "#0"},
				"down": {"uv": [8.5, 4.75, 8.25, 5.25], "texture": "#0"}
			}
		},
		{
			"from": [3.5, 4.5, 7],
			"to": [3.5, 5.5, 13],
			"rotation": {"angle": 0, "axis": "y", "origin": [4, 6, 7]},
			"faces": {
				"north": {"uv": [2, 6, 2, 6.25], "texture": "#0"},
				"east": {"uv": [6.5, 1.5, 8, 1.75], "texture": "#0"},
				"south": {"uv": [2.75, 6.5, 2.75, 6.75], "texture": "#0"},
				"west": {"uv": [6.5, 5, 8, 5.25], "texture": "#0"},
				"up": {"uv": [7, 9.75, 7, 8.25], "texture": "#0"},
				"down": {"uv": [8.25, 7, 8.25, 8.5], "texture": "#0"}
			}
		},
		{
			"from": [12.5, 4.5, 7],
			"to": [12.5, 5.5, 13],
			"rotation": {"angle": 0, "axis": "y", "origin": [12, 6, 7]},
			"faces": {
				"north": {"uv": [4.5, 6.5, 4.5, 6.75], "texture": "#0"},
				"east": {"uv": [5.5, 6.5, 7, 6.75], "texture": "#0"},
				"south": {"uv": [1.75, 6.75, 1.75, 7], "texture": "#0"},
				"west": {"uv": [6.5, 5.5, 8, 5.75], "texture": "#0"},
				"up": {"uv": [7.5, 9.75, 7.5, 8.25], "texture": "#0"},
				"down": {"uv": [7.75, 8.25, 7.75, 9.75], "texture": "#0"}
			}
		},
		{
			"from": [3.5, 4.5, 13],
			"to": [12.5, 5.5, 13],
			"rotation": {"angle": 0, "axis": "y", "origin": [4, 6, 7]},
			"faces": {
				"north": {"uv": [4.5, 2, 6.75, 2.25], "texture": "#0"},
				"east": {"uv": [8, 8.25, 8, 8.5], "texture": "#0"},
				"south": {"uv": [4.5, 2.5, 6.75, 2.75], "texture": "#0"},
				"west": {"uv": [8.5, 0.5, 8.5, 0.75], "texture": "#0"},
				"up": {"uv": [10.75, 1, 8.5, 1], "texture": "#0"},
				"down": {"uv": [10.75, 2, 8.5, 2], "texture": "#0"}
			}
		}
	],
	"gui_light": "front",
	"display": {
		"thirdperson_righthand": {
			"translation": [0, 0.75, -3.25],
			"scale": [0.9, 0.9, 0.9]
		},
		"thirdperson_lefthand": {
			"translation": [0, 0.75, -3.25],
			"scale": [0.9, 0.9, 0.9]
		},
		"firstperson_righthand": {
			"rotation": [0, 145, 0],
			"translation": [8.25, 3, -11.5]
		},
		"firstperson_lefthand": {
			"rotation": [0, 145, 0],
			"translation": [8.25, 3, -11.5]
		},
		"ground": {
			"translation": [0, 6, 0],
			"scale": [0.9, 0.9, 0.9]
		},
		"gui": {
			"rotation": [22.5, 147, 0],
			"translation": [-1, 2.5, 0],
			"scale": [0.9, 0.9, 0.9]
		},
		"head": {
			"translation": [0, 4.75, -0.25],
			"scale": [1.7, 1.7, 1.7]
		},
		"fixed": {
			"rotation": [-90, 0, 0],
			"translation": [0, 0, -14],
			"scale": [2, 2, 2]
		}
	},
	"groups": [
		{
			"name": "snorkel_hat",
			"origin": [4, 6, 7],
			"color": 0,
			"children": [0, 1, 2, 3, 4, 5, 6, 7, 8, 9, 10, 11, 12, 13, 14, 15, 16, 17]
		}
	]
}