{
	"credit": "This is {{USER_NAME}} copy!",
	"texture_size": [64, 64],
	"textures": {
		"0": "block/tiki_mask_hat_texture",
		"particle": "block/tiki_mask_hat_texture"
	},
	"elements": [
		{
			"from": [2, 9, 4],
			"to": [14, 16, 4],
			"rotation": {"angle": 22.5, "axis": "x", "origin": [8, 9, 4]},
			"faces": {
				"north": {"uv": [3, 0, 6, 1.75], "texture": "#0"},
				"east": {"uv": [0, 0, 0, 1.75], "texture": "#0"},
				"south": {"uv": [6, 0, 3, 1.75], "texture": "#0"},
				"west": {"uv": [0, 0, 0, 1.75], "texture": "#0"},
				"up": {"uv": [3, 0, 0, 0], "texture": "#0"},
				"down": {"uv": [3, 0, 0, 0], "texture": "#0"}
			}
		},
		{
			"from": [2, 15.46716, 6.67878],
			"to": [14, 20.46716, 6.67878],
			"rotation": {"angle": 45, "axis": "x", "origin": [8, 15.46716, 6.67878]},
			"faces": {
				"north": {"uv": [3, 3.5, 6, 4.75], "texture": "#0"},
				"east": {"uv": [0, 0, 0, 1.25], "texture": "#0"},
				"south": {"uv": [6, 3.5, 3, 4.75], "texture": "#0"},
				"west": {"uv": [0, 0, 0, 1.25], "texture": "#0"},
				"up": {"uv": [3, 0, 0, 0], "texture": "#0"},
				"down": {"uv": [3, 0, 0, 0], "texture": "#0"}
			}
		},
		{
			"from": [-2.97487, 3.35355, 3.025],
			"to": [2.02513, 13.35355, 3.025],
			"rotation": {"angle": 45, "axis": "z", "origin": [-0.47487, 9.35355, 3.025]},
			"faces": {
				"north": {"uv": [0, 6, 1.25, 8.5], "texture": "#0"},
				"east": {"uv": [0, 0, 0, 2.5], "texture": "#0"},
				"south": {"uv": [0, 6, 1.25, 8.5], "texture": "#0"},
				"west": {"uv": [0, 0, 0, 2.5], "texture": "#0"},
				"up": {"uv": [1.25, 0, 0, 0], "texture": "#0"},
				"down": {"uv": [1.25, 0, 0, 0], "texture": "#0"}
			}
		},
		{
			"from": [13.97487, 3.35355, 3.025],
			"to": [18.97487, 13.35355, 3.025],
			"rotation": {"angle": -45, "axis": "z", "origin": [16.47487, 9.35355, 3.025]},
			"faces": {
				"north": {"uv": [1.25, 6, 2.5, 8.5], "texture": "#0"},
				"east": {"uv": [0, 0, 0, 2.5], "texture": "#0"},
				"south": {"uv": [1.25, 6, 2.5, 8.5], "texture": "#0"},
				"west": {"uv": [0, 0, 0, 2.5], "texture": "#0"},
				"up": {"uv": [1.25, 0, 0, 0], "texture": "#0"},
				"down": {"uv": [1.25, 0, 0, 0], "texture": "#0"}
			}
		},
		{
			"from": [2, -3, 2],
			"to": [14, 9, 4],
			"rotation": {"angle": 0, "axis": "y", "origin": [3, 1, 3]},
			"faces": {
				"north": {"uv": [0, 0, 3, 3], "texture": "#0"},
				"east": {"uv": [6, 2.5, 6.5, 5.5], "texture": "#0"},
				"south": {"uv": [0, 3, 3, 6], "texture": "#0"},
				"west": {"uv": [3.75, 6, 4.25, 9], "texture": "#0"},
				"up": {"uv": [7.25, 6.5, 4.25, 6], "texture": "#0"},
				"down": {"uv": [9, 5.5, 6, 6], "texture": "#0"}
			}
		},
		{
			"from": [6.5, 6.5, 0],
			"to": [9.5, 9.5, 2],
			"rotation": {"angle": 45, "axis": "z", "origin": [8, 8, 1]},
			"faces": {
				"north": {"uv": [6.75, 8.75, 7.5, 9.5], "texture": "#0"},
				"east": {"uv": [2.5, 9.5, 3, 10.25], "texture": "#0"},
				"south": {"uv": [7.5, 8.75, 8.25, 9.5], "texture": "#0"},
				"west": {"uv": [3, 9.5, 3.5, 10.25], "texture": "#0"},
				"up": {"uv": [10.25, 3.75, 9.5, 3.25], "texture": "#0"},
				"down": {"uv": [10.25, 3.75, 9.5, 4.25], "texture": "#0"}
			}
		},
		{
			"from": [13, 3, 4],
			"to": [13, 5, 13],
			"rotation": {"angle": 0, "axis": "y", "origin": [3, 1, 5]},
			"faces": {
				"north": {"uv": [0, 0, 0, 0.5], "texture": "#0"},
				"east": {"uv": [6.25, 6.5, 8.5, 7], "texture": "#0"},
				"south": {"uv": [0, 0, 0, 0.5], "texture": "#0"},
				"west": {"uv": [6.25, 7, 8.5, 7.5], "texture": "#0"},
				"up": {"uv": [0, 2.25, 0, 0], "texture": "#0"},
				"down": {"uv": [0, 0, 0, 2.25], "texture": "#0"}
			}
		},
		{
			"from": [3, 3, 4],
			"to": [3, 5, 13],
			"rotation": {"angle": 0, "axis": "y", "origin": [13, 1, 5]},
			"faces": {
				"north": {"uv": [0, 0, 0, 0.5], "texture": "#0"},
				"east": {"uv": [7.25, 0, 9.5, 0.5], "texture": "#0"},
				"south": {"uv": [0, 0, 0, 0.5], "texture": "#0"},
				"west": {"uv": [7.25, 0.5, 9.5, 1], "texture": "#0"},
				"up": {"uv": [0, 2.25, 0, 0], "texture": "#0"},
				"down": {"uv": [0, 0, 0, 2.25], "texture": "#0"}
			}
		},
		{
			"from": [3, 3, 13],
			"to": [13, 5, 13],
			"rotation": {"angle": 0, "axis": "y", "origin": [3, 1, 5]},
			"faces": {
				"north": {"uv": [6.5, 4.5, 9, 5], "texture": "#0"},
				"east": {"uv": [0, 0, 0, 0.5], "texture": "#0"},
				"south": {"uv": [6.5, 5, 9, 5.5], "texture": "#0"},
				"west": {"uv": [0, 0, 0, 0.5], "texture": "#0"},
				"up": {"uv": [2.5, 0, 0, 0], "texture": "#0"},
				"down": {"uv": [2.5, 0, 0, 0], "texture": "#0"}
			}
		},
		{
			"from": [5, -2, 1],
			"to": [11, 2, 2],
			"rotation": {"angle": 0, "axis": "y", "origin": [3, 1, 2]},
			"faces": {
				"north": {"uv": [6.5, 2.5, 8, 3.5], "texture": "#0"},
				"east": {"uv": [3.5, 9.5, 3.75, 10.5], "texture": "#0"},
				"south": {"uv": [6.5, 3.5, 8, 4.5], "texture": "#0"},
				"west": {"uv": [5, 9.5, 5.25, 10.5], "texture": "#0"},
				"up": {"uv": [10.5, 6, 9, 5.75], "texture": "#0"},
				"down": {"uv": [10.75, 8.5, 9.25, 8.75], "texture": "#0"}
			}
		},
		{
			"from": [1.23044, -1.15851, 1.025],
			"to": [5.23044, 2.84149, 3],
			"rotation": {"angle": 22.5, "axis": "z", "origin": [7.23044, 1.84149, 2]},
			"faces": {
				"north": {"uv": [8, 2.5, 9, 3.5], "texture": "#0"},
				"east": {"uv": [9, 3.25, 9.5, 4.25], "texture": "#0"},
				"south": {"uv": [8, 3.5, 9, 4.5], "texture": "#0"},
				"west": {"uv": [3.75, 9, 4.25, 10], "texture": "#0"},
				"up": {"uv": [9.75, 6.5, 8.75, 6], "texture": "#0"},
				"down": {"uv": [5.25, 9, 4.25, 9.5], "texture": "#0"}
			}
		},
		{
			"from": [10.76956, -1.15851, 1.025],
			"to": [14.76956, 2.84149, 3],
			"rotation": {"angle": -22.5, "axis": "z", "origin": [8.76956, 1.84149, 2]},
			"faces": {
				"north": {"uv": [4.25, 8, 5.25, 9], "texture": "#0"},
				"east": {"uv": [9, 4.25, 9.5, 5.25], "texture": "#0"},
				"south": {"uv": [5.25, 8, 6.25, 9], "texture": "#0"},
				"west": {"uv": [5.25, 9, 5.75, 10], "texture": "#0"},
				"up": {"uv": [10, 5.75, 9, 5.25], "texture": "#0"},
				"down": {"uv": [10, 8.75, 9, 9.25], "texture": "#0"}
			}
		},
		{
			"from": [9, 3, 1],
			"to": [13, 5, 2],
			"rotation": {"angle": 22.5, "axis": "z", "origin": [11, 4, 1]},
			"faces": {
				"north": {"uv": [9.25, 1, 10.25, 1.5], "texture": "#0"},
				"east": {"uv": [10, 0.25, 10.25, 0.75], "texture": "#0"},
				"south": {"uv": [9.25, 1.5, 10.25, 2], "texture": "#0"},
				"west": {"uv": [0.75, 10, 1, 10.5], "texture": "#0"},
				"up": {"uv": [10.75, 2.75, 9.75, 2.5], "texture": "#0"},
				"down": {"uv": [10.75, 2.75, 9.75, 3], "texture": "#0"}
			}
		},
		{
			"from": [10, 5, 0],
			"to": [16, 7, 3],
			"rotation": {"angle": 22.5, "axis": "z", "origin": [11, 4, 1]},
			"faces": {
				"north": {"uv": [7.25, 6, 8.75, 6.5], "texture": "#0"},
				"east": {"uv": [4.25, 9.5, 5, 10], "texture": "#0"},
				"south": {"uv": [6.25, 8.25, 7.75, 8.75], "texture": "#0"},
				"west": {"uv": [9.5, 4.25, 10.25, 4.75], "texture": "#0"},
				"up": {"uv": [8.75, 1.75, 7.25, 1], "texture": "#0"},
				"down": {"uv": [8.75, 1.75, 7.25, 2.5], "texture": "#0"}
			}
		},
		{
			"from": [13, 4, 0],
			"to": [16, 5, 3],
			"rotation": {"angle": 22.5, "axis": "z", "origin": [11, 4, 1]},
			"faces": {
				"north": {"uv": [0.75, 9.75, 1.5, 10], "texture": "#0"},
				"east": {"uv": [9.75, 6.25, 10.5, 6.5], "texture": "#0"},
				"south": {"uv": [9.75, 7, 10.5, 7.25], "texture": "#0"},
				"west": {"uv": [9.75, 7.25, 10.5, 7.5], "texture": "#0"},
				"up": {"uv": [9, 9.5, 8.25, 8.75], "texture": "#0"},
				"down": {"uv": [0.75, 9, 0, 9.75], "texture": "#0"}
			}
		},
		{
			"from": [0, 4, 0],
			"to": [3, 5, 3],
			"rotation": {"angle": -22.5, "axis": "z", "origin": [5, 4, 1]},
			"faces": {
				"north": {"uv": [9.75, 7.5, 10.5, 7.75], "texture": "#0"},
				"east": {"uv": [9.75, 7.75, 10.5, 8], "texture": "#0"},
				"south": {"uv": [9.5, 9.75, 10.25, 10], "texture": "#0"},
				"west": {"uv": [10, 0, 10.75, 0.25], "texture": "#0"},
				"up": {"uv": [1.5, 9.75, 0.75, 9], "texture": "#0"},
				"down": {"uv": [9.75, 2.5, 9, 3.25], "texture": "#0"}
			}
		},
		{
			"from": [0, 5, 0],
			"to": [6, 7, 3],
			"rotation": {"angle": -22.5, "axis": "z", "origin": [5, 4, 1]},
			"faces": {
				"north": {"uv": [7.75, 8.25, 9.25, 8.75], "texture": "#0"},
				"east": {"uv": [9.5, 4.75, 10.25, 5.25], "texture": "#0"},
				"south": {"uv": [0, 8.5, 1.5, 9], "texture": "#0"},
				"west": {"uv": [6.75, 9.5, 7.5, 10], "texture": "#0"},
				"up": {"uv": [7.75, 8.25, 6.25, 7.5], "texture": "#0"},
				"down": {"uv": [9.25, 7.5, 7.75, 8.25], "texture": "#0"}
			}
		},
		{
			"from": [3, 3, 1],
			"to": [7, 5, 2],
			"rotation": {"angle": -22.5, "axis": "z", "origin": [5, 4, 1]},
			"faces": {
				"north": {"uv": [9.25, 2, 10.25, 2.5], "texture": "#0"},
				"east": {"uv": [1, 10, 1.25, 10.5], "texture": "#0"},
				"south": {"uv": [9.25, 6.5, 10.25, 7], "texture": "#0"},
				"west": {"uv": [1.25, 10, 1.5, 10.5], "texture": "#0"},
				"up": {"uv": [10.75, 3.25, 9.75, 3], "texture": "#0"},
				"down": {"uv": [10.75, 6, 9.75, 6.25], "texture": "#0"}
			}
		},
		{
			"from": [11, 9, 2],
			"to": [14, 13, 4],
			"rotation": {"angle": 0, "axis": "y", "origin": [4, 12, 3]},
			"faces": {
				"north": {"uv": [1.5, 8.5, 2.25, 9.5], "texture": "#0"},
				"east": {"uv": [5.75, 9, 6.25, 10], "texture": "#0"},
				"south": {"uv": [2.25, 8.5, 3, 9.5], "texture": "#0"},
				"west": {"uv": [9.25, 7, 9.75, 8], "texture": "#0"},
				"up": {"uv": [8.25, 10, 7.5, 9.5], "texture": "#0"},
				"down": {"uv": [9, 9.5, 8.25, 10], "texture": "#0"}
			}
		},
		{
			"from": [2, 9, 2],
			"to": [5, 13, 4],
			"rotation": {"angle": 0, "axis": "y", "origin": [-5, 12, 3]},
			"faces": {
				"north": {"uv": [3, 8.5, 3.75, 9.5], "texture": "#0"},
				"east": {"uv": [9, 9.25, 9.5, 10.25], "texture": "#0"},
				"south": {"uv": [8.5, 6.5, 9.25, 7.5], "texture": "#0"},
				"west": {"uv": [9.5, 0, 10, 1], "texture": "#0"},
				"up": {"uv": [10.25, 9.75, 9.5, 9.25], "texture": "#0"},
				"down": {"uv": [0.75, 9.75, 0, 10.25], "texture": "#0"}
			}
		},
		{
			"from": [6, 9, 2],
			"to": [10, 15, 4],
			"rotation": {"angle": 0, "axis": "y", "origin": [0, 12, 3]},
			"faces": {
				"north": {"uv": [4.25, 6.5, 5.25, 8], "texture": "#0"},
				"east": {"uv": [8.75, 1, 9.25, 2.5], "texture": "#0"},
				"south": {"uv": [5.25, 6.5, 6.25, 8], "texture": "#0"},
				"west": {"uv": [6.25, 8.75, 6.75, 10.25], "texture": "#0"},
				"up": {"uv": [10.25, 8.5, 9.25, 8], "texture": "#0"},
				"down": {"uv": [2.5, 9.5, 1.5, 10], "texture": "#0"}
			}
		}
	],
	"gui_light": "front",
	"display": {
		"thirdperson_righthand": {
			"translation": [0, 1.75, -2.5],
			"scale": [0.9, 0.9, 0.9]
		},
		"thirdperson_lefthand": {
			"translation": [0, 1.75, -2.5],
			"scale": [0.9, 0.9, 0.9]
		},
		"firstperson_righthand": {
			"rotation": [0, 145, 0],
			"translation": [12.25, 1.75, -17]
		},
		"firstperson_lefthand": {
			"rotation": [0, 145, 0],
			"translation": [12.25, 1.75, -17]
		},
		"ground": {
			"translation": [0, 8, 0],
			"scale": [0.9, 0.9, 0.9]
		},
		"gui": {
			"rotation": [11.75, 180, 0],
			"translation": [0, 0.75, 0],
			"scale": [0.7, 0.7, 0.7]
		},
		"head": {
			"translation": [0, 6.25, 0],
			"scale": [1.6, 1.6, 1.6]
		},
		"fixed": {
			"rotation": [-57, 0, 0],
			"translation": [0, 8.75, -14],
			"scale": [2, 2, 2]
		}
	},
	"groups": [
		{
			"name": "tiki_mask_hat",
			"origin": [0, 12, 3],
			"color": 0,
			"children": [
				{
					"name": "leaves",
					"origin": [16.47487, 9.35355, 3],
					"color": 0,
					"children": [0, 1, 2, 3]
				},
				4,
				5,
				6,
				7,
				8,
				9,
				10,
				11,
				12,
				13,
				14,
				15,
				16,
				17,
				18,
				19,
				20
			]
		}
	]
}