{
	"format_version": "1.21.6",
	"credit": "Made with Blockbench",
	"texture_size": [64, 64],
	"textures": {
		"0": "block/winter_beanie_hat_texture",
		"particle": "block/winter_beanie_hat_texture"
	},
	"elements": [
		{
			"from": [3.75, 7, 3.75],
			"to": [3.75, 9, 12.25],
			"rotation": {"angle": 0, "axis": "y", "origin": [6, 6, 2.75]},
			"faces": {
				"north": {"uv": [5, 3.75, 5, 4.25], "texture": "#0"},
				"east": {"uv": [7.5, 4.75, 9.75, 5.25], "texture": "#0"},
				"south": {"uv": [1.5, 9, 1.5, 9.5], "texture": "#0"},
				"west": {"uv": [7.5, 5.5, 9.75, 6], "texture": "#0"},
				"up": {"uv": [1.75, 11.25, 1.75, 9], "texture": "#0"},
				"down": {"uv": [2, 9, 2, 11.25], "texture": "#0"}
			}
		},
		{
			"from": [3.75, 6, 3.75],
			"to": [12.25, 10, 3.75],
			"rotation": {"angle": 0, "axis": "y", "origin": [10, 6, 2.75]},
			"faces": {
				"north": {"uv": [2.75, 4.5, 5, 5.5], "texture": "#0"},
				"east": {"uv": [2.25, 9, 2.25, 10], "texture": "#0"},
				"south": {"uv": [5, 0, 7.25, 1], "texture": "#0"},
				"west": {"uv": [2.5, 9, 2.5, 10], "texture": "#0"},
				"up": {"uv": [5, 5.75, 2.75, 5.75], "texture": "#0"},
				"down": {"uv": [5, 6, 2.75, 6], "texture": "#0"}
			}
		},
		{
			"from": [12.25, 7, 3.75],
			"to": [12.25, 9, 12.25],
			"rotation": {"angle": 0, "axis": "y", "origin": [10, 6, 2.75]},
			"faces": {
				"north": {"uv": [2.75, 9, 2.75, 9.5], "texture": "#0"},
				"east": {"uv": [0, 8.25, 2.25, 8.75], "texture": "#0"},
				"south": {"uv": [3, 9, 3, 9.5], "texture": "#0"},
				"west": {"uv": [2.5, 8.25, 4.75, 8.75], "texture": "#0"},
				"up": {"uv": [3.25, 11.25, 3.25, 9], "texture": "#0"},
				"down": {"uv": [3.5, 9, 3.5, 11.25], "texture": "#0"}
			}
		},
		{
			"from": [3.75, 7, 12.25],
			"to": [12.25, 9, 12.25],
			"rotation": {"angle": 0, "axis": "y", "origin": [10, 6, 13.25]},
			"faces": {
				"north": {"uv": [5, 8.25, 7.25, 8.75], "texture": "#0"},
				"east": {"uv": [3.75, 9, 3.75, 9.5], "texture": "#0"},
				"south": {"uv": [8.25, 6.25, 10.5, 6.75], "texture": "#0"},
				"west": {"uv": [4, 9, 4, 9.5], "texture": "#0"},
				"up": {"uv": [9.75, 0.75, 7.5, 0.75], "texture": "#0"},
				"down": {"uv": [9.75, 1, 7.5, 1], "texture": "#0"}
			}
		},
		{
			"from": [13.25, 1, 2.75],
			"to": [13.25, 4, 13.25],
			"rotation": {"angle": 0, "axis": "y", "origin": [3.25, 3, 4]},
			"faces": {
				"north": {"uv": [4.25, 9, 4.25, 9.75], "texture": "#0"},
				"east": {"uv": [0, 5.5, 2.5, 6.25], "texture": "#0"},
				"south": {"uv": [4.5, 9, 4.5, 9.75], "texture": "#0"},
				"west": {"uv": [2.75, 6.25, 5.25, 7], "texture": "#0"},
				"up": {"uv": [4.75, 11.5, 4.75, 9], "texture": "#0"},
				"down": {"uv": [5, 9, 5, 11.5], "texture": "#0"}
			}
		},
		{
			"from": [2.75, 1, 2.75],
			"to": [13.25, 4, 2.75],
			"rotation": {"angle": 0, "axis": "y", "origin": [13, 3, 3.75]},
			"faces": {
				"north": {"uv": [5.5, 6.25, 8, 7], "texture": "#0"},
				"east": {"uv": [5.25, 9, 5.25, 9.75], "texture": "#0"},
				"south": {"uv": [0, 6.5, 2.5, 7.25], "texture": "#0"},
				"west": {"uv": [5.5, 9, 5.5, 9.75], "texture": "#0"},
				"up": {"uv": [11.5, 7, 9, 7], "texture": "#0"},
				"down": {"uv": [11.5, 7.25, 9, 7.25], "texture": "#0"}
			}
		},
		{
			"from": [2.75, 1, 13.25],
			"to": [13.25, 4, 13.25],
			"rotation": {"angle": 0, "axis": "y", "origin": [13, 3, 12.25]},
			"faces": {
				"north": {"uv": [7.25, 1.25, 9.75, 2], "texture": "#0"},
				"east": {"uv": [5.75, 9, 5.75, 9.75], "texture": "#0"},
				"south": {"uv": [7.25, 2.25, 9.75, 3], "texture": "#0"},
				"west": {"uv": [6, 9, 6, 9.75], "texture": "#0"},
				"up": {"uv": [11.5, 7.5, 9, 7.5], "texture": "#0"},
				"down": {"uv": [11.5, 7.75, 9, 7.75], "texture": "#0"}
			}
		},
		{
			"from": [2.75, 1, 2.75],
			"to": [2.75, 4, 13.25],
			"rotation": {"angle": 0, "axis": "y", "origin": [12.75, 3, 4]},
			"faces": {
				"north": {"uv": [6.25, 9, 6.25, 9.75], "texture": "#0"},
				"east": {"uv": [2.75, 7.25, 5.25, 8], "texture": "#0"},
				"south": {"uv": [6.5, 9, 6.5, 9.75], "texture": "#0"},
				"west": {"uv": [5.5, 7.25, 8, 8], "texture": "#0"},
				"up": {"uv": [6.75, 11.5, 6.75, 9], "texture": "#0"},
				"down": {"uv": [7, 9, 7, 11.5], "texture": "#0"}
			}
		},
		{
			"from": [2.75, 4, 2.75],
			"to": [13.25, 6.25, 13.25],
			"rotation": {"angle": 0, "axis": "y", "origin": [2, 4, 3]},
			"faces": {
				"north": {"uv": [10.25, 0, 12.75, 0.5], "texture": "#0"},
				"east": {"uv": [10, 1.25, 12.5, 1.75], "texture": "#0"},
				"south": {"uv": [10, 2.25, 12.5, 2.75], "texture": "#0"},
				"west": {"uv": [10.25, 3.25, 12.75, 3.75], "texture": "#0"},
				"up": {"uv": [9, 7, 11.5, 9.5], "texture": "#0"},
				"down": {"uv": [1.5, 9, 4, 11.5], "texture": "#0"}
			}
		},
		{
			"from": [3, 4, 3],
			"to": [13, 6, 13],
			"rotation": {"angle": 0, "axis": "y", "origin": [3, 5, 4]},
			"faces": {
				"north": {"uv": [0, 7.5, 2.5, 8], "texture": "#0"},
				"east": {"uv": [7.5, 0, 10, 0.5], "texture": "#0"},
				"south": {"uv": [7.5, 3.25, 10, 3.75], "texture": "#0"},
				"west": {"uv": [7.5, 4, 10, 4.5], "texture": "#0"},
				"up": {"uv": [2.5, 2.5, 0, 0], "texture": "#0"},
				"down": {"uv": [2.5, 2.75, 0, 5.25], "texture": "#0"}
			}
		},
		{
			"from": [4, 6, 4],
			"to": [12, 10, 12],
			"rotation": {"angle": 0, "axis": "y", "origin": [3, 7, 4]},
			"faces": {
				"north": {"uv": [5, 1.25, 7, 2.25], "texture": "#0"},
				"east": {"uv": [5, 2.5, 7, 3.5], "texture": "#0"},
				"south": {"uv": [5.25, 3.75, 7.25, 4.75], "texture": "#0"},
				"west": {"uv": [5.25, 5, 7.25, 6], "texture": "#0"},
				"up": {"uv": [4.75, 2, 2.75, 0], "texture": "#0"},
				"down": {"uv": [4.75, 2.25, 2.75, 4.25], "texture": "#0"}
			}
		},
		{
			"from": [7, 10, 7],
			"to": [9, 12, 9],
			"rotation": {"angle": 0, "axis": "y", "origin": [3, 11, 4]},
			"faces": {
				"north": {"uv": [8.25, 7, 8.75, 7.5], "texture": "#0"},
				"east": {"uv": [7.5, 8.25, 8, 8.75], "texture": "#0"},
				"south": {"uv": [8.25, 7.75, 8.75, 8.25], "texture": "#0"},
				"west": {"uv": [8.25, 8.5, 8.75, 9], "texture": "#0"},
				"up": {"uv": [0.5, 9.5, 0, 9], "texture": "#0"},
				"down": {"uv": [1.25, 9, 0.75, 9.5], "texture": "#0"}
			}
		}
	],
	"gui_light": "front",
	"display": {
		"thirdperson_righthand": {
			"rotation": [44, 0, 0],
			"translation": [0, -0.5, -2.25]
		},
		"thirdperson_lefthand": {
			"rotation": [44, 0, 0],
			"translation": [0, -0.5, -2.25]
		},
		"firstperson_righthand": {
			"rotation": [-1, 139, 0],
			"translation": [0.25, 2.25, 0],
			"scale": [0.8, 0.8, 0.8]
		},
		"firstperson_lefthand": {
			"rotation": [-1, 139, 0],
			"translation": [0.25, 2.25, 0],
			"scale": [0.8, 0.8, 0.8]
		},
		"ground": {
			"translation": [0, 4, 0],
			"scale": [0.9, 0.9, 0.9]
		},
		"gui": {
			"rotation": [20, 174, 0],
			"translation": [0, 2, 0],
			"scale": [1.15, 1.15, 1.15]
		},
		"head": {
			"translation": [0, 8.25, 0],
			"scale": [1.85, 1.85, 1.85]
		},
		"fixed": {
			"rotation": [-90, 0, 0],
			"translation": [0, 0, -8],
			"scale": [2, 2, 2]
		}
	},
	"groups": [
		{
			"name": "winter_beanie_hat",
			"origin": [6, 6, 2.75],
			"color": 0,
			"children": [
				{
					"name": "goggles",
					"origin": [10, 6, 13.25],
					"color": 0,
					"children": [0, 1, 2, 3]
				},
				{
					"name": "ice_anim",
					"origin": [13, 3, 4],
					"color": 0,
					"children": [4, 5, 6, 7, 8]
				},
				{
					"name": "hat",
					"origin": [3, 11, 4],
					"color": 0,
					"children": [9, 10, 11]
				}
			]
		}
	]
}